sk_candidatura,sk_candidato,sk_cargo,sk_estado,sk_partido,ano_eleicao,turno,situacao_candidatura
1,1,8,20,27,2026,1,#NE
2,2,8,20,19,2026,1,#NE
3,3,8,20,19,2026,1,#NE
4,4,10,8,20,2026,1,#NE
5,5,5,22,14,2026,1,#NE
6,6,5,22,14,2026,1,#NE
7,7,3,20,20,2026,1,#NE
8,8,9,20,27,2026,1,#NE
9,9,9,3,11,2026,1,#NE
10,10,7,7,12,2026,1,#NE
11,11,9,20,25,2026,1,#NE
12,12,6,22,14,2026,1,#NE
13,13,3,21,4,2026,1,#NE
14,14,5,22,19,2026,1,#NE
15,15,8,16,14,2026,1,#NE
16,16,8,8,15,2026,1,#NE
17,17,8,19,27,2026,1,#NE
18,18,8,19,15,2026,1,#NE
19,19,9,19,13,2026,1,#NE
20,20,8,4,20,2026,1,#NE
21,21,7,20,15,2026,1,#NE
22,22,6,21,22,2026,1,#NE
23,23,6,22,19,2026,1,#NE
24,24,9,17,15,2026,1,#NE
25,25,5,27,16,2026,1,#NE
26,26,5,27,9,2026,1,#NE
27,27,8,20,4,2026,1,#NE
28,28,8,10,21,2026,1,#NE
29,29,8,10,27,2026,1,#NE
30,30,8,10,27,2026,1,#NE
31,31,8,26,1,2026,1,#NE
32,32,8,26,15,2026,1,#NE
33,33,9,27,4,2026,1,#NE
34,34,9,27,4,2026,1,#NE
35,35,9,27,4,2026,1,#NE
36,36,9,27,4,2026,1,#NE
37,37,9,27,4,2026,1,#NE
38,38,9,27,4,2026,1,#NE
39,39,9,27,4,2026,1,#NE
40,40,9,27,4,2026,1,#NE
41,41,9,27,4,2026,1,#NE
42,42,9,27,4,2026,1,#NE
43,43,9,27,4,2026,1,#NE
44,44,9,27,29,2026,1,#NE
45,45,9,27,29,2026,1,#NE
46,46,9,27,29,2026,1,#NE
47,47,9,27,16,2026,1,#NE
48,48,9,27,4,2026,1,#NE
49,49,9,27,29,2026,1,#NE
50,50,9,27,16,2026,1,#NE
51,51,9,27,16,2026,1,#NE
52,52,9,27,29,2026,1,#NE
53,53,9,27,8,2026,1,#NE
54,54,9,27,8,2026,1,#NE
55,55,9,27,8,2026,1,#NE
56,56,9,27,8,2026,1,#NE
57,57,9,27,24,2026,1,#NE
58,58,9,27,24,2026,1,#NE
59,59,9,27,24,2026,1,#NE
60,60,9,27,24,2026,1,#NE
61,61,9,27,24,2026,1,#NE
62,62,9,27,25,2026,1,#NE
63,63,9,27,24,2026,1,#NE
64,64,9,27,24,2026,1,#NE
65,65,9,27,24,2026,1,#NE
66,66,9,27,24,2026,1,#NE
67,67,9,27,24,2026,1,#NE
68,68,9,27,24,2026,1,#NE
69,69,9,27,7,2026,1,#NE
70,70,9,27,7,2026,1,#NE
71,71,9,27,7,2026,1,#NE
72,72,9,27,7,2026,1,#NE
73,73,9,27,7,2026,1,#NE
74,74,9,27,7,2026,1,#NE
75,75,9,27,7,2026,1,#NE
76,76,9,27,7,2026,1,#NE
77,77,9,27,13,2026,1,#NE
78,78,9,27,13,2026,1,#NE
79,79,9,27,13,2026,1,#NE
80,80,9,27,13,2026,1,#NE
81,81,9,27,13,2026,1,#NE
82,82,9,27,13,2026,1,#NE
83,83,9,27,13,2026,1,#NE
84,84,9,27,22,2026,1,#NE
85,85,9,27,22,2026,1,#NE
86,86,9,27,26,2026,1,#NE
87,87,9,27,22,2026,1,#NE
88,88,9,27,22,2026,1,#NE
89,89,9,27,22,2026,1,#NE
90,90,9,27,22,2026,1,#NE
91,91,9,27,22,2026,1,#NE
92,92,9,27,22,2026,1,#NE
93,93,9,27,15,2026,1,#NE
94,94,9,27,15,2026,1,#NE
95,95,9,27,15,2026,1,#NE
96,96,9,27,15,2026,1,#NE
97,97,9,27,15,2026,1,#NE
98,98,9,27,15,2026,1,#NE
99,99,9,27,27,2026,1,#NE
100,100,9,27,27,2026,1,#NE
101,101,9,27,27,2026,1,#NE
102,102,9,27,1,2026,1,#NE
103,103,9,27,27,2026,1,#NE
104,104,9,27,1,2026,1,#NE
105,105,9,27,1,2026,1,#NE
106,106,9,27,1,2026,1,#NE
107,107,9,27,1,2026,1,#NE
108,108,9,27,27,2026,1,#NE
109,109,9,27,1,2026,1,#NE
110,110,9,27,27,2026,1,#NE
111,111,9,27,27,2026,1,#NE
112,112,9,27,27,2026,1,#NE
113,113,9,27,6,2026,1,#NE
114,114,9,27,6,2026,1,#NE
115,115,9,27,6,2026,1,#NE
116,116,9,27,6,2026,1,#NE
117,117,9,27,6,2026,1,#NE
118,118,9,27,6,2026,1,#NE
119,119,9,27,6,2026,1,#NE
120,120,9,27,6,2026,1,#NE
121,121,9,27,6,2026,1,#NE
122,122,9,27,6,2026,1,#NE
123,123,9,27,6,2026,1,#NE
124,124,9,27,6,2026,1,#NE
125,125,9,27,6,2026,1,#NE
126,126,9,27,6,2026,1,#NE
127,127,9,27,6,2026,1,#NE
128,128,9,27,17,2026,1,#NE
129,129,9,27,17,2026,1,#NE
130,130,9,27,28,2026,1,#NE
131,131,9,27,5,2026,1,#NE
132,132,9,27,28,2026,1,#NE
133,133,9,27,17,2026,1,#NE
134,134,9,27,28,2026,1,#NE
135,135,9,27,17,2026,1,#NE
136,136,9,27,28,2026,1,#NE
137,137,9,27,28,2026,1,#NE
138,138,9,27,17,2026,1,#NE
139,139,9,27,28,2026,1,#NE
140,140,9,27,17,2026,1,#NE
141,141,9,27,9,2026,1,#NE
142,142,9,27,9,2026,1,#NE
143,143,9,27,9,2026,1,#NE
144,144,9,27,9,2026,1,#NE
145,145,9,27,9,2026,1,#NE
146,146,9,27,9,2026,1,#NE
147,147,9,27,9,2026,1,#NE
148,148,9,27,9,2026,1,#NE
149,149,9,27,9,2026,1,#NE
150,150,9,27,9,2026,1,#NE
151,151,9,27,9,2026,1,#NE
152,152,9,27,9,2026,1,#NE
153,153,9,27,9,2026,1,#NE
154,154,9,27,2,2026,1,#NE
155,155,9,27,2,2026,1,#NE
156,156,9,27,2,2026,1,#NE
157,157,9,27,2,2026,1,#NE
158,158,8,20,15,2026,1,#NE
159,159,8,20,27,2026,1,#NE
160,160,9,27,2,2026,1,#NE
161,161,9,27,20,2026,1,#NE
162,162,9,27,20,2026,1,#NE
163,163,9,27,20,2026,1,#NE
164,164,9,27,20,2026,1,#NE
165,165,9,27,20,2026,1,#NE
166,166,9,27,20,2026,1,#NE
167,167,9,27,20,2026,1,#NE
168,168,9,27,20,2026,1,#NE
169,169,9,27,20,2026,1,#NE
170,170,9,27,20,2026,1,#NE
171,171,9,27,20,2026,1,#NE
172,172,9,27,20,2026,1,#NE
173,173,9,27,20,2026,1,#NE
174,174,9,27,20,2026,1,#NE
175,175,9,27,21,2026,1,#NE
176,176,9,27,21,2026,1,#NE
177,177,9,27,21,2026,1,#NE
178,178,9,27,21,2026,1,#NE
179,179,9,27,3,2026,1,#NE
180,180,9,27,21,2026,1,#NE
181,181,9,27,21,2026,1,#NE
182,182,9,27,21,2026,1,#NE
183,183,9,27,21,2026,1,#NE
184,184,9,27,30,2026,1,#NE
185,185,9,27,14,2026,1,#NE
186,186,9,27,14,2026,1,#NE
187,187,9,27,14,2026,1,#NE
188,188,9,27,14,2026,1,#NE
189,189,9,27,14,2026,1,#NE
190,190,9,27,14,2026,1,#NE
191,191,9,27,14,2026,1,#NE
192,192,9,27,14,2026,1,#NE
193,193,9,27,14,2026,1,#NE
194,194,9,27,19,2026,1,#NE
195,195,9,27,19,2026,1,#NE
196,196,9,27,19,2026,1,#NE
197,197,9,27,19,2026,1,#NE
198,198,9,27,19,2026,1,#NE
199,199,9,27,19,2026,1,#NE
200,200,9,27,19,2026,1,#NE
201,201,9,27,19,2026,1,#NE
202,202,9,27,19,2026,1,#NE
203,203,9,27,19,2026,1,#NE
204,204,9,27,19,2026,1,#NE
205,205,9,27,19,2026,1,#NE
206,206,9,27,19,2026,1,#NE
207,207,8,3,30,2026,1,#NE
208,208,8,12,20,2026,1,#NE
209,209,8,20,20,2026,1,#NE
210,210,8,5,22,2026,1,#NE
211,211,8,5,14,2026,1,#NE
212,212,8,5,1,2026,1,#NE
213,213,8,5,9,2026,1,#NE
214,214,8,5,4,2026,1,#NE
215,215,8,5,4,2026,1,#NE
216,216,8,27,9,2026,1,#NE
217,217,8,27,9,2026,1,#NE
218,218,8,27,9,2026,1,#NE
219,219,8,27,9,2026,1,#NE
220,220,8,27,9,2026,1,#NE
221,221,8,27,9,2026,1,#NE
222,222,8,27,9,2026,1,#NE
223,223,8,27,9,2026,1,#NE
224,224,8,27,5,2026,1,#NE
225,225,8,22,14,2026,1,#NE
226,226,9,10,21,2026,1,#NE
227,227,8,27,5,2026,1,#NE
228,228,8,27,5,2026,1,#NE
229,229,8,27,5,2026,1,#NE
230,230,8,27,5,2026,1,#NE
231,231,8,27,21,2026,1,#NE
232,232,8,27,3,2026,1,#NE
233,233,8,27,21,2026,1,#NE
234,234,8,27,21,2026,1,#NE
235,235,8,27,21,2026,1,#NE
236,236,8,27,13,2026,1,#NE
237,237,8,27,13,2026,1,#NE
238,238,8,27,13,2026,1,#NE
239,239,8,27,13,2026,1,#NE
240,240,8,27,13,2026,1,#NE
241,241,8,27,13,2026,1,#NE
242,242,8,27,13,2026,1,#NE
243,243,8,27,23,2026,1,#NE
244,244,8,27,24,2026,1,#NE
245,245,8,27,24,2026,1,#NE
246,246,8,27,24,2026,1,#NE
247,247,8,27,19,2026,1,#NE
248,248,8,27,19,2026,1,#NE
249,249,8,27,19,2026,1,#NE
250,250,8,27,19,2026,1,#NE
251,251,8,27,19,2026,1,#NE
252,252,8,27,19,2026,1,#NE
253,253,8,27,19,2026,1,#NE
254,254,8,27,6,2026,1,#NE
255,255,8,27,6,2026,1,#NE
256,256,8,27,6,2026,1,#NE
257,257,8,27,6,2026,1,#NE
258,258,8,27,6,2026,1,#NE
259,259,8,27,6,2026,1,#NE
260,260,8,27,6,2026,1,#NE
261,261,8,27,6,2026,1,#NE
262,262,8,27,6,2026,1,#NE
263,263,8,27,6,2026,1,#NE
264,264,8,27,6,2026,1,#NE
265,265,8,27,6,2026,1,#NE
266,266,8,27,27,2026,1,#NE
267,267,8,27,27,2026,1,#NE
268,268,8,27,27,2026,1,#NE
269,269,8,27,27,2026,1,#NE
270,270,8,27,27,2026,1,#NE
271,271,8,27,27,2026,1,#NE
272,272,8,27,27,2026,1,#NE
273,273,8,27,27,2026,1,#NE
274,274,8,27,27,2026,1,#NE
275,275,8,27,22,2026,1,#NE
276,276,8,27,22,2026,1,#NE
277,277,8,27,22,2026,1,#NE
278,278,8,27,26,2026,1,#NE
279,279,8,27,22,2026,1,#NE
280,280,8,27,22,2026,1,#NE
281,281,8,27,22,2026,1,#NE
282,282,8,27,22,2026,1,#NE
283,283,8,27,22,2026,1,#NE
284,284,8,27,26,2026,1,#NE
285,285,8,12,2,2026,1,#NE
286,286,8,12,14,2026,1,#NE
287,287,8,27,7,2026,1,#NE
288,288,8,27,7,2026,1,#NE
289,289,8,27,7,2026,1,#NE
290,290,8,27,7,2026,1,#NE
291,291,3,8,30,2026,1,#NE
292,292,3,13,12,2026,1,#NE
293,293,5,8,24,2026,1,#NE
294,294,8,25,22,2026,1,#NE
295,295,8,25,22,2026,1,#NE
296,296,8,20,7,2026,1,#NE
297,297,3,13,9,2026,1,#NE
298,298,8,27,2,2026,1,#NE
299,299,5,25,6,2026,1,#NE
300,300,8,10,21,2026,1,#NE
301,301,9,10,24,2026,1,#NE
302,302,8,10,21,2026,1,#NE
303,303,8,10,21,2026,1,#NE
304,304,8,10,21,2026,1,#NE
305,305,8,10,21,2026,1,#NE
306,306,8,27,2,2026,1,#NE
307,307,8,27,15,2026,1,#NE
308,308,8,27,15,2026,1,#NE
309,309,8,3,19,2026,1,#NE
310,310,8,3,19,2026,1,#NE
311,311,8,10,6,2026,1,#NE
312,312,8,27,15,2026,1,#NE
313,313,8,27,15,2026,1,#NE
314,314,8,25,15,2026,1,#NE
315,315,8,27,15,2026,1,#NE
316,316,8,27,15,2026,1,#NE
317,317,8,27,15,2026,1,#NE
318,318,8,27,15,2026,1,#NE
319,319,8,27,15,2026,1,#NE
320,320,8,27,4,2026,1,#NE
321,321,8,25,4,2026,1,#NE
322,322,8,27,4,2026,1,#NE
323,323,8,27,4,2026,1,#NE
324,324,8,27,4,2026,1,#NE
325,325,8,20,8,2026,1,#NE
326,326,8,27,4,2026,1,#NE
327,327,8,3,13,2026,1,#NE
328,328,8,27,4,2026,1,#NE
329,329,8,27,4,2026,1,#NE
330,330,8,10,15,2026,1,#NE
331,331,8,27,4,2026,1,#NE
332,332,8,27,4,2026,1,#NE
333,333,8,25,4,2026,1,#NE
334,334,8,25,17,2026,1,#NE
335,335,8,20,8,2026,1,#NE
336,336,8,27,4,2026,1,#NE
337,337,8,27,4,2026,1,#NE
338,338,8,27,20,2026,1,#NE
339,339,8,27,28,2026,1,#NE
340,340,8,20,8,2026,1,#NE
341,341,8,27,20,2026,1,#NE
342,342,8,27,20,2026,1,#NE
343,343,8,20,29,2026,1,#NE
344,344,8,20,16,2026,1,#NE
345,345,8,10,16,2026,1,#NE
346,346,8,10,16,2026,1,#NE
347,347,8,10,29,2026,1,#NE
348,348,8,27,20,2026,1,#NE
349,349,8,27,28,2026,1,#NE
350,350,8,20,16,2026,1,#NE
351,351,8,20,16,2026,1,#NE
352,352,8,20,29,2026,1,#NE
353,353,8,20,16,2026,1,#NE
354,354,8,10,19,2026,1,#NE
355,355,8,27,17,2026,1,#NE
356,356,8,27,17,2026,1,#NE
357,357,8,27,28,2026,1,#NE
358,358,8,10,19,2026,1,#NE
359,359,8,27,20,2026,1,#NE
360,360,8,10,19,2026,1,#NE
361,361,8,10,14,2026,1,#NE
362,362,8,27,20,2026,1,#NE
363,363,8,27,20,2026,1,#NE
364,364,8,27,20,2026,1,#NE
365,365,8,10,14,2026,1,#NE
366,366,8,20,4,2026,1,#NE
367,367,8,27,20,2026,1,#NE
368,368,8,27,20,2026,1,#NE
369,369,8,27,20,2026,1,#NE
370,370,8,20,4,2026,1,#NE
371,371,8,20,4,2026,1,#NE
372,372,8,20,4,2026,1,#NE
373,373,8,27,20,2026,1,#NE
374,374,8,3,4,2026,1,#NE
375,375,8,3,4,2026,1,#NE
376,376,8,10,14,2026,1,#NE
377,377,8,10,14,2026,1,#NE
378,378,8,25,17,2026,1,#NE
379,379,8,20,4,2026,1,#NE
380,380,8,20,14,2026,1,#NE
381,381,8,20,14,2026,1,#NE
382,382,8,20,14,2026,1,#NE
383,383,8,3,2,2026,1,#NE
384,384,8,3,2,2026,1,#NE
385,385,8,3,2,2026,1,#NE
386,386,8,3,29,2026,1,#NE
387,387,8,10,11,2026,1,#NE
388,388,8,10,13,2026,1,#NE
389,389,8,25,9,2026,1,#NE
390,390,8,25,12,2026,1,#NE
391,391,8,20,14,2026,1,#NE
392,392,8,10,13,2026,1,#NE
393,393,8,10,13,2026,1,#NE
394,394,8,3,9,2026,1,#NE
395,395,8,27,14,2026,1,#NE
396,396,8,27,14,2026,1,#NE
397,397,8,3,20,2026,1,#NE
398,398,8,27,14,2026,1,#NE
399,399,8,27,14,2026,1,#NE
400,400,8,10,9,2026,1,#NE
401,401,8,10,9,2026,1,#NE
402,402,8,25,24,2026,1,#NE
403,403,8,25,24,2026,1,#NE
404,404,8,20,14,2026,1,#NE
405,405,8,20,22,2026,1,#NE
406,406,8,20,22,2026,1,#NE
407,407,8,27,1,2026,1,#NE
408,408,8,27,1,2026,1,#NE
409,409,8,20,22,2026,1,#NE
410,410,8,3,20,2026,1,#NE
411,411,8,27,1,2026,1,#NE
412,412,8,27,1,2026,1,#NE
413,413,8,10,28,2026,1,#NE
414,414,8,27,1,2026,1,#NE
415,415,8,27,12,2026,1,#NE
416,416,8,20,22,2026,1,#NE
417,417,8,27,16,2026,1,#NE
418,418,8,27,16,2026,1,#NE
419,419,8,27,29,2026,1,#NE
420,420,8,10,7,2026,1,#NE
421,421,8,27,29,2026,1,#NE
422,422,8,10,4,2026,1,#NE
423,423,8,27,16,2026,1,#NE
424,424,9,5,29,2026,1,#NE
425,425,9,22,17,2026,1,#NE
426,426,9,22,8,2026,1,#NE
427,427,9,10,6,2026,1,#NE
428,428,9,10,14,2026,1,#NE
429,429,8,20,21,2026,1,#NE
430,430,8,20,21,2026,1,#NE
431,431,9,10,19,2026,1,#NE
432,432,9,12,11,2026,1,#NE
433,433,8,10,26,2026,1,#NE
434,434,8,12,27,2026,1,#NE
435,435,8,10,27,2026,1,#NE
436,436,8,20,12,2026,1,#NE
437,437,8,20,6,2026,1,#NE
438,438,9,18,22,2026,1,#NE
439,439,9,18,2,2026,1,#NE
440,440,8,20,6,2026,1,#NE
441,441,8,10,27,2026,1,#NE
442,442,8,7,6,2026,1,#NE
443,443,8,7,9,2026,1,#NE
444,444,8,7,15,2026,1,#NE
445,445,8,25,2,2026,1,#NE
446,446,9,12,26,2026,1,#NE
447,447,9,12,26,2026,1,#NE
448,448,8,20,6,2026,1,#NE
449,449,8,20,6,2026,1,#NE
450,450,8,21,21,2026,1,#NE
451,451,8,3,6,2026,1,#NE
452,452,8,26,14,2026,1,#NE
453,453,8,26,14,2026,1,#NE
454,454,8,26,19,2026,1,#NE
455,455,8,26,19,2026,1,#NE
456,456,8,26,19,2026,1,#NE
457,457,9,23,15,2026,1,#NE
458,458,9,23,15,2026,1,#NE
459,459,8,25,2,2026,1,#NE
460,460,8,25,7,2026,1,#NE
461,461,8,25,7,2026,1,#NE
462,462,10,8,17,2026,1,#NE
463,463,10,8,6,2026,1,#NE
464,464,8,1,28,2026,1,#NE
465,465,8,20,5,2026,1,#NE
466,466,9,12,15,2026,1,#NE
467,467,9,12,2,2026,1,#NE
468,468,9,12,2,2026,1,#NE
469,469,9,12,8,2026,1,#NE
470,470,8,1,19,2026,1,#NE
471,471,8,1,5,2026,1,#NE
472,472,8,1,9,2026,1,#NE
473,473,8,12,19,2026,1,#NE
474,474,8,15,28,2026,1,#NE
475,475,9,25,17,2026,1,#NE
476,476,8,26,9,2026,1,#NE
477,477,8,26,11,2026,1,#NE
478,478,8,24,6,2026,1,#NE
479,479,8,24,2,2026,1,#NE
480,480,9,15,13,2026,1,#NE
481,481,9,15,15,2026,1,#NE
482,482,8,13,1,2026,1,#NE
483,483,9,14,1,2026,1,#NE
484,484,9,14,1,2026,1,#NE
485,485,8,16,2,2026,1,#NE
486,486,8,25,27,2026,1,#NE
487,487,8,16,20,2026,1,#NE
488,488,8,11,6,2026,1,#NE
489,489,8,11,29,2026,1,#NE
490,490,8,20,5,2026,1,#NE
491,491,8,20,5,2026,1,#NE
492,492,9,15,4,2026,1,#NE
493,493,8,12,19,2026,1,#NE
494,494,9,20,21,2026,1,#NE
495,495,9,26,14,2026,1,#NE
496,496,9,26,19,2026,1,#NE
497,497,5,18,2,2026,1,#NE
498,498,3,18,2,2026,1,#NE
499,499,8,20,5,2026,1,#NE
500,500,3,27,30,2026,1,#NE
501,501,3,27,10,2026,1,#NE
502,502,9,3,14,2026,1,#NE
503,503,9,16,26,2026,1,#NE
504,504,9,16,6,2026,1,#NE
505,505,9,16,19,2026,1,#NE
506,506,9,16,13,2026,1,#NE
507,507,9,28,17,2026,1,#NE
508,508,8,26,13,2026,1,#NE
509,509,8,20,5,2026,1,#NE
510,510,9,3,14,2026,1,#NE
511,511,9,3,11,2026,1,#NE
512,512,8,20,15,2026,1,#NE
513,513,9,3,9,2026,1,#NE
514,514,8,8,20,2026,1,#NE
515,515,8,19,21,2026,1,#NE
516,516,8,20,15,2026,1,#NE
517,517,8,20,15,2026,1,#NE
518,518,8,19,5,2026,1,#NE
519,519,8,26,20,2026,1,#NE
520,520,8,26,2,2026,1,#NE
521,521,8,26,2,2026,1,#NE
522,522,9,20,8,2026,1,#NE
523,523,8,25,13,2026,1,#NE
524,524,8,25,13,2026,1,#NE
525,525,9,19,22,2026,1,#NE
526,526,9,19,28,2026,1,#NE
527,527,9,19,7,2026,1,#NE
528,528,8,20,15,2026,1,#NE
529,529,8,19,22,2026,1,#NE
530,530,8,12,19,2026,1,#NE
531,531,8,12,19,2026,1,#NE
532,532,8,12,19,2026,1,#NE
533,533,8,26,4,2026,1,#NE
534,534,9,19,5,2026,1,#NE
535,535,3,15,23,2026,1,#NE
536,536,8,23,22,2026,1,#NE
537,537,6,23,9,2026,1,#NE
538,538,4,7,9,2026,1,#NE
539,539,8,26,4,2026,1,#NE
540,540,8,26,6,2026,1,#NE
541,541,8,26,7,2026,1,#NE
542,542,8,25,16,2026,1,#NE
543,543,7,2,13,2026,1,#NE
544,544,8,4,4,2026,1,#NE
545,545,8,4,4,2026,1,#NE
546,546,8,25,29,2026,1,#NE
547,547,8,25,16,2026,1,#NE
548,548,8,23,22,2026,1,#NE
549,549,8,20,27,2026,1,#NE
550,550,8,20,27,2026,1,#NE
551,551,8,26,7,2026,1,#NE
552,552,7,14,6,2026,1,#NE
553,553,8,26,7,2026,1,#NE
554,554,8,26,21,2026,1,#NE
555,555,8,26,3,2026,1,#NE
556,556,6,27,3,2026,1,#NE
557,557,6,27,27,2026,1,#NE
558,558,6,27,12,2026,1,#NE
559,559,6,27,24,2026,1,#NE
560,560,6,27,22,2026,1,#NE
561,561,8,20,27,2026,1,#NE
562,562,6,27,9,2026,1,#NE
563,563,6,27,9,2026,1,#NE
564,564,6,12,13,2026,1,#NE
565,565,8,12,6,2026,1,#NE
566,566,8,12,6,2026,1,#NE
567,567,8,12,6,2026,1,#NE
568,568,7,12,13,2026,1,#NE
569,569,7,15,15,2026,1,#NE
570,570,9,20,13,2026,1,#NE
571,571,8,5,28,2026,1,#NE
572,572,8,5,28,2026,1,#NE
573,573,9,5,22,2026,1,#NE
574,574,8,20,27,2026,1,#NE
575,575,8,20,27,2026,1,#NE
576,576,8,20,9,2026,1,#NE
577,577,8,12,6,2026,1,#NE
578,578,8,12,6,2026,1,#NE
579,579,8,5,17,2026,1,#NE
580,580,8,5,28,2026,1,#NE
581,581,8,20,9,2026,1,#NE
582,582,8,20,9,2026,1,#NE
583,583,8,20,9,2026,1,#NE
584,584,8,20,9,2026,1,#NE
585,585,8,20,9,2026,1,#NE
586,586,8,5,15,2026,1,#NE
587,587,9,5,22,2026,1,#NE
588,588,9,5,22,2026,1,#NE
589,589,9,5,22,2026,1,#NE
590,590,9,5,22,2026,1,#NE
591,591,8,20,9,2026,1,#NE
592,592,8,20,9,2026,1,#NE
593,593,8,20,9,2026,1,#NE
594,594,8,20,28,2026,1,#NE
595,595,8,20,17,2026,1,#NE
596,596,8,12,8,2026,1,#NE
597,597,9,20,5,2026,1,#NE
598,598,9,20,15,2026,1,#NE
599,599,9,5,22,2026,1,#NE
600,600,9,5,7,2026,1,#NE
601,601,9,5,8,2026,1,#NE
602,602,9,5,8,2026,1,#NE
603,603,8,20,28,2026,1,#NE
604,604,8,20,28,2026,1,#NE
605,605,5,12,13,2026,1,#NE
606,606,9,2,21,2026,1,#NE
607,607,9,2,28,2026,1,#NE
608,608,8,12,8,2026,1,#NE
609,609,9,9,27,2026,1,#NE
610,610,8,12,8,2026,1,#NE
611,611,8,17,21,2026,1,#NE
612,612,8,5,22,2026,1,#NE
613,613,8,5,22,2026,1,#NE
614,614,8,5,22,2026,1,#NE
615,615,8,5,26,2026,1,#NE
616,616,9,5,8,2026,1,#NE
617,617,8,17,11,2026,1,#NE
618,618,9,4,9,2026,1,#NE
619,619,9,5,8,2026,1,#NE
620,620,8,2,28,2026,1,#NE
621,621,8,20,28,2026,1,#NE
622,622,8,20,17,2026,1,#NE
623,623,9,7,26,2026,1,#NE
624,624,9,7,20,2026,1,#NE
625,625,9,7,21,2026,1,#NE
626,626,9,7,27,2026,1,#NE
627,627,9,1,1,2026,1,#NE
628,628,9,1,17,2026,1,#NE
629,629,9,5,8,2026,1,#NE
630,630,9,5,8,2026,1,#NE
631,631,9,5,8,2026,1,#NE
632,632,9,17,5,2026,1,#NE
633,633,9,17,5,2026,1,#NE
634,634,9,17,2,2026,1,#NE
635,635,8,20,17,2026,1,#NE
636,636,8,20,20,2026,1,#NE
637,637,8,5,27,2026,1,#NE
638,638,8,5,26,2026,1,#NE
639,639,9,17,27,2026,1,#NE
640,640,6,15,5,2026,1,#NE
641,641,6,28,5,2026,1,#NE
642,642,7,22,27,2026,1,#NE
643,643,8,5,26,2026,1,#NE
644,644,8,5,22,2026,1,#NE
645,645,8,20,20,2026,1,#NE
646,646,4,14,1,2026,1,#NE
647,647,8,20,20,2026,1,#NE
648,648,8,20,20,2026,1,#NE
649,649,6,22,19,2026,1,#NE
650,650,8,5,27,2026,1,#NE
651,651,8,5,27,2026,1,#NE
652,652,8,5,22,2026,1,#NE
653,653,8,20,20,2026,1,#NE
654,654,8,20,20,2026,1,#NE
655,655,8,20,20,2026,1,#NE
656,656,8,5,2,2026,1,#NE
657,657,8,5,2,2026,1,#NE
658,658,8,5,2,2026,1,#NE
659,659,8,5,2,2026,1,#NE
660,660,8,5,2,2026,1,#NE
661,661,8,5,2,2026,1,#NE
662,662,8,20,13,2026,1,#NE
663,663,8,20,13,2026,1,#NE
664,664,8,20,13,2026,1,#NE
665,665,8,12,9,2026,1,#NE
666,666,8,5,2,2026,1,#NE
667,667,8,5,6,2026,1,#NE
668,668,8,5,6,2026,1,#NE
669,669,8,5,6,2026,1,#NE
670,670,8,5,6,2026,1,#NE
671,671,9,5,8,2026,1,#NE
672,672,9,5,8,2026,1,#NE
673,673,8,20,13,2026,1,#NE
674,674,8,12,9,2026,1,#NE
675,675,8,12,9,2026,1,#NE
676,676,8,12,9,2026,1,#NE
677,677,8,12,9,2026,1,#NE
678,678,8,5,6,2026,1,#NE
679,679,8,5,6,2026,1,#NE
680,680,8,5,6,2026,1,#NE
681,681,9,5,1,2026,1,#NE
682,682,9,5,4,2026,1,#NE
683,683,8,20,24,2026,1,#NE
684,684,8,12,20,2026,1,#NE
685,685,8,12,20,2026,1,#NE
686,686,8,12,20,2026,1,#NE
687,687,8,5,6,2026,1,#NE
688,688,8,5,14,2026,1,#NE
689,689,8,5,14,2026,1,#NE
690,690,9,5,4,2026,1,#NE
691,691,9,5,4,2026,1,#NE
692,692,9,5,21,2026,1,#NE
693,693,8,20,25,2026,1,#NE
694,694,8,20,24,2026,1,#NE
695,695,8,20,25,2026,1,#NE
696,696,8,20,24,2026,1,#NE
697,697,8,20,24,2026,1,#NE
698,698,8,12,20,2026,1,#NE
699,699,8,5,14,2026,1,#NE
700,700,8,5,14,2026,1,#NE
701,701,8,5,14,2026,1,#NE
702,702,8,5,14,2026,1,#NE
703,703,9,5,21,2026,1,#NE
704,704,8,20,24,2026,1,#NE
705,705,8,12,2,2026,1,#NE
706,706,8,12,2,2026,1,#NE
707,707,8,12,2,2026,1,#NE
708,708,8,5,14,2026,1,#NE
709,709,8,5,1,2026,1,#NE
710,710,8,5,13,2026,1,#NE
711,711,8,20,25,2026,1,#NE
712,712,8,20,24,2026,1,#NE
713,713,8,20,2,2026,1,#NE
714,714,8,20,2,2026,1,#NE
715,715,8,20,2,2026,1,#NE
716,716,8,20,2,2026,1,#NE
717,717,8,5,13,2026,1,#NE
718,718,8,5,13,2026,1,#NE
719,719,8,20,2,2026,1,#NE
720,720,8,20,2,2026,1,#NE
721,721,8,20,2,2026,1,#NE
722,722,8,20,2,2026,1,#NE
723,723,8,20,2,2026,1,#NE
724,724,8,5,13,2026,1,#NE
725,725,8,5,13,2026,1,#NE
726,726,8,5,20,2026,1,#NE
727,727,9,5,21,2026,1,#NE
728,728,9,5,21,2026,1,#NE
729,729,9,5,21,2026,1,#NE
730,730,8,20,19,2026,1,#NE
731,731,8,12,2,2026,1,#NE
732,732,9,5,21,2026,1,#NE
733,733,9,5,21,2026,1,#NE
734,734,9,5,21,2026,1,#NE
735,735,8,20,19,2026,1,#NE
736,736,8,20,19,2026,1,#NE
737,737,8,20,19,2026,1,#NE
738,738,8,12,2,2026,1,#NE
739,739,8,12,2,2026,1,#NE
740,740,8,5,7,2026,1,#NE
741,741,8,20,19,2026,1,#NE
742,742,8,20,19,2026,1,#NE
743,743,8,20,19,2026,1,#NE
744,744,8,12,13,2026,1,#NE
745,745,8,5,7,2026,1,#NE
746,746,8,5,19,2026,1,#NE
747,747,9,5,21,2026,1,#NE
748,748,9,5,3,2026,1,#NE
749,749,9,5,21,2026,1,#NE
750,750,8,20,19,2026,1,#NE
751,751,8,12,13,2026,1,#NE
752,752,8,12,13,2026,1,#NE
753,753,8,5,19,2026,1,#NE
754,754,9,5,2,2026,1,#NE
755,755,9,5,2,2026,1,#NE
756,756,9,5,2,2026,1,#NE
757,757,8,22,27,2026,1,#NE
758,758,8,22,17,2026,1,#NE
759,759,8,22,17,2026,1,#NE
760,760,8,5,29,2026,1,#NE
761,761,8,5,16,2026,1,#NE
762,762,8,5,16,2026,1,#NE
763,763,9,5,2,2026,1,#NE
764,764,9,5,2,2026,1,#NE
765,765,9,5,2,2026,1,#NE
766,766,8,22,6,2026,1,#NE
767,767,8,22,6,2026,1,#NE
768,768,8,22,15,2026,1,#NE
769,769,8,22,15,2026,1,#NE
770,770,8,5,29,2026,1,#NE
771,771,8,5,29,2026,1,#NE
772,772,9,5,2,2026,1,#NE
773,773,9,5,2,2026,1,#NE
774,774,9,5,2,2026,1,#NE
775,775,9,5,25,2026,1,#NE
776,776,8,5,29,2026,1,#NE
777,777,8,5,29,2026,1,#NE
778,778,8,22,13,2026,1,#NE
779,779,8,22,4,2026,1,#NE
780,780,8,22,14,2026,1,#NE
781,781,8,22,14,2026,1,#NE
782,782,8,22,24,2026,1,#NE
783,783,8,5,9,2026,1,#NE
784,784,8,5,9,2026,1,#NE
785,785,8,5,30,2026,1,#NE
786,786,8,5,4,2026,1,#NE
787,787,8,22,24,2026,1,#NE
788,788,8,22,24,2026,1,#NE
789,789,8,22,2,2026,1,#NE
790,790,8,22,20,2026,1,#NE
791,791,8,22,20,2026,1,#NE
792,792,8,22,16,2026,1,#NE
793,793,9,10,21,2026,1,#NE
794,794,8,5,24,2026,1,#NE
795,795,8,5,24,2026,1,#NE
796,796,9,10,21,2026,1,#NE
797,797,9,10,21,2026,1,#NE
798,798,8,5,25,2026,1,#NE
799,799,8,5,21,2026,1,#NE
800,800,8,5,21,2026,1,#NE
801,801,8,5,21,2026,1,#NE
802,802,8,5,21,2026,1,#NE
803,803,8,5,21,2026,1,#NE
804,804,9,10,21,2026,1,#NE
805,805,9,10,9,2026,1,#NE
806,806,9,10,9,2026,1,#NE
807,807,9,10,9,2026,1,#NE
808,808,8,12,13,2026,1,#NE
809,809,9,5,24,2026,1,#NE
810,810,9,5,11,2026,1,#NE
811,811,9,10,9,2026,1,#NE
812,812,9,10,9,2026,1,#NE
813,813,9,10,9,2026,1,#NE
814,814,9,10,9,2026,1,#NE
815,815,9,10,9,2026,1,#NE
816,816,8,12,28,2026,1,#NE
817,817,9,10,8,2026,1,#NE
818,818,9,10,8,2026,1,#NE
819,819,9,10,8,2026,1,#NE
820,820,9,10,8,2026,1,#NE
821,821,9,10,8,2026,1,#NE
822,822,8,12,28,2026,1,#NE
823,823,9,5,24,2026,1,#NE
824,824,9,5,25,2026,1,#NE
825,825,9,10,8,2026,1,#NE
826,826,8,12,17,2026,1,#NE
827,827,8,12,28,2026,1,#NE
828,828,8,12,17,2026,1,#NE
829,829,9,10,20,2026,1,#NE
830,830,9,10,20,2026,1,#NE
831,831,9,10,20,2026,1,#NE
832,832,9,10,29,2026,1,#NE
833,833,9,10,29,2026,1,#NE
834,834,9,10,29,2026,1,#NE
835,835,9,10,29,2026,1,#NE
836,836,9,10,29,2026,1,#NE
837,837,9,10,29,2026,1,#NE
838,838,9,10,29,2026,1,#NE
839,839,9,10,29,2026,1,#NE
840,840,9,10,16,2026,1,#NE
841,841,9,10,5,2026,1,#NE
842,842,9,10,5,2026,1,#NE
843,843,9,10,5,2026,1,#NE
844,844,8,12,14,2026,1,#NE
845,845,9,5,27,2026,1,#NE
846,846,9,5,27,2026,1,#NE
847,847,8,12,14,2026,1,#NE
848,848,8,12,14,2026,1,#NE
849,849,8,12,14,2026,1,#NE
850,850,9,5,27,2026,1,#NE
851,851,9,5,27,2026,1,#NE
852,852,9,5,27,2026,1,#NE
853,853,9,5,27,2026,1,#NE
854,854,9,10,1,2026,1,#NE
855,855,9,10,5,2026,1,#NE
856,856,9,10,5,2026,1,#NE
857,857,9,10,1,2026,1,#NE
858,858,8,12,14,2026,1,#NE
859,859,8,12,23,2026,1,#NE
860,860,8,12,23,2026,1,#NE
861,861,8,12,21,2026,1,#NE
862,862,8,12,21,2026,1,#NE
863,863,9,5,27,2026,1,#NE
864,864,9,5,27,2026,1,#NE
865,865,9,5,27,2026,1,#NE
866,866,9,10,1,2026,1,#NE
867,867,9,10,1,2026,1,#NE
868,868,9,10,1,2026,1,#NE
869,869,8,12,21,2026,1,#NE
870,870,9,5,20,2026,1,#NE
871,871,9,5,20,2026,1,#NE
872,872,8,12,21,2026,1,#NE
873,873,8,12,21,2026,1,#NE
874,874,8,12,21,2026,1,#NE
875,875,9,5,6,2026,1,#NE
876,876,9,5,6,2026,1,#NE
877,877,9,10,4,2026,1,#NE
878,878,9,10,4,2026,1,#NE
879,879,8,12,15,2026,1,#NE
880,880,8,12,15,2026,1,#NE
881,881,8,12,15,2026,1,#NE
882,882,9,5,6,2026,1,#NE
883,883,9,5,6,2026,1,#NE
884,884,9,5,6,2026,1,#NE
885,885,9,5,6,2026,1,#NE
886,886,9,5,6,2026,1,#NE
887,887,9,10,4,2026,1,#NE
888,888,9,10,24,2026,1,#NE
889,889,8,12,15,2026,1,#NE
890,890,8,12,15,2026,1,#NE
891,891,8,12,15,2026,1,#NE
892,892,9,5,6,2026,1,#NE
893,893,9,5,6,2026,1,#NE
894,894,9,5,6,2026,1,#NE
895,895,9,10,24,2026,1,#NE
896,896,9,10,24,2026,1,#NE
897,897,8,12,15,2026,1,#NE
898,898,9,5,6,2026,1,#NE
899,899,9,5,6,2026,1,#NE
900,900,9,5,13,2026,1,#NE
901,901,9,10,24,2026,1,#NE
902,902,9,10,24,2026,1,#NE
903,903,9,10,24,2026,1,#NE
904,904,8,12,15,2026,1,#NE
905,905,9,10,6,2026,1,#NE
906,906,8,12,26,2026,1,#NE
907,907,8,12,22,2026,1,#NE
908,908,8,12,26,2026,1,#NE
909,909,9,10,6,2026,1,#NE
910,910,9,10,27,2026,1,#NE
911,911,8,12,26,2026,1,#NE
912,912,8,12,22,2026,1,#NE
913,913,8,12,22,2026,1,#NE
914,914,8,12,22,2026,1,#NE
915,915,8,12,24,2026,1,#NE
916,916,9,5,13,2026,1,#NE
917,917,9,5,13,2026,1,#NE
918,918,9,10,27,2026,1,#NE
919,919,8,12,24,2026,1,#NE
920,920,8,12,24,2026,1,#NE
921,921,9,5,13,2026,1,#NE
922,922,9,10,27,2026,1,#NE
923,923,9,10,27,2026,1,#NE
924,924,9,10,6,2026,1,#NE
925,925,9,10,6,2026,1,#NE
926,926,8,12,25,2026,1,#NE
927,927,9,5,29,2026,1,#NE
928,928,9,5,16,2026,1,#NE
929,929,9,10,28,2026,1,#NE
930,930,9,10,14,2026,1,#NE
931,931,8,12,24,2026,1,#NE
932,932,8,5,21,2026,1,#NE
933,933,9,10,14,2026,1,#NE
934,934,9,10,28,2026,1,#NE
935,935,8,12,24,2026,1,#NE
936,936,9,22,2,2026,1,#NE
937,937,9,22,2,2026,1,#NE
938,938,9,22,2,2026,1,#NE
939,939,9,5,29,2026,1,#NE
940,940,9,5,16,2026,1,#NE
941,941,9,5,29,2026,1,#NE
942,942,9,10,17,2026,1,#NE
943,943,9,10,14,2026,1,#NE
944,944,9,10,14,2026,1,#NE
945,945,8,12,7,2026,1,#NE
946,946,9,22,9,2026,1,#NE
947,947,9,22,9,2026,1,#NE
948,948,9,22,9,2026,1,#NE
949,949,9,5,16,2026,1,#NE
950,950,9,5,19,2026,1,#NE
951,951,9,10,14,2026,1,#NE
952,952,9,10,14,2026,1,#NE
953,953,9,10,17,2026,1,#NE
954,954,9,22,9,2026,1,#NE
955,955,9,22,9,2026,1,#NE
956,956,9,22,9,2026,1,#NE
957,957,9,22,22,2026,1,#NE
958,958,9,22,22,2026,1,#NE
959,959,9,10,14,2026,1,#NE
960,960,9,22,19,2026,1,#NE
961,961,9,10,14,2026,1,#NE
962,962,9,10,26,2026,1,#NE
963,963,9,22,6,2026,1,#NE
964,964,9,22,6,2026,1,#NE
965,965,9,10,22,2026,1,#NE
966,966,9,22,6,2026,1,#NE
967,967,9,22,17,2026,1,#NE
968,968,9,10,22,2026,1,#NE
969,969,9,10,15,2026,1,#NE
970,970,9,22,27,2026,1,#NE
971,971,9,22,27,2026,1,#NE
972,972,9,10,15,2026,1,#NE
973,973,9,10,15,2026,1,#NE
974,974,9,22,27,2026,1,#NE
975,975,9,10,15,2026,1,#NE
976,976,9,10,15,2026,1,#NE
977,977,9,22,24,2026,1,#NE
978,978,9,22,24,2026,1,#NE
979,979,9,10,19,2026,1,#NE
980,980,9,10,19,2026,1,#NE
981,981,9,10,19,2026,1,#NE
982,982,9,10,19,2026,1,#NE
983,983,9,22,8,2026,1,#NE
984,984,9,22,8,2026,1,#NE
985,985,9,22,8,2026,1,#NE
986,986,9,22,8,2026,1,#NE
987,987,9,22,8,2026,1,#NE
988,988,9,10,19,2026,1,#NE
989,989,9,10,19,2026,1,#NE
990,990,9,10,19,2026,1,#NE
991,991,9,10,19,2026,1,#NE
992,992,9,12,24,2026,1,#NE
993,993,8,12,29,2026,1,#NE
994,994,8,12,16,2026,1,#NE
995,995,8,12,29,2026,1,#NE
996,996,8,12,16,2026,1,#NE
997,997,9,22,15,2026,1,#NE
998,998,9,22,15,2026,1,#NE
999,999,9,5,19,2026,1,#NE
1000,1000,9,5,19,2026,1,#NE
1001,1001,9,5,19,2026,1,#NE
1002,1002,9,12,25,2026,1,#NE
1003,1003,9,12,24,2026,1,#NE
1004,1004,8,12,16,2026,1,#NE
1005,1005,9,22,20,2026,1,#NE
1006,1006,9,22,20,2026,1,#NE
1007,1007,9,22,20,2026,1,#NE
1008,1008,9,12,24,2026,1,#NE
1009,1009,8,12,29,2026,1,#NE
1010,1010,8,12,29,2026,1,#NE
1011,1011,9,22,20,2026,1,#NE
1012,1012,9,22,20,2026,1,#NE
1013,1013,9,22,20,2026,1,#NE
1014,1014,9,5,14,2026,1,#NE
1015,1015,9,5,14,2026,1,#NE
1016,1016,9,12,24,2026,1,#NE
1017,1017,9,22,14,2026,1,#NE
1018,1018,9,22,14,2026,1,#NE
1019,1019,9,22,14,2026,1,#NE
1020,1020,9,22,14,2026,1,#NE
1021,1021,9,22,14,2026,1,#NE
1022,1022,9,5,14,2026,1,#NE
1023,1023,9,5,14,2026,1,#NE
1024,1024,9,12,24,2026,1,#NE
1025,1025,9,12,25,2026,1,#NE
1026,1026,9,12,24,2026,1,#NE
1027,1027,8,12,27,2026,1,#NE
1028,1028,8,12,27,2026,1,#NE
1029,1029,8,12,27,2026,1,#NE
1030,1030,8,12,27,2026,1,#NE
1031,1031,8,12,27,2026,1,#NE
1032,1032,9,22,29,2026,1,#NE
1033,1033,9,22,29,2026,1,#NE
1034,1034,9,5,14,2026,1,#NE
1035,1035,9,5,14,2026,1,#NE
1036,1036,8,12,27,2026,1,#NE
1037,1037,8,12,27,2026,1,#NE
1038,1038,9,22,29,2026,1,#NE
1039,1039,3,21,23,2026,1,#NE
1040,1040,9,18,6,2026,1,#NE
1041,1041,9,18,6,2026,1,#NE
1042,1042,9,18,6,2026,1,#NE
1043,1043,9,12,5,2026,1,#NE
1044,1044,9,12,5,2026,1,#NE
1045,1045,9,12,5,2026,1,#NE
1046,1046,8,12,27,2026,1,#NE
1047,1047,8,12,27,2026,1,#NE
1048,1048,3,21,30,2026,1,#NE
1049,1049,5,16,30,2026,1,#NE
1050,1050,8,7,22,2026,1,#NE
1051,1051,9,12,5,2026,1,#NE
1052,1052,9,12,5,2026,1,#NE
1053,1053,9,12,5,2026,1,#NE
1054,1054,8,7,22,2026,1,#NE
1055,1055,9,18,6,2026,1,#NE
1056,1056,9,18,24,2026,1,#NE
1057,1057,9,18,11,2026,1,#NE
1058,1058,8,7,27,2026,1,#NE
1059,1059,8,7,27,2026,1,#NE
1060,1060,8,7,12,2026,1,#NE
1061,1061,9,12,27,2026,1,#NE
1062,1062,9,12,27,2026,1,#NE
1063,1063,8,7,20,2026,1,#NE
1064,1064,8,7,20,2026,1,#NE
1065,1065,9,12,23,2026,1,#NE
1066,1066,9,18,2,2026,1,#NE
1067,1067,9,18,21,2026,1,#NE
1068,1068,9,18,21,2026,1,#NE
1069,1069,8,7,3,2026,1,#NE
1070,1070,9,18,21,2026,1,#NE
1071,1071,9,18,21,2026,1,#NE
1072,1072,9,12,22,2026,1,#NE
1073,1073,9,13,17,2026,1,#NE
1074,1074,9,13,17,2026,1,#NE
1075,1075,9,13,27,2026,1,#NE
1076,1076,9,13,27,2026,1,#NE
1077,1077,9,13,27,2026,1,#NE
1078,1078,9,13,27,2026,1,#NE
1079,1079,9,13,27,2026,1,#NE
1080,1080,9,13,27,2026,1,#NE
1081,1081,8,7,3,2026,1,#NE
1082,1082,8,7,21,2026,1,#NE
1083,1083,9,12,22,2026,1,#NE
1084,1084,9,13,27,2026,1,#NE
1085,1085,9,13,27,2026,1,#NE
1086,1086,9,13,27,2026,1,#NE
1087,1087,8,7,6,2026,1,#NE
1088,1088,8,7,6,2026,1,#NE
1089,1089,9,18,20,2026,1,#NE
1090,1090,9,18,20,2026,1,#NE
1091,1091,9,13,12,2026,1,#NE
1092,1092,8,7,9,2026,1,#NE
1093,1093,8,7,9,2026,1,#NE
1094,1094,8,7,9,2026,1,#NE
1095,1095,8,7,7,2026,1,#NE
1096,1096,9,18,29,2026,1,#NE
1097,1097,9,18,16,2026,1,#NE
1098,1098,9,12,14,2026,1,#NE
1099,1099,9,12,14,2026,1,#NE
1100,1100,9,12,14,2026,1,#NE
1101,1101,9,12,14,2026,1,#NE
1102,1102,9,12,14,2026,1,#NE
1103,1103,9,12,14,2026,1,#NE
1104,1104,8,7,17,2026,1,#NE
1105,1105,8,7,13,2026,1,#NE
1106,1106,8,7,13,2026,1,#NE
1107,1107,8,7,13,2026,1,#NE
1108,1108,9,18,16,2026,1,#NE
1109,1109,9,12,14,2026,1,#NE
1110,1110,9,12,14,2026,1,#NE
1111,1111,9,12,14,2026,1,#NE
1112,1112,9,13,13,2026,1,#NE
1113,1113,8,7,17,2026,1,#NE
1114,1114,8,7,17,2026,1,#NE
1115,1115,8,7,28,2026,1,#NE
1116,1116,10,8,26,2026,1,#NE
1117,1117,9,12,20,2026,1,#NE
1118,1118,9,13,2,2026,1,#NE
1119,1119,8,7,14,2026,1,#NE
1120,1120,10,8,22,2026,1,#NE
1121,1121,10,8,22,2026,1,#NE
1122,1122,10,8,22,2026,1,#NE
1123,1123,9,12,20,2026,1,#NE
1124,1124,9,12,20,2026,1,#NE
1125,1125,9,12,20,2026,1,#NE
1126,1126,8,7,24,2026,1,#NE
1127,1127,9,13,16,2026,1,#NE
1128,1128,8,7,24,2026,1,#NE
1129,1129,8,7,24,2026,1,#NE
1130,1130,10,8,9,2026,1,#NE
1131,1131,10,8,9,2026,1,#NE
1132,1132,10,8,7,2026,1,#NE
1133,1133,10,8,7,2026,1,#NE
1134,1134,9,12,20,2026,1,#NE
1135,1135,9,12,20,2026,1,#NE
1136,1136,9,12,13,2026,1,#NE
1137,1137,9,13,21,2026,1,#NE
1138,1138,9,13,14,2026,1,#NE
1139,1139,8,7,29,2026,1,#NE
1140,1140,10,8,4,2026,1,#NE
1141,1141,9,12,13,2026,1,#NE
1142,1142,9,12,13,2026,1,#NE
1143,1143,8,7,29,2026,1,#NE
1144,1144,8,7,15,2026,1,#NE
1145,1145,10,8,4,2026,1,#NE
1146,1146,10,8,4,2026,1,#NE
1147,1147,10,8,4,2026,1,#NE
1148,1148,9,12,13,2026,1,#NE
1149,1149,9,12,13,2026,1,#NE
1150,1150,9,13,21,2026,1,#NE
1151,1151,9,13,21,2026,1,#NE
1152,1152,8,7,15,2026,1,#NE
1153,1153,8,7,15,2026,1,#NE
1154,1154,10,8,5,2026,1,#NE
1155,1155,10,8,5,2026,1,#NE
1156,1156,9,12,13,2026,1,#NE
1157,1157,9,13,9,2026,1,#NE
1158,1158,9,13,9,2026,1,#NE
1159,1159,8,14,1,2026,1,#NE
1160,1160,8,14,15,2026,1,#NE
1161,1161,8,14,15,2026,1,#NE
1162,1162,8,14,15,2026,1,#NE
1163,1163,10,8,19,2026,1,#NE
1164,1164,10,8,19,2026,1,#NE
1165,1165,9,13,4,2026,1,#NE
1166,1166,8,14,7,2026,1,#NE
1167,1167,10,8,19,2026,1,#NE
1168,1168,10,8,13,2026,1,#NE
1169,1169,9,12,6,2026,1,#NE
1170,1170,9,12,6,2026,1,#NE
1171,1171,9,12,6,2026,1,#NE
1172,1172,9,12,6,2026,1,#NE
1173,1173,9,12,29,2026,1,#NE
1174,1174,9,12,16,2026,1,#NE
1175,1175,9,13,6,2026,1,#NE
1176,1176,9,25,6,2026,1,#NE
1177,1177,9,25,6,2026,1,#NE
1178,1178,9,25,6,2026,1,#NE
1179,1179,9,25,6,2026,1,#NE
1180,1180,8,14,24,2026,1,#NE
1181,1181,8,14,24,2026,1,#NE
1182,1182,8,14,2,2026,1,#NE
1183,1183,10,8,27,2026,1,#NE
1184,1184,10,8,27,2026,1,#NE
1185,1185,9,12,16,2026,1,#NE
1186,1186,9,25,6,2026,1,#NE
1187,1187,9,25,6,2026,1,#NE
1188,1188,9,25,24,2026,1,#NE
1189,1189,8,14,16,2026,1,#NE
1190,1190,8,14,29,2026,1,#NE
1191,1191,10,8,27,2026,1,#NE
1192,1192,10,8,27,2026,1,#NE
1193,1193,10,8,24,2026,1,#NE
1194,1194,10,8,24,2026,1,#NE
1195,1195,10,8,24,2026,1,#NE
1196,1196,9,25,24,2026,1,#NE
1197,1197,9,25,24,2026,1,#NE
1198,1198,8,14,26,2026,1,#NE
1199,1199,10,8,25,2026,1,#NE
1200,1200,10,8,24,2026,1,#NE
1201,1201,10,8,24,2026,1,#NE
1202,1202,10,8,24,2026,1,#NE
1203,1203,9,12,29,2026,1,#NE
1204,1204,9,12,29,2026,1,#NE
1205,1205,8,14,28,2026,1,#NE
1206,1206,8,14,27,2026,1,#NE
1207,1207,10,8,14,2026,1,#NE
1208,1208,9,25,29,2026,1,#NE
1209,1209,9,25,29,2026,1,#NE
1210,1210,8,14,19,2026,1,#NE
1211,1211,8,14,9,2026,1,#NE
1212,1212,10,8,14,2026,1,#NE
1213,1213,9,12,19,2026,1,#NE
1214,1214,9,25,16,2026,1,#NE
1215,1215,9,25,16,2026,1,#NE
1216,1216,9,25,29,2026,1,#NE
1217,1217,10,8,21,2026,1,#NE
1218,1218,10,8,21,2026,1,#NE
1219,1219,10,8,21,2026,1,#NE
1220,1220,10,8,21,2026,1,#NE
1221,1221,10,8,21,2026,1,#NE
1222,1222,10,8,21,2026,1,#NE
1223,1223,9,12,29,2026,1,#NE
1224,1224,9,12,29,2026,1,#NE
1225,1225,9,25,16,2026,1,#NE
1226,1226,9,25,29,2026,1,#NE
1227,1227,8,21,11,2026,1,#NE
1228,1228,8,21,19,2026,1,#NE
1229,1229,9,25,13,2026,1,#NE
1230,1230,9,25,13,2026,1,#NE
1231,1231,9,25,13,2026,1,#NE
1232,1232,8,21,3,2026,1,#NE
1233,1233,8,21,14,2026,1,#NE
1234,1234,10,8,20,2026,1,#NE
1235,1235,10,8,15,2026,1,#NE
1236,1236,9,12,19,2026,1,#NE
1237,1237,9,12,28,2026,1,#NE
1238,1238,9,25,13,2026,1,#NE
1239,1239,9,25,13,2026,1,#NE
1240,1240,9,25,13,2026,1,#NE
1241,1241,9,12,17,2026,1,#NE
1242,1242,9,12,17,2026,1,#NE
1243,1243,9,12,17,2026,1,#NE
1244,1244,8,21,28,2026,1,#NE
1245,1245,8,21,8,2026,1,#NE
1246,1246,8,21,8,2026,1,#NE
1247,1247,8,21,8,2026,1,#NE
1248,1248,8,21,4,2026,1,#NE
1249,1249,9,12,17,2026,1,#NE
1250,1250,9,12,17,2026,1,#NE
1251,1251,8,21,4,2026,1,#NE
1252,1252,8,21,13,2026,1,#NE
1253,1253,8,21,13,2026,1,#NE
1254,1254,9,12,17,2026,1,#NE
1255,1255,9,25,7,2026,1,#NE
1256,1256,9,25,7,2026,1,#NE
1257,1257,9,25,14,2026,1,#NE
1258,1258,8,21,9,2026,1,#NE
1259,1259,8,21,9,2026,1,#NE
1260,1260,8,21,2,2026,1,#NE
1261,1261,10,8,15,2026,1,#NE
1262,1262,10,8,15,2026,1,#NE
1263,1263,9,12,28,2026,1,#NE
1264,1264,9,12,17,2026,1,#NE
1265,1265,9,12,9,2026,1,#NE
1266,1266,9,25,14,2026,1,#NE
1267,1267,9,25,14,2026,1,#NE
1268,1268,9,23,6,2026,1,#NE
1269,1269,9,23,6,2026,1,#NE
1270,1270,10,8,16,2026,1,#NE
1271,1271,9,12,9,2026,1,#NE
1272,1272,9,12,9,2026,1,#NE
1273,1273,9,12,9,2026,1,#NE
1274,1274,9,25,14,2026,1,#NE
1275,1275,9,23,9,2026,1,#NE
1276,1276,9,23,9,2026,1,#NE
1277,1277,9,23,15,2026,1,#NE
1278,1278,10,8,16,2026,1,#NE
1279,1279,9,12,9,2026,1,#NE
1280,1280,9,12,9,2026,1,#NE
1281,1281,9,12,9,2026,1,#NE
1282,1282,9,12,9,2026,1,#NE
1283,1283,9,23,15,2026,1,#NE
1284,1284,9,12,9,2026,1,#NE
1285,1285,9,12,9,2026,1,#NE
1286,1286,9,25,20,2026,1,#NE
1287,1287,9,23,4,2026,1,#NE
1288,1288,9,23,4,2026,1,#NE
1289,1289,9,23,4,2026,1,#NE
1290,1290,10,8,2,2026,1,#NE
1291,1291,10,8,2,2026,1,#NE
1292,1292,10,8,2,2026,1,#NE
1293,1293,10,8,2,2026,1,#NE
1294,1294,10,8,2,2026,1,#NE
1295,1295,9,12,9,2026,1,#NE
1296,1296,9,12,9,2026,1,#NE
1297,1297,9,12,9,2026,1,#NE
1298,1298,9,12,9,2026,1,#NE
1299,1299,9,25,20,2026,1,#NE
1300,1300,9,23,21,2026,1,#NE
1301,1301,9,23,21,2026,1,#NE
1302,1302,10,8,2,2026,1,#NE
1303,1303,10,8,2,2026,1,#NE
1304,1304,10,8,8,2026,1,#NE
1305,1305,9,25,15,2026,1,#NE
1306,1306,9,25,15,2026,1,#NE
1307,1307,9,25,15,2026,1,#NE
1308,1308,9,23,21,2026,1,#NE
1309,1309,10,8,8,2026,1,#NE
1310,1310,10,8,8,2026,1,#NE
1311,1311,10,8,8,2026,1,#NE
1312,1312,9,12,15,2026,1,#NE
1313,1313,9,25,15,2026,1,#NE
1314,1314,9,25,15,2026,1,#NE
1315,1315,9,25,23,2026,1,#NE
1316,1316,9,23,14,2026,1,#NE
1317,1317,10,8,28,2026,1,#NE
1318,1318,9,12,15,2026,1,#NE
1319,1319,9,12,15,2026,1,#NE
1320,1320,9,12,15,2026,1,#NE
1321,1321,9,12,15,2026,1,#NE
1322,1322,9,12,15,2026,1,#NE
1323,1323,9,25,22,2026,1,#NE
1324,1324,10,8,6,2026,1,#NE
1325,1325,9,25,26,2026,1,#NE
1326,1326,9,25,22,2026,1,#NE
1327,1327,9,23,29,2026,1,#NE
1328,1328,10,8,6,2026,1,#NE
1329,1329,9,12,15,2026,1,#NE
1330,1330,9,12,15,2026,1,#NE
1331,1331,9,25,17,2026,1,#NE
1332,1332,9,25,17,2026,1,#NE
1333,1333,9,25,9,2026,1,#NE
1334,1334,9,23,29,2026,1,#NE
1335,1335,9,23,29,2026,1,#NE
1336,1336,9,12,1,2026,1,#NE
1337,1337,9,12,1,2026,1,#NE
1338,1338,9,25,9,2026,1,#NE
1339,1339,9,25,9,2026,1,#NE
1340,1340,9,25,9,2026,1,#NE
1341,1341,9,23,13,2026,1,#NE
1342,1342,9,23,13,2026,1,#NE
1343,1343,9,23,13,2026,1,#NE
1344,1344,9,23,13,2026,1,#NE
1345,1345,9,12,1,2026,1,#NE
1346,1346,9,12,1,2026,1,#NE
1347,1347,9,12,1,2026,1,#NE
1348,1348,9,23,1,2026,1,#NE
1349,1349,9,12,1,2026,1,#NE
1350,1350,9,12,1,2026,1,#NE
1351,1351,9,23,1,2026,1,#NE
1352,1352,9,12,1,2026,1,#NE
1353,1353,9,12,2,2026,1,#NE
1354,1354,9,25,9,2026,1,#NE
1355,1355,9,23,24,2026,1,#NE
1356,1356,8,1,2,2026,1,#NE
1357,1357,9,12,2,2026,1,#NE
1358,1358,9,25,17,2026,1,#NE
1359,1359,9,23,1,2026,1,#NE
1360,1360,9,23,25,2026,1,#NE
1361,1361,3,3,23,2026,1,#NE
1362,1362,8,1,25,2026,1,#NE
1363,1363,8,1,24,2026,1,#NE
1364,1364,8,1,11,2026,1,#NE
1365,1365,9,12,2,2026,1,#NE
1366,1366,9,25,21,2026,1,#NE
1367,1367,8,13,21,2026,1,#NE
1368,1368,8,1,14,2026,1,#NE
1369,1369,9,12,2,2026,1,#NE
1370,1370,9,12,2,2026,1,#NE
1371,1371,9,25,2,2026,1,#NE
1372,1372,8,13,14,2026,1,#NE
1373,1373,8,13,14,2026,1,#NE
1374,1374,8,13,2,2026,1,#NE
1375,1375,8,1,27,2026,1,#NE
1376,1376,8,1,5,2026,1,#NE
1377,1377,9,25,27,2026,1,#NE
1378,1378,8,13,7,2026,1,#NE
1379,1379,8,1,9,2026,1,#NE
1380,1380,8,1,3,2026,1,#NE
1381,1381,9,12,21,2026,1,#NE
1382,1382,9,12,21,2026,1,#NE
1383,1383,9,25,27,2026,1,#NE
1384,1384,8,13,6,2026,1,#NE
1385,1385,8,13,6,2026,1,#NE
1386,1386,9,12,21,2026,1,#NE
1387,1387,9,12,8,2026,1,#NE
1388,1388,9,12,8,2026,1,#NE
1389,1389,8,24,23,2026,1,#NE
1390,1390,8,13,27,2026,1,#NE
1391,1391,8,15,13,2026,1,#NE
1392,1392,9,12,8,2026,1,#NE
1393,1393,8,13,9,2026,1,#NE
1394,1394,8,13,17,2026,1,#NE
1395,1395,8,13,17,2026,1,#NE
1396,1396,8,13,17,2026,1,#NE
1397,1397,8,15,19,2026,1,#NE
1398,1398,9,12,8,2026,1,#NE
1399,1399,9,12,8,2026,1,#NE
1400,1400,8,24,6,2026,1,#NE
1401,1401,8,13,22,2026,1,#NE
1402,1402,8,13,22,2026,1,#NE
1403,1403,8,13,4,2026,1,#NE
1404,1404,8,15,9,2026,1,#NE
1405,1405,8,24,6,2026,1,#NE
1406,1406,8,24,6,2026,1,#NE
1407,1407,8,24,6,2026,1,#NE
1408,1408,8,15,6,2026,1,#NE
1409,1409,9,12,8,2026,1,#NE
1410,1410,9,15,2,2026,1,#NE
1411,1411,8,24,7,2026,1,#NE
1412,1412,8,24,7,2026,1,#NE
1413,1413,9,14,21,2026,1,#NE
1414,1414,9,15,2,2026,1,#NE
1415,1415,9,15,2,2026,1,#NE
1416,1416,9,15,2,2026,1,#NE
1417,1417,9,15,2,2026,1,#NE
1418,1418,9,14,15,2026,1,#NE
1419,1419,9,14,15,2026,1,#NE
1420,1420,9,14,15,2026,1,#NE
1421,1421,9,14,15,2026,1,#NE
1422,1422,9,14,14,2026,1,#NE
1423,1423,9,15,28,2026,1,#NE
1424,1424,9,15,13,2026,1,#NE
1425,1425,9,15,13,2026,1,#NE
1426,1426,9,14,14,2026,1,#NE
1427,1427,9,14,14,2026,1,#NE
1428,1428,8,15,23,2026,1,#NE
1429,1429,8,24,7,2026,1,#NE
1430,1430,8,24,9,2026,1,#NE
1431,1431,8,24,9,2026,1,#NE
1432,1432,8,24,9,2026,1,#NE
1433,1433,8,24,9,2026,1,#NE
1434,1434,8,15,28,2026,1,#NE
1435,1435,8,15,2,2026,1,#NE
1436,1436,9,15,13,2026,1,#NE
1437,1437,8,24,9,2026,1,#NE
1438,1438,9,14,20,2026,1,#NE
1439,1439,9,14,20,2026,1,#NE
1440,1440,8,15,16,2026,1,#NE
1441,1441,8,15,29,2026,1,#NE
1442,1442,9,15,25,2026,1,#NE
1443,1443,9,15,24,2026,1,#NE
1444,1444,9,15,24,2026,1,#NE
1445,1445,8,24,22,2026,1,#NE
1446,1446,9,14,24,2026,1,#NE
1447,1447,8,15,14,2026,1,#NE
1448,1448,8,24,22,2026,1,#NE
1449,1449,9,14,1,2026,1,#NE
1450,1450,8,15,20,2026,1,#NE
1451,1451,8,15,20,2026,1,#NE
1452,1452,9,15,24,2026,1,#NE
1453,1453,9,15,6,2026,1,#NE
1454,1454,9,15,6,2026,1,#NE
1455,1455,9,15,6,2026,1,#NE
1456,1456,9,15,6,2026,1,#NE
1457,1457,9,14,1,2026,1,#NE
1458,1458,9,14,9,2026,1,#NE
1459,1459,9,14,9,2026,1,#NE
1460,1460,9,15,6,2026,1,#NE
1461,1461,9,15,6,2026,1,#NE
1462,1462,9,15,6,2026,1,#NE
1463,1463,9,14,9,2026,1,#NE
1464,1464,9,14,9,2026,1,#NE
1465,1465,9,14,13,2026,1,#NE
1466,1466,9,15,15,2026,1,#NE
1467,1467,9,14,13,2026,1,#NE
1468,1468,9,14,13,2026,1,#NE
1469,1469,9,14,13,2026,1,#NE
1470,1470,8,15,20,2026,1,#NE
1471,1471,8,15,3,2026,1,#NE
1472,1472,8,15,15,2026,1,#NE
1473,1473,9,15,15,2026,1,#NE
1474,1474,9,15,15,2026,1,#NE
1475,1475,8,24,28,2026,1,#NE
1476,1476,8,24,28,2026,1,#NE
1477,1477,9,14,13,2026,1,#NE
1478,1478,9,14,27,2026,1,#NE
1479,1479,9,14,27,2026,1,#NE
1480,1480,9,14,27,2026,1,#NE
1481,1481,9,14,27,2026,1,#NE
1482,1482,9,14,27,2026,1,#NE
1483,1483,8,15,15,2026,1,#NE
1484,1484,8,15,27,2026,1,#NE
1485,1485,9,15,15,2026,1,#NE
1486,1486,8,24,15,2026,1,#NE
1487,1487,8,24,15,2026,1,#NE
1488,1488,8,15,27,2026,1,#NE
1489,1489,9,15,26,2026,1,#NE
1490,1490,8,24,15,2026,1,#NE
1491,1491,8,24,15,2026,1,#NE
1492,1492,8,15,22,2026,1,#NE
1493,1493,8,15,26,2026,1,#NE
1494,1494,9,15,27,2026,1,#NE
1495,1495,9,15,27,2026,1,#NE
1496,1496,9,15,27,2026,1,#NE
1497,1497,8,24,24,2026,1,#NE
1498,1498,9,14,6,2026,1,#NE
1499,1499,8,15,25,2026,1,#NE
1500,1500,8,15,24,2026,1,#NE
1501,1501,9,15,27,2026,1,#NE
1502,1502,9,15,27,2026,1,#NE
1503,1503,9,14,22,2026,1,#NE
1504,1504,8,15,24,2026,1,#NE
1505,1505,9,15,27,2026,1,#NE
1506,1506,8,24,14,2026,1,#NE
1507,1507,8,24,14,2026,1,#NE
1508,1508,9,14,22,2026,1,#NE
1509,1509,9,24,19,2026,1,#NE
1510,1510,9,24,19,2026,1,#NE
1511,1511,9,24,19,2026,1,#NE
1512,1512,9,24,19,2026,1,#NE
1513,1513,8,16,26,2026,1,#NE
1514,1514,9,15,14,2026,1,#NE
1515,1515,9,15,14,2026,1,#NE
1516,1516,9,15,14,2026,1,#NE
1517,1517,8,24,14,2026,1,#NE
1518,1518,8,24,14,2026,1,#NE
1519,1519,8,24,14,2026,1,#NE
1520,1520,9,24,19,2026,1,#NE
1521,1521,9,24,9,2026,1,#NE
1522,1522,9,15,14,2026,1,#NE
1523,1523,9,15,14,2026,1,#NE
1524,1524,9,15,14,2026,1,#NE
1525,1525,9,15,14,2026,1,#NE
1526,1526,9,15,14,2026,1,#NE
1527,1527,9,15,14,2026,1,#NE
1528,1528,8,24,16,2026,1,#NE
1529,1529,9,24,9,2026,1,#NE
1530,1530,9,24,9,2026,1,#NE
1531,1531,9,24,9,2026,1,#NE
1532,1532,8,16,17,2026,1,#NE
1533,1533,9,15,14,2026,1,#NE
1534,1534,9,15,4,2026,1,#NE
1535,1535,9,15,4,2026,1,#NE
1536,1536,8,24,19,2026,1,#NE
1537,1537,8,24,16,2026,1,#NE
1538,1538,9,24,9,2026,1,#NE
1539,1539,8,16,15,2026,1,#NE
1540,1540,8,16,15,2026,1,#NE
1541,1541,9,15,9,2026,1,#NE
1542,1542,9,15,9,2026,1,#NE
1543,1543,9,15,9,2026,1,#NE
1544,1544,9,24,23,2026,1,#NE
1545,1545,8,16,7,2026,1,#NE
1546,1546,8,16,14,2026,1,#NE
1547,1547,8,16,14,2026,1,#NE
1548,1548,9,15,9,2026,1,#NE
1549,1549,9,15,21,2026,1,#NE
1550,1550,8,24,4,2026,1,#NE
1551,1551,9,24,13,2026,1,#NE
1552,1552,8,16,9,2026,1,#NE
1553,1553,8,16,9,2026,1,#NE
1554,1554,9,15,20,2026,1,#NE
1555,1555,9,15,20,2026,1,#NE
1556,1556,9,15,20,2026,1,#NE
1557,1557,8,24,21,2026,1,#NE
1558,1558,8,24,21,2026,1,#NE
1559,1559,9,24,13,2026,1,#NE
1560,1560,9,24,13,2026,1,#NE
1561,1561,8,16,9,2026,1,#NE
1562,1562,8,16,8,2026,1,#NE
1563,1563,8,16,8,2026,1,#NE
1564,1564,9,15,16,2026,1,#NE
1565,1565,9,15,29,2026,1,#NE
1566,1566,8,24,21,2026,1,#NE
1567,1567,9,24,13,2026,1,#NE
1568,1568,9,24,13,2026,1,#NE
1569,1569,8,16,16,2026,1,#NE
1570,1570,8,16,16,2026,1,#NE
1571,1571,8,16,16,2026,1,#NE
1572,1572,8,16,16,2026,1,#NE
1573,1573,9,15,29,2026,1,#NE
1574,1574,9,15,29,2026,1,#NE
1575,1575,8,24,20,2026,1,#NE
1576,1576,8,24,20,2026,1,#NE
1577,1577,9,24,24,2026,1,#NE
1578,1578,8,16,13,2026,1,#NE
1579,1579,8,16,13,2026,1,#NE
1580,1580,8,16,27,2026,1,#NE
1581,1581,9,15,16,2026,1,#NE
1582,1582,5,9,22,2026,1,#NE
1583,1583,8,24,20,2026,1,#NE
1584,1584,8,24,27,2026,1,#NE
1585,1585,8,24,27,2026,1,#NE
1586,1586,8,24,27,2026,1,#NE
1587,1587,8,24,27,2026,1,#NE
1588,1588,9,24,11,2026,1,#NE
1589,1589,5,9,2,2026,1,#NE
1590,1590,8,24,27,2026,1,#NE
1591,1591,8,24,27,2026,1,#NE
1592,1592,8,24,27,2026,1,#NE
1593,1593,9,24,24,2026,1,#NE
1594,1594,9,24,24,2026,1,#NE
1595,1595,8,16,20,2026,1,#NE
1596,1596,8,18,16,2026,1,#NE
1597,1597,8,24,13,2026,1,#NE
1598,1598,8,16,20,2026,1,#NE
1599,1599,5,13,14,2026,1,#NE
1600,1600,3,20,22,2026,1,#NE
1601,1601,8,18,20,2026,1,#NE
1602,1602,8,18,6,2026,1,#NE
1603,1603,8,24,13,2026,1,#NE
1604,1604,9,24,27,2026,1,#NE
1605,1605,9,24,27,2026,1,#NE
1606,1606,9,24,27,2026,1,#NE
1607,1607,9,24,27,2026,1,#NE
1608,1608,3,20,14,2026,1,#NE
1609,1609,8,11,6,2026,1,#NE
1610,1610,8,24,13,2026,1,#NE
1611,1611,8,24,13,2026,1,#NE
1612,1612,9,24,27,2026,1,#NE
1613,1613,9,24,27,2026,1,#NE
1614,1614,9,24,27,2026,1,#NE
1615,1615,8,11,6,2026,1,#NE
1616,1616,8,11,16,2026,1,#NE
1617,1617,8,11,29,2026,1,#NE
1618,1618,8,18,9,2026,1,#NE
1619,1619,8,18,9,2026,1,#NE
1620,1620,9,24,27,2026,1,#NE
1621,1621,8,11,8,2026,1,#NE
1622,1622,8,11,30,2026,1,#NE
1623,1623,8,18,7,2026,1,#NE
1624,1624,8,18,30,2026,1,#NE
1625,1625,8,18,27,2026,1,#NE
1626,1626,9,24,3,2026,1,#NE
1627,1627,9,24,21,2026,1,#NE
1628,1628,9,20,21,2026,1,#NE
1629,1629,9,20,21,2026,1,#NE
1630,1630,9,24,21,2026,1,#NE
1631,1631,8,11,7,2026,1,#NE
1632,1632,8,11,19,2026,1,#NE
1633,1633,8,18,22,2026,1,#NE
1634,1634,9,20,21,2026,1,#NE
1635,1635,9,20,21,2026,1,#NE
1636,1636,9,20,21,2026,1,#NE
1637,1637,9,24,21,2026,1,#NE
1638,1638,8,11,19,2026,1,#NE
1639,1639,8,11,3,2026,1,#NE
1640,1640,9,20,3,2026,1,#NE
1641,1641,9,20,21,2026,1,#NE
1642,1642,9,24,21,2026,1,#NE
1643,1643,8,11,23,2026,1,#NE
1644,1644,8,18,2,2026,1,#NE
1645,1645,9,20,27,2026,1,#NE
1646,1646,9,20,27,2026,1,#NE
1647,1647,9,20,27,2026,1,#NE
1648,1648,9,20,27,2026,1,#NE
1649,1649,9,24,14,2026,1,#NE
1650,1650,9,24,14,2026,1,#NE
1651,1651,8,11,27,2026,1,#NE
1652,1652,8,11,27,2026,1,#NE
1653,1653,9,20,27,2026,1,#NE
1654,1654,9,20,27,2026,1,#NE
1655,1655,9,20,27,2026,1,#NE
1656,1656,9,24,14,2026,1,#NE
1657,1657,9,24,14,2026,1,#NE
1658,1658,8,11,9,2026,1,#NE
1659,1659,8,11,9,2026,1,#NE
1660,1660,8,11,9,2026,1,#NE
1661,1661,8,11,9,2026,1,#NE
1662,1662,9,26,6,2026,1,#NE
1663,1663,9,20,27,2026,1,#NE
1664,1664,9,24,14,2026,1,#NE
1665,1665,9,24,14,2026,1,#NE
1666,1666,9,24,14,2026,1,#NE
1667,1667,9,20,27,2026,1,#NE
1668,1668,9,20,27,2026,1,#NE
1669,1669,9,20,27,2026,1,#NE
1670,1670,9,24,15,2026,1,#NE
1671,1671,9,24,15,2026,1,#NE
1672,1672,9,24,15,2026,1,#NE
1673,1673,9,24,15,2026,1,#NE
1674,1674,8,11,15,2026,1,#NE
1675,1675,9,26,14,2026,1,#NE
1676,1676,9,26,14,2026,1,#NE
1677,1677,9,26,14,2026,1,#NE
1678,1678,9,24,15,2026,1,#NE
1679,1679,9,24,15,2026,1,#NE
1680,1680,9,24,15,2026,1,#NE
1681,1681,8,11,2,2026,1,#NE
1682,1682,8,11,4,2026,1,#NE
1683,1683,9,26,19,2026,1,#NE
1684,1684,9,20,22,2026,1,#NE
1685,1685,9,20,22,2026,1,#NE
1686,1686,9,20,22,2026,1,#NE
1687,1687,9,20,22,2026,1,#NE
1688,1688,9,24,15,2026,1,#NE
1689,1689,9,24,15,2026,1,#NE
1690,1690,9,24,15,2026,1,#NE
1691,1691,9,24,29,2026,1,#NE
1692,1692,8,11,24,2026,1,#NE
1693,1693,8,11,24,2026,1,#NE
1694,1694,9,26,19,2026,1,#NE
1695,1695,9,26,2,2026,1,#NE
1696,1696,9,26,2,2026,1,#NE
1697,1697,9,26,2,2026,1,#NE
1698,1698,9,20,22,2026,1,#NE
1699,1699,9,20,22,2026,1,#NE
1700,1700,9,20,26,2026,1,#NE
1701,1701,8,11,24,2026,1,#NE
1702,1702,8,11,14,2026,1,#NE
1703,1703,8,11,14,2026,1,#NE
1704,1704,8,11,14,2026,1,#NE
1705,1705,9,26,2,2026,1,#NE
1706,1706,9,26,2,2026,1,#NE
1707,1707,9,26,30,2026,1,#NE
1708,1708,9,24,29,2026,1,#NE
1709,1709,9,26,27,2026,1,#NE
1710,1710,9,26,27,2026,1,#NE
1711,1711,9,26,27,2026,1,#NE
1712,1712,9,26,27,2026,1,#NE
1713,1713,9,26,27,2026,1,#NE
1714,1714,9,24,29,2026,1,#NE
1715,1715,8,11,14,2026,1,#NE
1716,1716,8,11,20,2026,1,#NE
1717,1717,9,26,27,2026,1,#NE
1718,1718,9,26,16,2026,1,#NE
1719,1719,9,26,16,2026,1,#NE
1720,1720,9,26,16,2026,1,#NE
1721,1721,9,24,26,2026,1,#NE
1722,1722,8,11,17,2026,1,#NE
1723,1723,9,26,29,2026,1,#NE
1724,1724,9,26,20,2026,1,#NE
1725,1725,9,24,6,2026,1,#NE
1726,1726,9,24,6,2026,1,#NE
1727,1727,9,26,15,2026,1,#NE
1728,1728,9,26,15,2026,1,#NE
1729,1729,9,24,6,2026,1,#NE
1730,1730,9,24,6,2026,1,#NE
1731,1731,9,24,6,2026,1,#NE
1732,1732,9,26,15,2026,1,#NE
1733,1733,9,24,6,2026,1,#NE
1734,1734,9,24,20,2026,1,#NE
1735,1735,9,24,20,2026,1,#NE
1736,1736,9,24,20,2026,1,#NE
1737,1737,9,24,20,2026,1,#NE
1738,1738,9,26,25,2026,1,#NE
1739,1739,9,26,25,2026,1,#NE
1740,1740,9,26,15,2026,1,#NE
1741,1741,9,26,15,2026,1,#NE
1742,1742,9,24,20,2026,1,#NE
1743,1743,3,2,6,2026,1,#NE
1744,1744,3,1,19,2026,1,#NE
1745,1745,8,11,28,2026,1,#NE
1746,1746,9,20,30,2026,1,#NE
1747,1747,9,20,4,2026,1,#NE
1748,1748,9,20,4,2026,1,#NE
1749,1749,8,11,22,2026,1,#NE
1750,1750,9,20,4,2026,1,#NE
1751,1751,9,28,14,2026,1,#NE
1752,1752,9,28,14,2026,1,#NE
1753,1753,5,3,23,2026,1,#NE
1754,1754,5,3,21,2026,1,#NE
1755,1755,5,3,29,2026,1,#NE
1756,1756,9,16,14,2026,1,#NE
1757,1757,9,16,14,2026,1,#NE
1758,1758,9,16,14,2026,1,#NE
1759,1759,9,20,4,2026,1,#NE
1760,1760,9,28,14,2026,1,#NE
1761,1761,9,28,14,2026,1,#NE
1762,1762,9,28,14,2026,1,#NE
1763,1763,9,28,28,2026,1,#NE
1764,1764,9,16,14,2026,1,#NE
1765,1765,9,16,14,2026,1,#NE
1766,1766,9,16,14,2026,1,#NE
1767,1767,9,16,14,2026,1,#NE
1768,1768,9,16,14,2026,1,#NE
1769,1769,9,28,17,2026,1,#NE
1770,1770,9,28,21,2026,1,#NE
1771,1771,9,28,21,2026,1,#NE
1772,1772,9,16,27,2026,1,#NE
1773,1773,9,16,27,2026,1,#NE
1774,1774,9,16,27,2026,1,#NE
1775,1775,9,16,27,2026,1,#NE
1776,1776,9,28,21,2026,1,#NE
1777,1777,9,28,21,2026,1,#NE
1778,1778,9,28,21,2026,1,#NE
1779,1779,9,28,15,2026,1,#NE
1780,1780,9,28,15,2026,1,#NE
1781,1781,9,16,27,2026,1,#NE
1782,1782,9,16,6,2026,1,#NE
1783,1783,9,28,4,2026,1,#NE
1784,1784,9,16,6,2026,1,#NE
1785,1785,9,20,4,2026,1,#NE
1786,1786,9,20,4,2026,1,#NE
1787,1787,9,20,4,2026,1,#NE
1788,1788,9,20,4,2026,1,#NE
1789,1789,9,20,4,2026,1,#NE
1790,1790,9,28,20,2026,1,#NE
1791,1791,9,28,20,2026,1,#NE
1792,1792,9,28,20,2026,1,#NE
1793,1793,9,28,20,2026,1,#NE
1794,1794,9,16,19,2026,1,#NE
1795,1795,9,20,4,2026,1,#NE
1796,1796,9,20,2,2026,1,#NE
1797,1797,9,20,2,2026,1,#NE
1798,1798,9,28,6,2026,1,#NE
1799,1799,9,28,6,2026,1,#NE
1800,1800,9,28,6,2026,1,#NE
1801,1801,9,3,22,2026,1,#NE
1802,1802,9,16,19,2026,1,#NE
1803,1803,9,16,19,2026,1,#NE
1804,1804,9,16,25,2026,1,#NE
1805,1805,9,16,25,2026,1,#NE
1806,1806,9,20,2,2026,1,#NE
1807,1807,9,28,6,2026,1,#NE
1808,1808,9,3,15,2026,1,#NE
1809,1809,9,16,25,2026,1,#NE
1810,1810,9,20,2,2026,1,#NE
1811,1811,9,28,16,2026,1,#NE
1812,1812,9,28,29,2026,1,#NE
1813,1813,9,16,25,2026,1,#NE
1814,1814,9,16,25,2026,1,#NE
1815,1815,9,20,2,2026,1,#NE
1816,1816,9,20,2,2026,1,#NE
1817,1817,9,20,2,2026,1,#NE
1818,1818,9,20,2,2026,1,#NE
1819,1819,9,20,2,2026,1,#NE
1820,1820,9,28,24,2026,1,#NE
1821,1821,9,28,11,2026,1,#NE
1822,1822,9,16,13,2026,1,#NE
1823,1823,9,20,2,2026,1,#NE
1824,1824,9,20,23,2026,1,#NE
1825,1825,9,28,27,2026,1,#NE
1826,1826,9,28,27,2026,1,#NE
1827,1827,9,3,6,2026,1,#NE
1828,1828,9,3,6,2026,1,#NE
1829,1829,9,3,29,2026,1,#NE
1830,1830,9,16,16,2026,1,#NE
1831,1831,9,16,29,2026,1,#NE
1832,1832,9,16,16,2026,1,#NE
1833,1833,9,20,6,2026,1,#NE
1834,1834,9,20,6,2026,1,#NE
1835,1835,9,28,27,2026,1,#NE
1836,1836,9,28,9,2026,1,#NE
1837,1837,9,3,29,2026,1,#NE
1838,1838,9,3,29,2026,1,#NE
1839,1839,9,3,29,2026,1,#NE
1840,1840,9,20,6,2026,1,#NE
1841,1841,9,20,6,2026,1,#NE
1842,1842,1,6,30,2026,1,#NE
1843,1843,1,6,23,2026,1,#NE
1844,1844,9,3,29,2026,1,#NE
1845,1845,9,19,21,2026,1,#NE
1846,1846,9,19,21,2026,1,#NE
1847,1847,9,19,3,2026,1,#NE
1848,1848,9,19,21,2026,1,#NE
1849,1849,9,20,6,2026,1,#NE
1850,1850,9,20,6,2026,1,#NE
1851,1851,9,20,6,2026,1,#NE
1852,1852,5,2,21,2026,1,#NE
1853,1853,9,3,2,2026,1,#NE
1854,1854,9,3,2,2026,1,#NE
1855,1855,9,19,3,2026,1,#NE
1856,1856,9,20,8,2026,1,#NE
1857,1857,8,8,22,2026,1,#NE
1858,1858,8,8,22,2026,1,#NE
1859,1859,9,3,24,2026,1,#NE
1860,1860,9,3,24,2026,1,#NE
1861,1861,9,3,24,2026,1,#NE
1862,1862,9,3,24,2026,1,#NE
1863,1863,9,19,21,2026,1,#NE
1864,1864,9,19,21,2026,1,#NE
1865,1865,9,20,8,2026,1,#NE
1866,1866,9,3,1,2026,1,#NE
1867,1867,9,3,1,2026,1,#NE
1868,1868,9,19,6,2026,1,#NE
1869,1869,9,20,8,2026,1,#NE
1870,1870,9,20,8,2026,1,#NE
1871,1871,8,8,15,2026,1,#NE
1872,1872,8,8,7,2026,1,#NE
1873,1873,8,8,8,2026,1,#NE
1874,1874,8,8,8,2026,1,#NE
1875,1875,9,3,1,2026,1,#NE
1876,1876,9,3,9,2026,1,#NE
1877,1877,9,3,9,2026,1,#NE
1878,1878,9,20,8,2026,1,#NE
1879,1879,9,20,8,2026,1,#NE
1880,1880,8,8,8,2026,1,#NE
1881,1881,9,3,9,2026,1,#NE
1882,1882,9,19,6,2026,1,#NE
1883,1883,9,19,26,2026,1,#NE
1884,1884,9,20,8,2026,1,#NE
1885,1885,9,20,8,2026,1,#NE
1886,1886,9,20,8,2026,1,#NE
1887,1887,8,8,13,2026,1,#NE
1888,1888,9,3,20,2026,1,#NE
1889,1889,9,3,20,2026,1,#NE
1890,1890,8,8,24,2026,1,#NE
1891,1891,9,19,22,2026,1,#NE
1892,1892,9,19,26,2026,1,#NE
1893,1893,9,19,22,2026,1,#NE
1894,1894,8,8,29,2026,1,#NE
1895,1895,8,8,16,2026,1,#NE
1896,1896,9,19,17,2026,1,#NE
1897,1897,9,19,28,2026,1,#NE
1898,1898,8,8,2,2026,1,#NE
1899,1899,8,8,20,2026,1,#NE
1900,1900,8,8,4,2026,1,#NE
1901,1901,9,19,7,2026,1,#NE
1902,1902,9,20,1,2026,1,#NE
1903,1903,9,20,1,2026,1,#NE
1904,1904,9,20,1,2026,1,#NE
1905,1905,9,20,1,2026,1,#NE
1906,1906,8,8,6,2026,1,#NE
1907,1907,8,19,21,2026,1,#NE
1908,1908,9,3,20,2026,1,#NE
1909,1909,9,3,19,2026,1,#NE
1910,1910,9,19,27,2026,1,#NE
1911,1911,9,19,27,2026,1,#NE
1912,1912,9,19,27,2026,1,#NE
1913,1913,9,20,1,2026,1,#NE
1914,1914,9,3,27,2026,1,#NE
1915,1915,9,3,27,2026,1,#NE
1916,1916,9,3,27,2026,1,#NE
1917,1917,9,3,27,2026,1,#NE
1918,1918,9,19,27,2026,1,#NE
1919,1919,9,20,1,2026,1,#NE
1920,1920,9,3,13,2026,1,#NE
1921,1921,9,20,1,2026,1,#NE
1922,1922,9,20,1,2026,1,#NE
1923,1923,9,20,1,2026,1,#NE
1924,1924,9,20,1,2026,1,#NE
1925,1925,8,19,9,2026,1,#NE
1926,1926,8,19,9,2026,1,#NE
1927,1927,8,19,9,2026,1,#NE
1928,1928,9,19,9,2026,1,#NE
1929,1929,9,20,25,2026,1,#NE
1930,1930,8,19,9,2026,1,#NE
1931,1931,8,19,9,2026,1,#NE
1932,1932,8,19,9,2026,1,#NE
1933,1933,9,11,6,2026,1,#NE
1934,1934,9,19,29,2026,1,#NE
1935,1935,9,19,16,2026,1,#NE
1936,1936,9,19,29,2026,1,#NE
1937,1937,9,19,29,2026,1,#NE
1938,1938,8,19,7,2026,1,#NE
1939,1939,8,19,7,2026,1,#NE
1940,1940,8,19,7,2026,1,#NE
1941,1941,8,19,7,2026,1,#NE
1942,1942,9,19,16,2026,1,#NE
1943,1943,9,20,24,2026,1,#NE
1944,1944,8,19,7,2026,1,#NE
1945,1945,8,19,7,2026,1,#NE
1946,1946,9,11,19,2026,1,#NE
1947,1947,9,19,16,2026,1,#NE
1948,1948,9,19,15,2026,1,#NE
1949,1949,9,20,24,2026,1,#NE
1950,1950,9,20,24,2026,1,#NE
1951,1951,9,20,25,2026,1,#NE
1952,1952,9,20,24,2026,1,#NE
1953,1953,9,20,24,2026,1,#NE
1954,1954,9,11,19,2026,1,#NE
1955,1955,9,19,15,2026,1,#NE
1956,1956,9,20,24,2026,1,#NE
1957,1957,8,19,16,2026,1,#NE
1958,1958,9,20,13,2026,1,#NE
1959,1959,8,19,16,2026,1,#NE
1960,1960,9,19,15,2026,1,#NE
1961,1961,9,19,15,2026,1,#NE
1962,1962,9,19,15,2026,1,#NE
1963,1963,9,20,13,2026,1,#NE
1964,1964,9,20,13,2026,1,#NE
1965,1965,9,20,13,2026,1,#NE
1966,1966,8,19,27,2026,1,#NE
1967,1967,9,11,17,2026,1,#NE
1968,1968,9,11,28,2026,1,#NE
1969,1969,9,19,25,2026,1,#NE
1970,1970,9,19,24,2026,1,#NE
1971,1971,9,19,24,2026,1,#NE
1972,1972,9,19,24,2026,1,#NE
1973,1973,9,20,13,2026,1,#NE
1974,1974,9,20,13,2026,1,#NE
1975,1975,9,20,13,2026,1,#NE
1976,1976,8,19,15,2026,1,#NE
1977,1977,9,11,27,2026,1,#NE
1978,1978,9,11,27,2026,1,#NE
1979,1979,9,19,24,2026,1,#NE
1980,1980,8,19,20,2026,1,#NE
1981,1981,8,19,20,2026,1,#NE
1982,1982,9,11,27,2026,1,#NE
1983,1983,9,19,24,2026,1,#NE
1984,1984,9,19,24,2026,1,#NE
1985,1985,9,20,14,2026,1,#NE
1986,1986,9,20,14,2026,1,#NE
1987,1987,8,19,20,2026,1,#NE
1988,1988,8,19,20,2026,1,#NE
1989,1989,8,19,20,2026,1,#NE
1990,1990,8,19,20,2026,1,#NE
1991,1991,8,19,20,2026,1,#NE
1992,1992,9,11,14,2026,1,#NE
1993,1993,9,19,24,2026,1,#NE
1994,1994,9,20,14,2026,1,#NE
1995,1995,9,20,14,2026,1,#NE
1996,1996,9,20,14,2026,1,#NE
1997,1997,8,19,19,2026,1,#NE
1998,1998,9,11,22,2026,1,#NE
1999,1999,9,11,22,2026,1,#NE
2000,2000,9,19,14,2026,1,#NE
2001,2001,8,19,19,2026,1,#NE
2002,2002,8,19,19,2026,1,#NE
2003,2003,9,19,14,2026,1,#NE
2004,2004,9,19,14,2026,1,#NE
2005,2005,9,19,14,2026,1,#NE
2006,2006,9,19,14,2026,1,#NE
2007,2007,8,19,24,2026,1,#NE
2008,2008,9,11,22,2026,1,#NE
2009,2009,9,11,22,2026,1,#NE
2010,2010,9,11,24,2026,1,#NE
2011,2011,9,19,14,2026,1,#NE
2012,2012,9,19,14,2026,1,#NE
2013,2013,9,19,14,2026,1,#NE
2014,2014,9,20,14,2026,1,#NE
2015,2015,9,20,14,2026,1,#NE
2016,2016,9,20,14,2026,1,#NE
2017,2017,9,20,14,2026,1,#NE
2018,2018,8,19,11,2026,1,#NE
2019,2019,8,19,24,2026,1,#NE
2020,2020,8,19,19,2026,1,#NE
2021,2021,8,19,26,2026,1,#NE
2022,2022,9,19,8,2026,1,#NE
2023,2023,9,19,8,2026,1,#NE
2024,2024,9,20,19,2026,1,#NE
2025,2025,8,19,26,2026,1,#NE
2026,2026,8,19,26,2026,1,#NE
2027,2027,8,19,22,2026,1,#NE
2028,2028,8,19,22,2026,1,#NE
2029,2029,8,19,22,2026,1,#NE
2030,2030,9,11,24,2026,1,#NE
2031,2031,9,11,24,2026,1,#NE
2032,2032,9,11,24,2026,1,#NE
2033,2033,9,11,13,2026,1,#NE
2034,2034,9,19,2,2026,1,#NE
2035,2035,9,19,2,2026,1,#NE
2036,2036,9,19,2,2026,1,#NE
2037,2037,9,19,2,2026,1,#NE
2038,2038,8,19,13,2026,1,#NE
2039,2039,8,19,13,2026,1,#NE
2040,2040,8,19,13,2026,1,#NE
2041,2041,8,19,13,2026,1,#NE
2042,2042,8,19,13,2026,1,#NE
2043,2043,8,19,13,2026,1,#NE
2044,2044,9,19,13,2026,1,#NE
2045,2045,9,19,13,2026,1,#NE
2046,2046,9,19,13,2026,1,#NE
2047,2047,8,19,14,2026,1,#NE
2048,2048,8,19,14,2026,1,#NE
2049,2049,9,19,13,2026,1,#NE
2050,2050,9,19,13,2026,1,#NE
2051,2051,9,19,13,2026,1,#NE
2052,2052,8,19,14,2026,1,#NE
2053,2053,8,19,14,2026,1,#NE
2054,2054,9,19,20,2026,1,#NE
2055,2055,8,19,6,2026,1,#NE
2056,2056,9,11,13,2026,1,#NE
2057,2057,9,11,13,2026,1,#NE
2058,2058,9,11,29,2026,1,#NE
2059,2059,9,19,20,2026,1,#NE
2060,2060,9,20,19,2026,1,#NE
2061,2061,8,19,6,2026,1,#NE
2062,2062,9,19,20,2026,1,#NE
2063,2063,9,20,19,2026,1,#NE
2064,2064,9,20,19,2026,1,#NE
2065,2065,9,20,19,2026,1,#NE
2066,2066,5,14,5,2026,1,#NE
2067,2067,3,15,15,2026,1,#NE
2068,2068,8,23,2,2026,1,#NE
2069,2069,9,20,19,2026,1,#NE
2070,2070,8,4,6,2026,1,#NE
2071,2071,8,4,6,2026,1,#NE
2072,2072,9,11,9,2026,1,#NE
2073,2073,9,11,9,2026,1,#NE
2074,2074,8,23,6,2026,1,#NE
2075,2075,9,20,19,2026,1,#NE
2076,2076,9,20,19,2026,1,#NE
2077,2077,9,20,20,2026,1,#NE
2078,2078,8,4,15,2026,1,#NE
2079,2079,8,4,12,2026,1,#NE
2080,2080,9,11,9,2026,1,#NE
2081,2081,9,11,9,2026,1,#NE
2082,2082,9,11,20,2026,1,#NE
2083,2083,8,23,9,2026,1,#NE
2084,2084,8,23,9,2026,1,#NE
2085,2085,8,23,27,2026,1,#NE
2086,2086,8,4,26,2026,1,#NE
2087,2087,8,4,13,2026,1,#NE
2088,2088,8,23,21,2026,1,#NE
2089,2089,8,23,14,2026,1,#NE
2090,2090,8,4,7,2026,1,#NE
2091,2091,8,4,4,2026,1,#NE
2092,2092,8,4,14,2026,1,#NE
2093,2093,8,23,28,2026,1,#NE
2094,2094,9,20,20,2026,1,#NE
2095,2095,9,20,20,2026,1,#NE
2096,2096,9,20,20,2026,1,#NE
2097,2097,8,4,20,2026,1,#NE
2098,2098,8,23,24,2026,1,#NE
2099,2099,8,23,24,2026,1,#NE
2100,2100,9,20,20,2026,1,#NE
2101,2101,9,20,20,2026,1,#NE
2102,2102,8,28,16,2026,1,#NE
2103,2103,3,23,14,2026,1,#NE
2104,2104,3,23,28,2026,1,#NE
2105,2105,9,20,20,2026,1,#NE
2106,2106,9,20,20,2026,1,#NE
2107,2107,9,20,20,2026,1,#NE
2108,2108,9,20,20,2026,1,#NE
2109,2109,9,20,29,2026,1,#NE
2110,2110,6,23,29,2026,1,#NE
2111,2111,6,23,9,2026,1,#NE
2112,2112,9,20,29,2026,1,#NE
2113,2113,9,20,29,2026,1,#NE
2114,2114,9,20,16,2026,1,#NE
2115,2115,9,20,29,2026,1,#NE
2116,2116,4,7,30,2026,1,#NE
2117,2117,6,1,14,2026,1,#NE
2118,2118,6,1,16,2026,1,#NE
2119,2119,6,1,28,2026,1,#NE
2120,2120,5,21,24,2026,1,#NE
2121,2121,9,20,16,2026,1,#NE
2122,2122,8,28,17,2026,1,#NE
2123,2123,8,28,21,2026,1,#NE
2124,2124,8,28,15,2026,1,#NE
2125,2125,6,25,14,2026,1,#NE
2126,2126,5,21,22,2026,1,#NE
2127,2127,5,19,7,2026,1,#NE
2128,2128,5,19,20,2026,1,#NE
2129,2129,5,19,30,2026,1,#NE
2130,2130,9,20,16,2026,1,#NE
2131,2131,9,20,16,2026,1,#NE
2132,2132,9,20,16,2026,1,#NE
2133,2133,8,28,14,2026,1,#NE
2134,2134,6,25,23,2026,1,#NE
2135,2135,6,14,1,2026,1,#NE
2136,2136,5,23,19,2026,1,#NE
2137,2137,5,23,14,2026,1,#NE
2138,2138,8,28,25,2026,1,#NE
2139,2139,8,28,13,2026,1,#NE
2140,2140,8,9,27,2026,1,#NE
2141,2141,8,9,20,2026,1,#NE
2142,2142,8,9,15,2026,1,#NE
2143,2143,8,28,4,2026,1,#NE
2144,2144,8,9,15,2026,1,#NE
2145,2145,8,9,28,2026,1,#NE
2146,2146,8,9,28,2026,1,#NE
2147,2147,9,21,24,2026,1,#NE
2148,2148,9,21,24,2026,1,#NE
2149,2149,8,9,24,2026,1,#NE
2150,2150,8,9,24,2026,1,#NE
2151,2151,9,21,25,2026,1,#NE
2152,2152,9,21,22,2026,1,#NE
2153,2153,8,9,2,2026,1,#NE
2154,2154,9,21,22,2026,1,#NE
2155,2155,9,21,22,2026,1,#NE
2156,2156,8,9,29,2026,1,#NE
2157,2157,8,9,16,2026,1,#NE
2158,2158,9,21,21,2026,1,#NE
2159,2159,9,21,21,2026,1,#NE
2160,2160,9,21,21,2026,1,#NE
2161,2161,9,21,21,2026,1,#NE
2162,2162,8,9,19,2026,1,#NE
2163,2163,8,9,19,2026,1,#NE
2164,2164,8,9,4,2026,1,#NE
2165,2165,9,21,21,2026,1,#NE
2166,2166,9,21,6,2026,1,#NE
2167,2167,9,21,6,2026,1,#NE
2168,2168,6,5,22,2026,1,#NE
2169,2169,7,16,6,2026,1,#NE
2170,2170,8,9,7,2026,1,#NE
2171,2171,9,21,6,2026,1,#NE
2172,2172,9,21,6,2026,1,#NE
2173,2173,9,21,14,2026,1,#NE
2174,2174,8,9,14,2026,1,#NE
2175,2175,8,9,14,2026,1,#NE
2176,2176,9,21,14,2026,1,#NE
2177,2177,9,21,14,2026,1,#NE
2178,2178,4,2,21,2026,1,#NE
2179,2179,4,22,29,2026,1,#NE
2180,2180,9,21,17,2026,1,#NE
2181,2181,6,20,24,2026,1,#NE
2182,2182,6,20,14,2026,1,#NE
2183,2183,6,20,5,2026,1,#NE
2184,2184,6,18,21,2026,1,#NE
2185,2185,9,21,16,2026,1,#NE
2186,2186,9,21,16,2026,1,#NE
2187,2187,6,3,14,2026,1,#NE
2188,2188,6,3,22,2026,1,#NE
2189,2189,4,20,30,2026,1,#NE
2190,2190,6,9,17,2026,1,#NE
2191,2191,7,18,6,2026,1,#NE
2192,2192,7,17,30,2026,1,#NE
2193,2193,4,28,27,2026,1,#NE
2194,2194,4,26,4,2026,1,#NE
2195,2195,6,2,14,2026,1,#NE
2196,2196,6,2,20,2026,1,#NE
2197,2197,7,17,24,2026,1,#NE
2198,2198,4,25,28,2026,1,#NE
2199,2199,4,17,12,2026,1,#NE
2200,2200,7,7,6,2026,1,#NE
2201,2201,6,12,20,2026,1,#NE
2202,2202,6,12,30,2026,1,#NE
2203,2203,6,12,6,2026,1,#NE
2204,2204,6,12,23,2026,1,#NE
2205,2205,7,5,30,2026,1,#NE
2206,2206,6,12,26,2026,1,#NE
2207,2207,2,6,5,2026,1,#NE
2208,2208,2,6,7,2026,1,#NE
2209,2209,6,8,9,2026,1,#NE
2210,2210,6,8,23,2026,1,#NE
2211,2211,6,8,26,2026,1,#NE
2212,2212,7,19,14,2026,1,#NE
2213,2213,4,16,14,2026,1,#NE
2214,2214,6,13,22,2026,1,#NE
2215,2215,6,13,24,2026,1,#NE
2216,2216,7,12,13,2026,1,#NE
2217,2217,7,9,13,2026,1,#NE
2218,2218,7,9,2,2026,1,#NE
2219,2219,4,21,30,2026,1,#NE
2220,2220,7,12,16,2026,1,#NE
2221,2221,6,16,30,2026,1,#NE
2222,2222,6,16,19,2026,1,#NE
2223,2223,6,4,4,2026,1,#NE
2224,2224,6,4,1,2026,1,#NE
2225,2225,4,15,30,2026,1,#NE
2226,2226,4,15,22,2026,1,#NE
2227,2227,4,18,22,2026,1,#NE
2228,2228,7,26,13,2026,1,#NE
2229,2229,7,4,12,2026,1,#NE
2230,2230,4,11,24,2026,1,#NE
2231,2231,4,11,10,2026,1,#NE
2232,2232,6,11,23,2026,1,#NE
2233,2233,7,15,4,2026,1,#NE
2234,2234,7,15,15,2026,1,#NE
2235,2235,9,20,16,2026,1,#NE
2236,2236,9,20,5,2026,1,#NE
2237,2237,9,20,5,2026,1,#NE
2238,2238,9,20,5,2026,1,#NE
2239,2239,9,20,5,2026,1,#NE
2240,2240,9,20,5,2026,1,#NE
2241,2241,9,20,15,2026,1,#NE
2242,2242,9,20,15,2026,1,#NE
2243,2243,9,20,15,2026,1,#NE
2244,2244,9,20,15,2026,1,#NE
2245,2245,9,20,15,2026,1,#NE
2246,2246,9,20,15,2026,1,#NE
2247,2247,9,20,15,2026,1,#NE
2248,2248,9,20,15,2026,1,#NE
2249,2249,9,20,15,2026,1,#NE
2250,2250,9,20,17,2026,1,#NE
2251,2251,9,20,28,2026,1,#NE
2252,2252,9,20,28,2026,1,#NE
2253,2253,9,20,28,2026,1,#NE
2254,2254,9,20,9,2026,1,#NE
2255,2255,9,20,9,2026,1,#NE
2256,2256,9,20,9,2026,1,#NE
2257,2257,9,20,9,2026,1,#NE
2258,2258,9,20,9,2026,1,#NE
2259,2259,9,20,9,2026,1,#NE
2260,2260,3,25,17,2026,1,#NE
2261,2261,5,12,21,2026,1,#NE
2262,2262,5,12,30,2026,1,#NE
2263,2263,5,12,2,2026,1,#NE
2264,2264,5,12,22,2026,1,#NE
2265,2265,5,20,27,2026,1,#NE
2266,2266,5,20,18,2026,1,#NE
2267,2267,5,20,20,2026,1,#NE
2268,2268,5,20,14,2026,1,#NE
2269,2269,9,2,14,2026,1,#NE
2270,2270,9,2,14,2026,1,#NE
2271,2271,9,2,24,2026,1,#NE
2272,2272,9,2,24,2026,1,#NE
2273,2273,9,2,11,2026,1,#NE
2274,2274,9,2,24,2026,1,#NE
2275,2275,9,2,24,2026,1,#NE
2276,2276,9,2,6,2026,1,#NE
2277,2277,9,2,6,2026,1,#NE
2278,2278,9,2,17,2026,1,#NE
2279,2279,9,2,28,2026,1,#NE
2280,2280,9,2,17,2026,1,#NE
2281,2281,9,9,1,2026,1,#NE
2282,2282,9,9,26,2026,1,#NE
2283,2283,9,9,26,2026,1,#NE
2284,2284,9,9,26,2026,1,#NE
2285,2285,9,9,26,2026,1,#NE
2286,2286,9,9,21,2026,1,#NE
2287,2287,9,9,21,2026,1,#NE
2288,2288,9,9,14,2026,1,#NE
2289,2289,9,9,21,2026,1,#NE
2290,2290,9,9,21,2026,1,#NE
2291,2291,9,9,16,2026,1,#NE
2292,2292,9,9,16,2026,1,#NE
2293,2293,9,9,29,2026,1,#NE
2294,2294,9,9,16,2026,1,#NE
2295,2295,9,9,15,2026,1,#NE
2296,2296,9,9,15,2026,1,#NE
2297,2297,9,9,15,2026,1,#NE
2298,2298,9,9,27,2026,1,#NE
2299,2299,9,9,27,2026,1,#NE
2300,2300,9,9,27,2026,1,#NE
2301,2301,9,9,27,2026,1,#NE
2302,2302,9,9,27,2026,1,#NE
2303,2303,9,9,27,2026,1,#NE
2304,2304,9,9,27,2026,1,#NE
2305,2305,9,9,4,2026,1,#NE
2306,2306,9,9,4,2026,1,#NE
2307,2307,9,9,4,2026,1,#NE
2308,2308,9,9,4,2026,1,#NE
2309,2309,9,9,9,2026,1,#NE
2310,2310,9,9,9,2026,1,#NE
2311,2311,9,9,9,2026,1,#NE
2312,2312,9,9,28,2026,1,#NE
2313,2313,9,9,28,2026,1,#NE
2314,2314,9,9,17,2026,1,#NE
2315,2315,9,9,5,2026,1,#NE
2316,2316,9,9,5,2026,1,#NE
2317,2317,9,9,5,2026,1,#NE
2318,2318,9,9,5,2026,1,#NE
2319,2319,9,9,19,2026,1,#NE
2320,2320,9,9,19,2026,1,#NE
2321,2321,9,9,19,2026,1,#NE
2322,2322,9,9,19,2026,1,#NE
2323,2323,9,9,6,2026,1,#NE
2324,2324,9,9,6,2026,1,#NE
2325,2325,9,9,13,2026,1,#NE
2326,2326,9,9,24,2026,1,#NE
2327,2327,9,9,24,2026,1,#NE
2328,2328,9,9,24,2026,1,#NE
2329,2329,9,9,11,2026,1,#NE
2330,2330,9,9,24,2026,1,#NE
2331,2331,9,9,24,2026,1,#NE
2332,2332,3,19,7,2026,1,#NE
2333,2333,8,17,4,2026,1,#NE
2334,2334,8,17,7,2026,1,#NE
2335,2335,8,17,7,2026,1,#NE
2336,2336,8,17,7,2026,1,#NE
2337,2337,8,17,7,2026,1,#NE
2338,2338,8,17,7,2026,1,#NE
2339,2339,8,17,6,2026,1,#NE
2340,2340,8,17,6,2026,1,#NE
2341,2341,8,17,6,2026,1,#NE
2342,2342,8,17,6,2026,1,#NE
2343,2343,8,17,6,2026,1,#NE
2344,2344,8,17,30,2026,1,#NE
2345,2345,8,17,15,2026,1,#NE
2346,2346,8,17,15,2026,1,#NE
2347,2347,8,17,15,2026,1,#NE
2348,2348,8,17,15,2026,1,#NE
2349,2349,8,17,15,2026,1,#NE
2350,2350,8,17,15,2026,1,#NE
2351,2351,8,17,22,2026,1,#NE
2352,2352,8,17,21,2026,1,#NE
2353,2353,8,17,21,2026,1,#NE
2354,2354,8,17,21,2026,1,#NE
2355,2355,8,17,14,2026,1,#NE
2356,2356,8,17,14,2026,1,#NE
2357,2357,8,17,14,2026,1,#NE
2358,2358,8,17,14,2026,1,#NE
2359,2359,8,17,14,2026,1,#NE
2360,2360,8,17,14,2026,1,#NE
2361,2361,8,17,9,2026,1,#NE
2362,2362,8,17,2,2026,1,#NE
2363,2363,8,17,13,2026,1,#NE
2364,2364,8,17,13,2026,1,#NE
2365,2365,8,17,20,2026,1,#NE
2366,2366,8,17,20,2026,1,#NE
2367,2367,8,17,24,2026,1,#NE
2368,2368,8,17,25,2026,1,#NE
2369,2369,8,17,24,2026,1,#NE
2370,2370,8,17,19,2026,1,#NE
2371,2371,8,17,19,2026,1,#NE
2372,2372,8,17,19,2026,1,#NE
2373,2373,8,17,28,2026,1,#NE
2374,2374,8,17,28,2026,1,#NE
2375,2375,8,17,27,2026,1,#NE
2376,2376,8,17,27,2026,1,#NE
2377,2377,8,17,27,2026,1,#NE
2378,2378,8,17,27,2026,1,#NE
2379,2379,8,17,16,2026,1,#NE
2380,2380,8,17,29,2026,1,#NE
2381,2381,8,17,29,2026,1,#NE
2382,2382,8,17,16,2026,1,#NE
2383,2383,9,4,26,2026,1,#NE
2384,2384,9,4,26,2026,1,#NE
2385,2385,9,4,26,2026,1,#NE
2386,2386,9,4,26,2026,1,#NE
2387,2387,9,4,14,2026,1,#NE
2388,2388,9,4,14,2026,1,#NE
2389,2389,9,4,16,2026,1,#NE
2390,2390,9,4,29,2026,1,#NE
2391,2391,9,4,29,2026,1,#NE
2392,2392,9,4,20,2026,1,#NE
2393,2393,9,4,9,2026,1,#NE
2394,2394,9,4,9,2026,1,#NE
2395,2395,9,4,27,2026,1,#NE
2396,2396,9,4,27,2026,1,#NE
2397,2397,9,4,27,2026,1,#NE
2398,2398,9,4,6,2026,1,#NE
2399,2399,9,4,15,2026,1,#NE
2400,2400,9,4,15,2026,1,#NE
2401,2401,9,4,15,2026,1,#NE
2402,2402,9,4,15,2026,1,#NE
2403,2403,8,2,14,2026,1,#NE
2404,2404,8,2,2,2026,1,#NE
2405,2405,8,2,24,2026,1,#NE
2406,2406,8,2,20,2026,1,#NE
2407,2407,8,2,16,2026,1,#NE
2408,2408,8,2,9,2026,1,#NE
2409,2409,8,2,4,2026,1,#NE
2410,2410,9,7,22,2026,1,#NE
2411,2411,9,7,20,2026,1,#NE
2412,2412,9,7,30,2026,1,#NE
2413,2413,9,7,21,2026,1,#NE
2414,2414,9,7,21,2026,1,#NE
2415,2415,9,7,21,2026,1,#NE
2416,2416,9,7,21,2026,1,#NE
2417,2417,9,7,21,2026,1,#NE
2418,2418,9,7,21,2026,1,#NE
2419,2419,9,7,8,2026,1,#NE
2420,2420,9,7,8,2026,1,#NE
2421,2421,9,7,8,2026,1,#NE
2422,2422,9,7,8,2026,1,#NE
2423,2423,9,7,8,2026,1,#NE
2424,2424,9,7,9,2026,1,#NE
2425,2425,9,7,9,2026,1,#NE
2426,2426,9,7,14,2026,1,#NE
2427,2427,9,7,29,2026,1,#NE
2428,2428,9,7,29,2026,1,#NE
2429,2429,9,7,14,2026,1,#NE
2430,2430,9,7,29,2026,1,#NE
2431,2431,9,7,6,2026,1,#NE
2432,2432,9,7,24,2026,1,#NE
2433,2433,9,7,11,2026,1,#NE
2434,2434,9,7,24,2026,1,#NE
2435,2435,9,7,24,2026,1,#NE
2436,2436,9,7,19,2026,1,#NE
2437,2437,9,7,19,2026,1,#NE
2438,2438,9,7,19,2026,1,#NE
2439,2439,9,7,19,2026,1,#NE
2440,2440,9,7,17,2026,1,#NE
2441,2441,9,7,17,2026,1,#NE
2442,2442,9,7,17,2026,1,#NE
2443,2443,9,7,28,2026,1,#NE
2444,2444,9,7,28,2026,1,#NE
2445,2445,9,7,28,2026,1,#NE
2446,2446,9,7,13,2026,1,#NE
2447,2447,9,7,13,2026,1,#NE
2448,2448,9,7,13,2026,1,#NE
2449,2449,9,7,13,2026,1,#NE
2450,2450,9,7,17,2026,1,#NE
2451,2451,9,7,27,2026,1,#NE
2452,2452,5,10,29,2026,1,#NE
2453,2453,5,1,4,2026,1,#NE
2454,2454,5,1,22,2026,1,#NE
2455,2455,5,1,28,2026,1,#NE
2456,2456,9,1,16,2026,1,#NE
2457,2457,9,1,29,2026,1,#NE
2458,2458,9,1,29,2026,1,#NE
2459,2459,9,1,16,2026,1,#NE
2460,2460,9,1,16,2026,1,#NE
2461,2461,9,1,24,2026,1,#NE
2462,2462,9,1,24,2026,1,#NE
2463,2463,9,1,24,2026,1,#NE
2464,2464,9,1,20,2026,1,#NE
2465,2465,9,1,20,2026,1,#NE
2466,2466,9,1,20,2026,1,#NE
2467,2467,9,1,9,2026,1,#NE
2468,2468,9,1,9,2026,1,#NE
2469,2469,9,1,9,2026,1,#NE
2470,2470,9,1,9,2026,1,#NE
2471,2471,9,1,9,2026,1,#NE
2472,2472,9,1,14,2026,1,#NE
2473,2473,9,1,14,2026,1,#NE
2474,2474,9,1,14,2026,1,#NE
2475,2475,9,1,21,2026,1,#NE
2476,2476,9,1,21,2026,1,#NE
2477,2477,9,1,21,2026,1,#NE
2478,2478,9,1,3,2026,1,#NE
2479,2479,9,1,28,2026,1,#NE
2480,2480,9,1,28,2026,1,#NE
2481,2481,9,1,17,2026,1,#NE
2482,2482,9,1,13,2026,1,#NE
2483,2483,9,1,27,2026,1,#NE
2484,2484,9,1,27,2026,1,#NE
2485,2485,9,1,15,2026,1,#NE
2486,2486,9,1,15,2026,1,#NE
2487,2487,9,1,15,2026,1,#NE
2488,2488,9,17,9,2026,1,#NE
2489,2489,9,17,9,2026,1,#NE
2490,2490,9,17,9,2026,1,#NE
2491,2491,9,17,9,2026,1,#NE
2492,2492,9,17,9,2026,1,#NE
2493,2493,9,17,9,2026,1,#NE
2494,2494,9,17,14,2026,1,#NE
2495,2495,9,17,14,2026,1,#NE
2496,2496,9,17,14,2026,1,#NE
2497,2497,9,17,14,2026,1,#NE
2498,2498,9,17,14,2026,1,#NE
2499,2499,9,17,6,2026,1,#NE
2500,2500,9,17,6,2026,1,#NE
2501,2501,9,17,6,2026,1,#NE
2502,2502,9,17,6,2026,1,#NE
2503,2503,9,17,15,2026,1,#NE
2504,2504,9,17,7,2026,1,#NE
2505,2505,9,17,15,2026,1,#NE
2506,2506,9,17,7,2026,1,#NE
2507,2507,9,17,15,2026,1,#NE
2508,2508,9,17,15,2026,1,#NE
2509,2509,9,17,29,2026,1,#NE
2510,2510,9,17,16,2026,1,#NE
2511,2511,9,17,16,2026,1,#NE
2512,2512,9,17,16,2026,1,#NE
2513,2513,9,17,29,2026,1,#NE
2514,2514,9,17,29,2026,1,#NE
2515,2515,9,17,24,2026,1,#NE
2516,2516,9,17,24,2026,1,#NE
2517,2517,9,17,19,2026,1,#NE
2518,2518,9,17,19,2026,1,#NE
2519,2519,9,17,19,2026,1,#NE
2520,2520,9,17,19,2026,1,#NE
2521,2521,9,17,19,2026,1,#NE
2522,2522,9,17,19,2026,1,#NE
2523,2523,9,17,23,2026,1,#NE
2524,2524,9,17,23,2026,1,#NE
2525,2525,9,17,26,2026,1,#NE
2526,2526,9,17,22,2026,1,#NE
2527,2527,9,17,26,2026,1,#NE
2528,2528,9,17,26,2026,1,#NE
2529,2529,9,17,20,2026,1,#NE
2530,2530,9,17,20,2026,1,#NE
2531,2531,9,17,20,2026,1,#NE
2532,2532,9,17,20,2026,1,#NE
2533,2533,9,17,20,2026,1,#NE
2534,2534,9,17,20,2026,1,#NE
2535,2535,9,17,20,2026,1,#NE
2536,2536,9,17,20,2026,1,#NE
2537,2537,9,17,20,2026,1,#NE
2538,2538,9,17,30,2026,1,#NE
2539,2539,9,17,2,2026,1,#NE
2540,2540,9,17,2,2026,1,#NE
2541,2541,9,17,2,2026,1,#NE
2542,2542,9,17,2,2026,1,#NE
2543,2543,9,17,2,2026,1,#NE
2544,2544,9,17,2,2026,1,#NE
2545,2545,9,17,2,2026,1,#NE
2546,2546,9,17,27,2026,1,#NE
2547,2547,9,17,27,2026,1,#NE
2548,2548,9,17,27,2026,1,#NE
2549,2549,6,19,24,2026,1,#NE
2550,2550,6,15,6,2026,1,#NE
2551,2551,6,15,6,2026,1,#NE
2552,2552,6,26,6,2026,1,#NE
2553,2553,6,26,20,2026,1,#NE
2554,2554,6,26,13,2026,1,#NE
2555,2555,7,3,8,2026,1,#NE
2556,2556,4,13,12,2026,1,#NE
2557,2557,4,13,28,2026,1,#NE
2558,2558,4,13,4,2026,1,#NE
2559,2559,7,23,22,2026,1,#NE
2560,2560,7,23,19,2026,1,#NE
2561,2561,6,10,6,2026,1,#NE
2562,2562,6,7,30,2026,1,#NE
2563,2563,7,24,6,2026,1,#NE
2564,2564,7,21,25,2026,1,#NE
2565,2565,7,21,29,2026,1,#NE
2566,2566,7,21,16,2026,1,#NE
2567,2567,6,21,23,2026,1,#NE
2568,2568,6,21,1,2026,1,#NE
2569,2569,4,3,2,2026,1,#NE
2570,2570,7,11,24,2026,1,#NE
2571,2571,6,22,16,2026,1,#NE
2572,2572,7,10,6,2026,1,#NE
2573,2573,7,10,14,2026,1,#NE
2574,2574,5,8,1,2026,1,#NE
2575,2575,8,25,22,2026,1,#NE
2576,2576,8,26,28,2026,1,#NE
2577,2577,8,25,7,2026,1,#NE
2578,2578,8,20,15,2026,1,#NE
2579,2579,8,20,27,2026,1,#NE
2580,2580,8,5,15,2026,1,#NE
2581,2581,8,20,13,2026,1,#NE
2582,2582,8,14,19,2026,1,#NE
2583,2583,9,25,7,2026,1,#NE
2584,2584,9,25,1,2026,1,#NE
2585,2585,9,23,21,2026,1,#NE
2586,2586,10,8,6,2026,1,#NE
2587,2587,8,1,19,2026,1,#NE
2588,2588,8,24,1,2026,1,#NE
2589,2589,8,24,1,2026,1,#NE
2590,2590,8,15,29,2026,1,#NE
2591,2591,8,24,2,2026,1,#NE
2592,2592,9,24,5,2026,1,#NE
2593,2593,9,24,5,2026,1,#NE
2594,2594,9,24,5,2026,1,#NE
2595,2595,8,16,19,2026,1,#NE
2596,2596,8,18,5,2026,1,#NE
2597,2597,9,20,21,2026,1,#NE
2598,2598,8,18,4,2026,1,#NE
2599,2599,8,11,9,2026,1,#NE
2600,2600,9,26,22,2026,1,#NE
2601,2601,8,11,4,2026,1,#NE
2602,2602,9,26,15,2026,1,#NE
2603,2603,3,18,5,2026,1,#NE
2604,2604,9,20,2,2026,1,#NE
2605,2605,9,16,13,2026,1,#NE
2606,2606,9,20,2,2026,1,#NE
2607,2607,9,19,21,2026,1,#NE
2608,2608,9,19,21,2026,1,#NE
2609,2609,8,8,1,2026,1,#NE
2610,2610,9,19,7,2026,1,#NE
2611,2611,9,20,1,2026,1,#NE
2612,2612,8,19,9,2026,1,#NE
2613,2613,9,19,12,2026,1,#NE
2614,2614,9,11,19,2026,1,#NE
2615,2615,9,11,24,2026,1,#NE
2616,2616,9,19,8,2026,1,#NE
2617,2617,5,7,12,2026,1,#NE
2618,2618,8,28,29,2026,1,#NE
2619,2619,5,15,8,2026,1,#NE
2620,2620,4,23,12,2026,1,#NE
2621,2621,6,25,12,2026,1,#NE
2622,2622,8,28,5,2026,1,#NE
2623,2623,5,23,21,2026,1,#NE
2624,2624,6,18,4,2026,1,#NE
2625,2625,6,18,4,2026,1,#NE
2626,2626,6,18,5,2026,1,#NE
2627,2627,6,18,8,2026,1,#NE
2628,2628,6,18,8,2026,1,#NE
2629,2629,4,20,5,2026,1,#NE
2630,2630,7,17,5,2026,1,#NE
2631,2631,7,18,12,2026,1,#NE
2632,2632,4,18,4,2026,1,#NE
2633,2633,6,11,4,2026,1,#NE
2634,2634,9,20,5,2026,1,#NE
2635,2635,9,20,15,2026,1,#NE
2636,2636,9,20,17,2026,1,#NE
2637,2637,9,20,17,2026,1,#NE
2638,2638,9,9,21,2026,1,#NE
2639,2639,9,1,15,2026,1,#NE
2640,2640,9,17,8,2026,1,#NE
2641,2641,9,17,8,2026,1,#NE
2642,2642,9,17,8,2026,1,#NE
2643,2643,8,20,20,2026,1,#NE
2644,2644,8,22,9,2026,1,#NE
2645,2645,8,22,15,2026,1,#NE
2646,2646,9,22,25,2026,1,#NE
2647,2647,10,8,20,2026,1,#NE
2648,2648,9,15,15,2026,1,#NE
2649,2649,9,26,6,2026,1,#NE
2650,2650,8,8,14,2026,1,#NE
2651,2651,8,23,6,2026,1,#NE
2652,2652,9,11,2,2026,1,#NE
2653,2653,8,23,27,2026,1,#NE
2654,2654,7,22,14,2026,1,#NE
2655,2655,6,22,15,2026,1,#NE
2656,2656,8,20,21,2026,1,#NE
2657,2657,9,18,21,2026,1,#NE
2658,2658,9,20,30,2026,1,#NE
2659,2659,9,19,2,2026,1,#NE
2660,2660,5,15,28,2026,1,#NE
2661,2661,4,28,5,2026,1,#NE
2662,2662,6,16,13,2026,1,#NE
2663,2663,8,2,28,2026,1,#NE
2664,2664,5,27,3,2026,1,#NE
2665,2665,5,27,12,2026,1,#NE
2666,2666,5,26,4,2026,1,#NE
2667,2667,8,26,21,2026,1,#NE
2668,2668,9,27,4,2026,1,#NE
2669,2669,9,27,4,2026,1,#NE
2670,2670,9,27,4,2026,1,#NE
2671,2671,9,27,4,2026,1,#NE
2672,2672,9,27,4,2026,1,#NE
2673,2673,9,27,4,2026,1,#NE
2674,2674,9,27,29,2026,1,#NE
2675,2675,9,27,29,2026,1,#NE
2676,2676,9,27,29,2026,1,#NE
2677,2677,9,27,16,2026,1,#NE
2678,2678,9,27,29,2026,1,#NE
2679,2679,9,27,16,2026,1,#NE
2680,2680,9,27,29,2026,1,#NE
2681,2681,9,27,4,2026,1,#NE
2682,2682,9,27,4,2026,1,#NE
2683,2683,9,27,4,2026,1,#NE
2684,2684,9,27,4,2026,1,#NE
2685,2685,9,27,29,2026,1,#NE
2686,2686,9,27,4,2026,1,#NE
2687,2687,9,27,4,2026,1,#NE
2688,2688,9,27,4,2026,1,#NE
2689,2689,9,27,29,2026,1,#NE
2690,2690,9,27,16,2026,1,#NE
2691,2691,9,27,29,2026,1,#NE
2692,2692,9,27,29,2026,1,#NE
2693,2693,9,27,23,2026,1,#NE
2694,2694,9,27,23,2026,1,#NE
2695,2695,9,27,8,2026,1,#NE
2696,2696,9,27,8,2026,1,#NE
2697,2697,9,27,8,2026,1,#NE
2698,2698,9,27,8,2026,1,#NE
2699,2699,9,27,8,2026,1,#NE
2700,2700,9,27,8,2026,1,#NE
2701,2701,9,27,8,2026,1,#NE
2702,2702,9,27,8,2026,1,#NE
2703,2703,9,27,12,2026,1,#NE
2704,2704,9,27,24,2026,1,#NE
2705,2705,9,27,24,2026,1,#NE
2706,2706,9,27,24,2026,1,#NE
2707,2707,9,27,24,2026,1,#NE
2708,2708,9,27,24,2026,1,#NE
2709,2709,9,27,24,2026,1,#NE
2710,2710,9,27,24,2026,1,#NE
2711,2711,9,27,7,2026,1,#NE
2712,2712,9,27,7,2026,1,#NE
2713,2713,9,27,7,2026,1,#NE
2714,2714,9,27,7,2026,1,#NE
2715,2715,9,27,7,2026,1,#NE
2716,2716,9,27,7,2026,1,#NE
2717,2717,9,27,7,2026,1,#NE
2718,2718,9,27,7,2026,1,#NE
2719,2719,9,27,13,2026,1,#NE
2720,2720,9,27,13,2026,1,#NE
2721,2721,9,27,13,2026,1,#NE
2722,2722,9,27,13,2026,1,#NE
2723,2723,9,27,22,2026,1,#NE
2724,2724,9,27,22,2026,1,#NE
2725,2725,9,27,22,2026,1,#NE
2726,2726,9,27,22,2026,1,#NE
2727,2727,9,27,22,2026,1,#NE
2728,2728,9,27,22,2026,1,#NE
2729,2729,9,27,22,2026,1,#NE
2730,2730,9,27,22,2026,1,#NE
2731,2731,9,27,26,2026,1,#NE
2732,2732,9,27,15,2026,1,#NE
2733,2733,9,27,15,2026,1,#NE
2734,2734,9,27,15,2026,1,#NE
2735,2735,9,27,15,2026,1,#NE
2736,2736,9,27,15,2026,1,#NE
2737,2737,9,27,15,2026,1,#NE
2738,2738,9,27,15,2026,1,#NE
2739,2739,9,27,15,2026,1,#NE
2740,2740,9,27,15,2026,1,#NE
2741,2741,9,27,15,2026,1,#NE
2742,2742,9,27,27,2026,1,#NE
2743,2743,9,27,1,2026,1,#NE
2744,2744,9,27,1,2026,1,#NE
2745,2745,9,27,27,2026,1,#NE
2746,2746,9,27,27,2026,1,#NE
2747,2747,9,27,27,2026,1,#NE
2748,2748,9,27,6,2026,1,#NE
2749,2749,9,27,1,2026,1,#NE
2750,2750,9,27,27,2026,1,#NE
2751,2751,9,27,27,2026,1,#NE
2752,2752,9,27,6,2026,1,#NE
2753,2753,9,27,6,2026,1,#NE
2754,2754,9,27,6,2026,1,#NE
2755,2755,9,27,6,2026,1,#NE
2756,2756,9,27,6,2026,1,#NE
2757,2757,9,27,6,2026,1,#NE
2758,2758,9,27,6,2026,1,#NE
2759,2759,9,27,17,2026,1,#NE
2760,2760,9,27,17,2026,1,#NE
2761,2761,9,27,17,2026,1,#NE
2762,2762,9,27,17,2026,1,#NE
2763,2763,9,27,28,2026,1,#NE
2764,2764,9,27,17,2026,1,#NE
2765,2765,9,27,9,2026,1,#NE
2766,2766,9,27,9,2026,1,#NE
2767,2767,9,27,9,2026,1,#NE
2768,2768,9,27,9,2026,1,#NE
2769,2769,9,27,9,2026,1,#NE
2770,2770,9,27,9,2026,1,#NE
2771,2771,9,27,9,2026,1,#NE
2772,2772,9,27,9,2026,1,#NE
2773,2773,9,27,9,2026,1,#NE
2774,2774,9,27,9,2026,1,#NE
2775,2775,9,27,9,2026,1,#NE
2776,2776,9,27,2,2026,1,#NE
2777,2777,9,27,2,2026,1,#NE
2778,2778,9,27,2,2026,1,#NE
2779,2779,9,27,2,2026,1,#NE
2780,2780,8,20,5,2026,1,#NE
2781,2781,8,20,15,2026,1,#NE
2782,2782,9,27,20,2026,1,#NE
2783,2783,9,27,20,2026,1,#NE
2784,2784,9,27,20,2026,1,#NE
2785,2785,9,27,20,2026,1,#NE
2786,2786,9,27,20,2026,1,#NE
2787,2787,9,27,20,2026,1,#NE
2788,2788,9,27,20,2026,1,#NE
2789,2789,9,27,20,2026,1,#NE
2790,2790,9,27,20,2026,1,#NE
2791,2791,9,27,20,2026,1,#NE
2792,2792,9,27,20,2026,1,#NE
2793,2793,9,27,21,2026,1,#NE
2794,2794,9,27,3,2026,1,#NE
2795,2795,9,27,21,2026,1,#NE
2796,2796,9,27,21,2026,1,#NE
2797,2797,9,27,21,2026,1,#NE
2798,2798,9,27,21,2026,1,#NE
2799,2799,9,27,21,2026,1,#NE
2800,2800,9,27,14,2026,1,#NE
2801,2801,9,27,14,2026,1,#NE
2802,2802,9,27,14,2026,1,#NE
2803,2803,9,27,14,2026,1,#NE
2804,2804,9,27,14,2026,1,#NE
2805,2805,9,27,14,2026,1,#NE
2806,2806,9,27,19,2026,1,#NE
2807,2807,9,27,19,2026,1,#NE
2808,2808,9,27,19,2026,1,#NE
2809,2809,9,27,19,2026,1,#NE
2810,2810,9,27,19,2026,1,#NE
2811,2811,9,27,19,2026,1,#NE
2812,2812,9,27,19,2026,1,#NE
2813,2813,9,27,19,2026,1,#NE
2814,2814,9,27,19,2026,1,#NE
2815,2815,9,27,19,2026,1,#NE
2816,2816,9,5,8,2026,1,#NE
2817,2817,9,5,8,2026,1,#NE
2818,2818,8,20,20,2026,1,#NE
2819,2819,8,5,28,2026,1,#NE
2820,2820,8,5,6,2026,1,#NE
2821,2821,8,27,9,2026,1,#NE
2822,2822,8,27,9,2026,1,#NE
2823,2823,8,27,9,2026,1,#NE
2824,2824,8,27,9,2026,1,#NE
2825,2825,8,27,9,2026,1,#NE
2826,2826,8,27,9,2026,1,#NE
2827,2827,8,27,9,2026,1,#NE
2828,2828,8,27,9,2026,1,#NE
2829,2829,8,27,9,2026,1,#NE
2830,2830,8,27,9,2026,1,#NE
2831,2831,9,10,9,2026,1,#NE
2832,2832,8,27,21,2026,1,#NE
2833,2833,8,27,21,2026,1,#NE
2834,2834,8,27,21,2026,1,#NE
2835,2835,8,27,21,2026,1,#NE
2836,2836,8,27,21,2026,1,#NE
2837,2837,8,27,21,2026,1,#NE
2838,2838,8,27,21,2026,1,#NE
2839,2839,8,27,3,2026,1,#NE
2840,2840,8,27,13,2026,1,#NE
2841,2841,8,27,13,2026,1,#NE
2842,2842,8,27,13,2026,1,#NE
2843,2843,8,27,13,2026,1,#NE
2844,2844,8,27,13,2026,1,#NE
2845,2845,8,27,13,2026,1,#NE
2846,2846,8,27,13,2026,1,#NE
2847,2847,8,27,13,2026,1,#NE
2848,2848,8,27,13,2026,1,#NE
2849,2849,8,27,24,2026,1,#NE
2850,2850,8,27,24,2026,1,#NE
2851,2851,8,27,24,2026,1,#NE
2852,2852,8,27,24,2026,1,#NE
2853,2853,8,27,19,2026,1,#NE
2854,2854,8,27,19,2026,1,#NE
2855,2855,8,27,19,2026,1,#NE
2856,2856,8,27,19,2026,1,#NE
2857,2857,8,27,19,2026,1,#NE
2858,2858,8,27,19,2026,1,#NE
2859,2859,8,27,19,2026,1,#NE
2860,2860,8,27,19,2026,1,#NE
2861,2861,8,27,19,2026,1,#NE
2862,2862,8,27,6,2026,1,#NE
2863,2863,8,27,6,2026,1,#NE
2864,2864,8,27,6,2026,1,#NE
2865,2865,8,27,6,2026,1,#NE
2866,2866,8,27,6,2026,1,#NE
2867,2867,8,27,6,2026,1,#NE
2868,2868,8,27,6,2026,1,#NE
2869,2869,8,27,6,2026,1,#NE
2870,2870,8,27,6,2026,1,#NE
2871,2871,8,27,6,2026,1,#NE
2872,2872,8,27,27,2026,1,#NE
2873,2873,8,27,27,2026,1,#NE
2874,2874,8,27,27,2026,1,#NE
2875,2875,8,27,27,2026,1,#NE
2876,2876,8,27,27,2026,1,#NE
2877,2877,8,27,27,2026,1,#NE
2878,2878,8,27,27,2026,1,#NE
2879,2879,8,27,27,2026,1,#NE
2880,2880,8,27,22,2026,1,#NE
2881,2881,8,27,22,2026,1,#NE
2882,2882,8,12,28,2026,1,#NE
2883,2883,8,27,7,2026,1,#NE
2884,2884,3,14,8,2026,1,#NE
2885,2885,3,14,20,2026,1,#NE
2886,2886,3,14,7,2026,1,#NE
2887,2887,5,8,30,2026,1,#NE
2888,2888,5,8,14,2026,1,#NE
2889,2889,8,27,7,2026,1,#NE
2890,2890,8,27,7,2026,1,#NE
2891,2891,5,17,23,2026,1,#NE
2892,2892,5,17,12,2026,1,#NE
2893,2893,5,17,13,2026,1,#NE
2894,2894,8,20,7,2026,1,#NE
2895,2895,8,27,7,2026,1,#NE
2896,2896,8,27,7,2026,1,#NE
2897,2897,8,27,7,2026,1,#NE
2898,2898,3,8,23,2026,1,#NE
2899,2899,3,8,24,2026,1,#NE
2900,2900,5,26,14,2026,1,#NE
2901,2901,5,26,14,2026,1,#NE
2902,2902,5,26,27,2026,1,#NE
2903,2903,8,27,7,2026,1,#NE
2904,2904,8,27,2,2026,1,#NE
2905,2905,8,27,2,2026,1,#NE
2906,2906,8,27,2,2026,1,#NE
2907,2907,8,25,22,2026,1,#NE
2908,2908,8,20,7,2026,1,#NE
2909,2909,8,20,7,2026,1,#NE
2910,2910,3,13,22,2026,1,#NE
2911,2911,8,27,2,2026,1,#NE
2912,2912,8,27,2,2026,1,#NE
2913,2913,8,27,2,2026,1,#NE
2914,2914,3,13,4,2026,1,#NE
2915,2915,9,10,1,2026,1,#NE
2916,2916,9,10,1,2026,1,#NE
2917,2917,9,10,4,2026,1,#NE
2918,2918,9,10,4,2026,1,#NE
2919,2919,8,27,2,2026,1,#NE
2920,2920,8,10,21,2026,1,#NE
2921,2921,8,10,3,2026,1,#NE
2922,2922,8,27,2,2026,1,#NE
2923,2923,8,27,2,2026,1,#NE
2924,2924,8,25,22,2026,1,#NE
2925,2925,8,25,15,2026,1,#NE
2926,2926,8,20,7,2026,1,#NE
2927,2927,8,27,2,2026,1,#NE
2928,2928,8,27,2,2026,1,#NE
2929,2929,8,27,2,2026,1,#NE
2930,2930,8,27,15,2026,1,#NE
2931,2931,8,20,8,2026,1,#NE
2932,2932,8,27,15,2026,1,#NE
2933,2933,8,27,15,2026,1,#NE
2934,2934,8,27,15,2026,1,#NE
2935,2935,8,27,15,2026,1,#NE
2936,2936,8,10,6,2026,1,#NE
2937,2937,8,10,6,2026,1,#NE
2938,2938,8,25,15,2026,1,#NE
2939,2939,8,25,15,2026,1,#NE
2940,2940,8,25,4,2026,1,#NE
2941,2941,8,27,4,2026,1,#NE
2942,2942,8,27,4,2026,1,#NE
2943,2943,8,27,4,2026,1,#NE
2944,2944,8,20,8,2026,1,#NE
2945,2945,8,27,4,2026,1,#NE
2946,2946,8,10,15,2026,1,#NE
2947,2947,8,10,15,2026,1,#NE
2948,2948,8,27,4,2026,1,#NE
2949,2949,8,27,4,2026,1,#NE
2950,2950,8,27,4,2026,1,#NE
2951,2951,8,25,30,2026,1,#NE
2952,2952,8,20,8,2026,1,#NE
2953,2953,8,20,29,2026,1,#NE
2954,2954,8,27,20,2026,1,#NE
2955,2955,8,27,20,2026,1,#NE
2956,2956,8,27,20,2026,1,#NE
2957,2957,8,27,20,2026,1,#NE
2958,2958,8,20,29,2026,1,#NE
2959,2959,8,20,29,2026,1,#NE
2960,2960,8,10,16,2026,1,#NE
2961,2961,8,10,29,2026,1,#NE
2962,2962,8,27,28,2026,1,#NE
2963,2963,8,10,29,2026,1,#NE
2964,2964,8,10,29,2026,1,#NE
2965,2965,8,20,16,2026,1,#NE
2966,2966,8,27,17,2026,1,#NE
2967,2967,8,10,29,2026,1,#NE
2968,2968,8,10,19,2026,1,#NE
2969,2969,8,27,17,2026,1,#NE
2970,2970,8,27,28,2026,1,#NE
2971,2971,8,10,19,2026,1,#NE
2972,2972,8,27,17,2026,1,#NE
2973,2973,8,27,28,2026,1,#NE
2974,2974,8,20,4,2026,1,#NE
2975,2975,8,10,14,2026,1,#NE
2976,2976,8,10,14,2026,1,#NE
2977,2977,8,10,14,2026,1,#NE
2978,2978,8,20,4,2026,1,#NE
2979,2979,8,27,20,2026,1,#NE
2980,2980,8,27,20,2026,1,#NE
2981,2981,8,20,4,2026,1,#NE
2982,2982,8,27,14,2026,1,#NE
2983,2983,8,3,4,2026,1,#NE
2984,2984,8,10,14,2026,1,#NE
2985,2985,8,25,17,2026,1,#NE
2986,2986,8,20,4,2026,1,#NE
2987,2987,8,20,4,2026,1,#NE
2988,2988,8,20,14,2026,1,#NE
2989,2989,8,3,29,2026,1,#NE
2990,2990,8,3,29,2026,1,#NE
2991,2991,8,10,24,2026,1,#NE
2992,2992,8,25,9,2026,1,#NE
2993,2993,8,25,9,2026,1,#NE
2994,2994,8,20,14,2026,1,#NE
2995,2995,8,10,13,2026,1,#NE
2996,2996,8,20,14,2026,1,#NE
2997,2997,8,27,14,2026,1,#NE
2998,2998,8,27,14,2026,1,#NE
2999,2999,8,20,14,2026,1,#NE
3000,3000,8,27,14,2026,1,#NE
3001,3001,8,27,14,2026,1,#NE
3002,3002,8,27,14,2026,1,#NE
3003,3003,8,27,14,2026,1,#NE
3004,3004,8,10,9,2026,1,#NE
3005,3005,8,25,25,2026,1,#NE
3006,3006,8,27,14,2026,1,#NE
3007,3007,8,27,14,2026,1,#NE
3008,3008,8,27,14,2026,1,#NE
3009,3009,8,25,24,2026,1,#NE
3010,3010,8,20,14,2026,1,#NE
3011,3011,8,20,22,2026,1,#NE
3012,3012,8,27,1,2026,1,#NE
3013,3013,8,20,22,2026,1,#NE
3014,3014,8,3,14,2026,1,#NE
3015,3015,8,3,14,2026,1,#NE
3016,3016,8,3,14,2026,1,#NE
3017,3017,8,27,1,2026,1,#NE
3018,3018,8,3,14,2026,1,#NE
3019,3019,8,3,14,2026,1,#NE
3020,3020,8,3,14,2026,1,#NE
3021,3021,8,3,28,2026,1,#NE
3022,3022,8,27,1,2026,1,#NE
3023,3023,8,27,1,2026,1,#NE
3024,3024,8,27,1,2026,1,#NE
3025,3025,8,10,17,2026,1,#NE
3026,3026,8,27,1,2026,1,#NE
3027,3027,8,25,14,2026,1,#NE
3028,3028,8,25,14,2026,1,#NE
3029,3029,8,27,12,2026,1,#NE
3030,3030,8,3,28,2026,1,#NE
3031,3031,8,3,22,2026,1,#NE
3032,3032,8,27,16,2026,1,#NE
3033,3033,8,27,29,2026,1,#NE
3034,3034,8,27,29,2026,1,#NE
3035,3035,8,10,7,2026,1,#NE
3036,3036,8,10,7,2026,1,#NE
3037,3037,8,27,16,2026,1,#NE
3038,3038,8,27,16,2026,1,#NE
3039,3039,8,27,29,2026,1,#NE
3040,3040,8,27,16,2026,1,#NE
3041,3041,8,27,16,2026,1,#NE
3042,3042,8,27,29,2026,1,#NE
3043,3043,8,27,29,2026,1,#NE
3044,3044,8,10,4,2026,1,#NE
3045,3045,8,27,29,2026,1,#NE
3046,3046,8,10,4,2026,1,#NE
3047,3047,8,20,21,2026,1,#NE
3048,3048,8,20,21,2026,1,#NE
3049,3049,8,20,21,2026,1,#NE
3050,3050,8,20,21,2026,1,#NE
3051,3051,9,5,27,2026,1,#NE
3052,3052,8,20,21,2026,1,#NE
3053,3053,8,10,20,2026,1,#NE
3054,3054,8,10,20,2026,1,#NE
3055,3055,8,10,20,2026,1,#NE
3056,3056,8,10,22,2026,1,#NE
3057,3057,8,20,21,2026,1,#NE
3058,3058,8,20,21,2026,1,#NE
3059,3059,8,12,15,2026,1,#NE
3060,3060,8,12,15,2026,1,#NE
3061,3061,8,20,21,2026,1,#NE
3062,3062,8,10,22,2026,1,#NE
3063,3063,8,10,22,2026,1,#NE
3064,3064,8,10,22,2026,1,#NE
3065,3065,8,10,27,2026,1,#NE
3066,3066,3,5,4,2026,1,#NE
3067,3067,8,20,6,2026,1,#NE
3068,3068,8,20,6,2026,1,#NE
3069,3069,8,20,6,2026,1,#NE
3070,3070,9,18,2,2026,1,#NE
3071,3071,9,18,21,2026,1,#NE
3072,3072,8,7,6,2026,1,#NE
3073,3073,8,10,27,2026,1,#NE
3074,3074,8,10,27,2026,1,#NE
3075,3075,8,10,27,2026,1,#NE
3076,3076,8,10,27,2026,1,#NE
3077,3077,8,10,27,2026,1,#NE
3078,3078,9,12,27,2026,1,#NE
3079,3079,8,25,2,2026,1,#NE
3080,3080,9,12,13,2026,1,#NE
3081,3081,9,12,6,2026,1,#NE
3082,3082,8,7,15,2026,1,#NE
3083,3083,8,20,6,2026,1,#NE
3084,3084,8,20,6,2026,1,#NE
3085,3085,8,20,6,2026,1,#NE
3086,3086,8,20,6,2026,1,#NE
3087,3087,8,14,16,2026,1,#NE
3088,3088,8,3,6,2026,1,#NE
3089,3089,9,13,2,2026,1,#NE
3090,3090,9,13,9,2026,1,#NE
3091,3091,9,13,4,2026,1,#NE
3092,3092,9,13,4,2026,1,#NE
3093,3093,9,25,6,2026,1,#NE
3094,3094,8,26,14,2026,1,#NE
3095,3095,8,26,14,2026,1,#NE
3096,3096,8,26,19,2026,1,#NE
3097,3097,8,26,19,2026,1,#NE
3098,3098,8,21,4,2026,1,#NE
3099,3099,9,23,6,2026,1,#NE
3100,3100,8,25,7,2026,1,#NE
3101,3101,8,25,7,2026,1,#NE
3102,3102,8,25,7,2026,1,#NE
3103,3103,8,25,7,2026,1,#NE
3104,3104,8,20,6,2026,1,#NE
3105,3105,10,8,6,2026,1,#NE
3106,3106,8,1,19,2026,1,#NE
3107,3107,8,20,5,2026,1,#NE
3108,3108,8,26,19,2026,1,#NE
3109,3109,8,15,4,2026,1,#NE
3110,3110,8,26,9,2026,1,#NE
3111,3111,9,12,8,2026,1,#NE
3112,3112,9,14,21,2026,1,#NE
3113,3113,8,25,27,2026,1,#NE
3114,3114,8,20,5,2026,1,#NE
3115,3115,9,15,22,2026,1,#NE
3116,3116,9,15,14,2026,1,#NE
3117,3117,8,18,2,2026,1,#NE
3118,3118,8,24,2,2026,1,#NE
3119,3119,8,24,2,2026,1,#NE
3120,3120,9,20,21,2026,1,#NE
3121,3121,9,20,27,2026,1,#NE
3122,3122,9,20,27,2026,1,#NE
3123,3123,8,18,15,2026,1,#NE
3124,3124,9,24,20,2026,1,#NE
3125,3125,8,25,6,2026,1,#NE
3126,3126,8,25,6,2026,1,#NE
3127,3127,8,20,5,2026,1,#NE
3128,3128,9,24,20,2026,1,#NE
3129,3129,8,20,5,2026,1,#NE
3130,3130,8,26,16,2026,1,#NE
3131,3131,9,16,14,2026,1,#NE
3132,3132,9,16,22,2026,1,#NE
3133,3133,9,28,28,2026,1,#NE
3134,3134,9,28,15,2026,1,#NE
3135,3135,8,26,13,2026,1,#NE
3136,3136,8,20,15,2026,1,#NE
3137,3137,9,28,27,2026,1,#NE
3138,3138,9,3,29,2026,1,#NE
3139,3139,8,26,15,2026,1,#NE
3140,3140,8,8,27,2026,1,#NE
3141,3141,8,8,29,2026,1,#NE
3142,3142,8,20,15,2026,1,#NE
3143,3143,8,20,15,2026,1,#NE
3144,3144,8,19,5,2026,1,#NE
3145,3145,9,20,4,2026,1,#NE
3146,3146,9,20,2,2026,1,#NE
3147,3147,8,26,2,2026,1,#NE
3148,3148,9,3,27,2026,1,#NE
3149,3149,8,25,13,2026,1,#NE
3150,3150,8,25,29,2026,1,#NE
3151,3151,9,16,16,2026,1,#NE
3152,3152,9,19,21,2026,1,#NE
3153,3153,9,19,22,2026,1,#NE
3154,3154,8,20,15,2026,1,#NE
3155,3155,9,19,13,2026,1,#NE
3156,3156,5,15,4,2026,1,#NE
3157,3157,8,26,6,2026,1,#NE
3158,3158,8,26,6,2026,1,#NE
3159,3159,8,28,9,2026,1,#NE
3160,3160,8,28,27,2026,1,#NE
3161,3161,8,28,26,2026,1,#NE
3162,3162,8,28,22,2026,1,#NE
3163,3163,7,27,3,2026,1,#NE
3164,3164,8,20,27,2026,1,#NE
3165,3165,8,20,27,2026,1,#NE
3166,3166,8,20,27,2026,1,#NE
3167,3167,8,20,27,2026,1,#NE
3168,3168,8,20,27,2026,1,#NE
3169,3169,8,9,2,2026,1,#NE
3170,3170,8,12,6,2026,1,#NE
3171,3171,8,12,6,2026,1,#NE
3172,3172,8,12,6,2026,1,#NE
3173,3173,8,26,7,2026,1,#NE
3174,3174,9,21,17,2026,1,#NE
3175,3175,8,26,7,2026,1,#NE
3176,3176,8,26,7,2026,1,#NE
3177,3177,5,11,23,2026,1,#NE
3178,3178,6,2,6,2026,1,#NE
3179,3179,6,27,14,2026,1,#NE
3180,3180,8,25,20,2026,1,#NE
3181,3181,9,5,22,2026,1,#NE
3182,3182,8,12,6,2026,1,#NE
3183,3183,6,18,2,2026,1,#NE
3184,3184,7,18,12,2026,1,#NE
3185,3185,7,18,2,2026,1,#NE
3186,3186,8,12,6,2026,1,#NE
3187,3187,8,12,6,2026,1,#NE
3188,3188,7,26,4,2026,1,#NE
3189,3189,7,26,4,2026,1,#NE
3190,3190,4,11,10,2026,1,#NE
3191,3191,4,15,23,2026,1,#NE
3192,3192,9,20,13,2026,1,#NE
3193,3193,5,11,8,2026,1,#NE
3194,3194,8,5,28,2026,1,#NE
3195,3195,8,20,27,2026,1,#NE
3196,3196,8,12,6,2026,1,#NE
3197,3197,8,12,6,2026,1,#NE
3198,3198,8,5,28,2026,1,#NE
3199,3199,8,5,28,2026,1,#NE
3200,3200,8,20,9,2026,1,#NE
3201,3201,8,20,9,2026,1,#NE
3202,3202,8,20,9,2026,1,#NE
3203,3203,8,20,9,2026,1,#NE
3204,3204,8,5,15,2026,1,#NE
3205,3205,8,5,15,2026,1,#NE
3206,3206,8,5,15,2026,1,#NE
3207,3207,8,5,15,2026,1,#NE
3208,3208,8,12,8,2026,1,#NE
3209,3209,8,12,8,2026,1,#NE
3210,3210,8,12,8,2026,1,#NE
3211,3211,8,12,8,2026,1,#NE
3212,3212,8,5,27,2026,1,#NE
3213,3213,8,5,27,2026,1,#NE
3214,3214,8,5,27,2026,1,#NE
3215,3215,9,5,22,2026,1,#NE
3216,3216,9,5,22,2026,1,#NE
3217,3217,9,5,22,2026,1,#NE
3218,3218,9,20,28,2026,1,#NE
3219,3219,9,5,7,2026,1,#NE
3220,3220,8,20,28,2026,1,#NE
3221,3221,9,2,7,2026,1,#NE
3222,3222,9,2,2,2026,1,#NE
3223,3223,9,9,24,2026,1,#NE
3224,3224,8,12,8,2026,1,#NE
3225,3225,8,12,8,2026,1,#NE
3226,3226,8,17,5,2026,1,#NE
3227,3227,8,17,5,2026,1,#NE
3228,3228,8,17,3,2026,1,#NE
3229,3229,8,5,26,2026,1,#NE
3230,3230,9,5,8,2026,1,#NE
3231,3231,9,5,8,2026,1,#NE
3232,3232,8,17,14,2026,1,#NE
3233,3233,8,17,19,2026,1,#NE
3234,3234,9,4,14,2026,1,#NE
3235,3235,9,4,6,2026,1,#NE
3236,3236,9,5,8,2026,1,#NE
3237,3237,8,20,28,2026,1,#NE
3238,3238,8,2,17,2026,1,#NE
3239,3239,8,2,17,2026,1,#NE
3240,3240,8,2,21,2026,1,#NE
3241,3241,9,7,29,2026,1,#NE
3242,3242,8,12,9,2026,1,#NE
3243,3243,9,7,17,2026,1,#NE
3244,3244,9,1,6,2026,1,#NE
3245,3245,8,5,27,2026,1,#NE
3246,3246,8,5,27,2026,1,#NE
3247,3247,9,1,28,2026,1,#NE
3248,3248,9,5,8,2026,1,#NE
3249,3249,8,20,28,2026,1,#NE
3250,3250,8,20,17,2026,1,#NE
3251,3251,8,20,20,2026,1,#NE
3252,3252,8,5,22,2026,1,#NE
3253,3253,8,5,22,2026,1,#NE
3254,3254,4,14,1,2026,1,#NE
3255,3255,7,21,4,2026,1,#NE
3256,3256,4,27,1,2026,1,#NE
3257,3257,4,27,23,2026,1,#NE
3258,3258,4,27,19,2026,1,#NE
3259,3259,8,20,20,2026,1,#NE
3260,3260,8,20,20,2026,1,#NE
3261,3261,8,5,2,2026,1,#NE
3262,3262,8,5,2,2026,1,#NE
3263,3263,8,20,20,2026,1,#NE
3264,3264,8,20,13,2026,1,#NE
3265,3265,8,20,13,2026,1,#NE
3266,3266,8,20,13,2026,1,#NE
3267,3267,8,20,13,2026,1,#NE
3268,3268,8,12,9,2026,1,#NE
3269,3269,8,12,9,2026,1,#NE
3270,3270,8,5,6,2026,1,#NE
3271,3271,8,5,6,2026,1,#NE
3272,3272,9,5,8,2026,1,#NE
3273,3273,9,5,8,2026,1,#NE
3274,3274,9,5,8,2026,1,#NE
3275,3275,8,20,13,2026,1,#NE
3276,3276,8,12,9,2026,1,#NE
3277,3277,8,12,9,2026,1,#NE
3278,3278,8,12,9,2026,1,#NE
3279,3279,8,12,9,2026,1,#NE
3280,3280,8,12,20,2026,1,#NE
3281,3281,8,5,6,2026,1,#NE
3282,3282,9,5,1,2026,1,#NE
3283,3283,9,5,1,2026,1,#NE
3284,3284,9,5,1,2026,1,#NE
3285,3285,9,5,4,2026,1,#NE
3286,3286,8,20,24,2026,1,#NE
3287,3287,8,20,24,2026,1,#NE
3288,3288,8,20,11,2026,1,#NE
3289,3289,8,20,25,2026,1,#NE
3290,3290,8,12,20,2026,1,#NE
3291,3291,8,5,14,2026,1,#NE
3292,3292,8,12,20,2026,1,#NE
3293,3293,8,5,14,2026,1,#NE
3294,3294,8,5,14,2026,1,#NE
3295,3295,9,5,21,2026,1,#NE
3296,3296,8,20,24,2026,1,#NE
3297,3297,8,20,24,2026,1,#NE
3298,3298,8,12,2,2026,1,#NE
3299,3299,8,12,2,2026,1,#NE
3300,3300,8,12,2,2026,1,#NE
3301,3301,8,5,14,2026,1,#NE
3302,3302,8,5,13,2026,1,#NE
3303,3303,8,20,2,2026,1,#NE
3304,3304,8,20,2,2026,1,#NE
3305,3305,8,5,13,2026,1,#NE
3306,3306,8,5,13,2026,1,#NE
3307,3307,8,20,2,2026,1,#NE
3308,3308,8,20,2,2026,1,#NE
3309,3309,9,5,3,2026,1,#NE
3310,3310,9,5,3,2026,1,#NE
3311,3311,8,20,30,2026,1,#NE
3312,3312,8,20,19,2026,1,#NE
3313,3313,8,12,2,2026,1,#NE
3314,3314,8,12,2,2026,1,#NE
3315,3315,8,5,20,2026,1,#NE
3316,3316,8,5,20,2026,1,#NE
3317,3317,8,5,20,2026,1,#NE
3318,3318,8,5,20,2026,1,#NE
3319,3319,8,5,20,2026,1,#NE
3320,3320,8,5,20,2026,1,#NE
3321,3321,8,5,7,2026,1,#NE
3322,3322,8,5,7,2026,1,#NE
3323,3323,8,20,19,2026,1,#NE
3324,3324,8,20,19,2026,1,#NE
3325,3325,8,12,2,2026,1,#NE
3326,3326,8,12,2,2026,1,#NE
3327,3327,8,12,2,2026,1,#NE
3328,3328,8,5,7,2026,1,#NE
3329,3329,8,5,7,2026,1,#NE
3330,3330,8,20,19,2026,1,#NE
3331,3331,8,12,13,2026,1,#NE
3332,3332,8,5,19,2026,1,#NE
3333,3333,9,5,21,2026,1,#NE
3334,3334,8,20,19,2026,1,#NE
3335,3335,8,12,13,2026,1,#NE
3336,3336,8,12,13,2026,1,#NE
3337,3337,8,12,13,2026,1,#NE
3338,3338,8,12,13,2026,1,#NE
3339,3339,8,12,13,2026,1,#NE
3340,3340,9,5,2,2026,1,#NE
3341,3341,8,22,27,2026,1,#NE
3342,3342,8,12,13,2026,1,#NE
3343,3343,8,12,13,2026,1,#NE
3344,3344,8,5,29,2026,1,#NE
3345,3345,8,5,16,2026,1,#NE
3346,3346,9,5,2,2026,1,#NE
3347,3347,9,5,2,2026,1,#NE
3348,3348,8,22,17,2026,1,#NE
3349,3349,8,22,6,2026,1,#NE
3350,3350,8,22,6,2026,1,#NE
3351,3351,8,5,29,2026,1,#NE
3352,3352,8,5,29,2026,1,#NE
3353,3353,9,5,2,2026,1,#NE
3354,3354,8,22,19,2026,1,#NE
3355,3355,8,22,22,2026,1,#NE
3356,3356,8,22,22,2026,1,#NE
3357,3357,8,22,13,2026,1,#NE
3358,3358,8,22,13,2026,1,#NE
3359,3359,8,22,4,2026,1,#NE
3360,3360,8,22,4,2026,1,#NE
3361,3361,8,5,9,2026,1,#NE
3362,3362,8,5,9,2026,1,#NE
3363,3363,8,22,20,2026,1,#NE
3364,3364,8,5,24,2026,1,#NE
3365,3365,8,5,25,2026,1,#NE
3366,3366,8,22,20,2026,1,#NE
3367,3367,8,22,29,2026,1,#NE
3368,3368,8,5,24,2026,1,#NE
3369,3369,9,10,21,2026,1,#NE
3370,3370,8,5,21,2026,1,#NE
3371,3371,9,10,21,2026,1,#NE
3372,3372,9,10,21,2026,1,#NE
3373,3373,9,10,21,2026,1,#NE
3374,3374,9,10,21,2026,1,#NE
3375,3375,8,5,21,2026,1,#NE
3376,3376,9,10,21,2026,1,#NE
3377,3377,9,10,9,2026,1,#NE
3378,3378,9,10,9,2026,1,#NE
3379,3379,9,5,24,2026,1,#NE
3380,3380,9,5,24,2026,1,#NE
3381,3381,9,5,24,2026,1,#NE
3382,3382,9,10,9,2026,1,#NE
3383,3383,9,10,9,2026,1,#NE
3384,3384,9,10,9,2026,1,#NE
3385,3385,8,12,28,2026,1,#NE
3386,3386,9,5,24,2026,1,#NE
3387,3387,9,5,11,2026,1,#NE
3388,3388,9,5,24,2026,1,#NE
3389,3389,9,5,11,2026,1,#NE
3390,3390,9,10,8,2026,1,#NE
3391,3391,9,10,8,2026,1,#NE
3392,3392,8,12,28,2026,1,#NE
3393,3393,8,12,28,2026,1,#NE
3394,3394,9,5,24,2026,1,#NE
3395,3395,9,10,8,2026,1,#NE
3396,3396,9,5,27,2026,1,#NE
3397,3397,9,10,20,2026,1,#NE
3398,3398,9,10,20,2026,1,#NE
3399,3399,9,10,20,2026,1,#NE
3400,3400,9,10,20,2026,1,#NE
3401,3401,8,12,14,2026,1,#NE
3402,3402,8,12,14,2026,1,#NE
3403,3403,8,12,14,2026,1,#NE
3404,3404,9,10,29,2026,1,#NE
3405,3405,9,10,29,2026,1,#NE
3406,3406,9,10,5,2026,1,#NE
3407,3407,8,12,14,2026,1,#NE
3408,3408,8,12,14,2026,1,#NE
3409,3409,8,12,14,2026,1,#NE
3410,3410,9,5,27,2026,1,#NE
3411,3411,9,5,27,2026,1,#NE
3412,3412,9,5,27,2026,1,#NE
3413,3413,9,10,5,2026,1,#NE
3414,3414,8,12,14,2026,1,#NE
3415,3415,8,12,14,2026,1,#NE
3416,3416,9,5,27,2026,1,#NE
3417,3417,9,10,1,2026,1,#NE
3418,3418,9,10,5,2026,1,#NE
3419,3419,9,10,5,2026,1,#NE
3420,3420,8,12,21,2026,1,#NE
3421,3421,8,12,21,2026,1,#NE
3422,3422,9,5,27,2026,1,#NE
3423,3423,9,5,27,2026,1,#NE
3424,3424,9,10,1,2026,1,#NE
3425,3425,8,12,21,2026,1,#NE
3426,3426,8,12,21,2026,1,#NE
3427,3427,9,5,20,2026,1,#NE
3428,3428,9,10,1,2026,1,#NE
3429,3429,9,10,1,2026,1,#NE
3430,3430,8,12,21,2026,1,#NE
3431,3431,8,12,3,2026,1,#NE
3432,3432,8,12,21,2026,1,#NE
3433,3433,8,12,21,2026,1,#NE
3434,3434,8,12,3,2026,1,#NE
3435,3435,9,5,20,2026,1,#NE
3436,3436,9,5,20,2026,1,#NE
3437,3437,9,5,6,2026,1,#NE
3438,3438,9,5,6,2026,1,#NE
3439,3439,9,10,4,2026,1,#NE
3440,3440,8,12,15,2026,1,#NE
3441,3441,9,10,4,2026,1,#NE
3442,3442,9,10,11,2026,1,#NE
3443,3443,8,12,15,2026,1,#NE
3444,3444,8,12,15,2026,1,#NE
3445,3445,9,5,6,2026,1,#NE
3446,3446,9,5,6,2026,1,#NE
3447,3447,9,5,6,2026,1,#NE
3448,3448,9,5,6,2026,1,#NE
3449,3449,9,10,24,2026,1,#NE
3450,3450,9,10,24,2026,1,#NE
3451,3451,9,10,24,2026,1,#NE
3452,3452,9,10,24,2026,1,#NE
3453,3453,9,10,24,2026,1,#NE
3454,3454,9,10,24,2026,1,#NE
3455,3455,8,12,15,2026,1,#NE
3456,3456,8,12,15,2026,1,#NE
3457,3457,8,12,15,2026,1,#NE
3458,3458,8,12,15,2026,1,#NE
3459,3459,9,5,13,2026,1,#NE
3460,3460,9,10,24,2026,1,#NE
3461,3461,9,10,24,2026,1,#NE
3462,3462,8,12,15,2026,1,#NE
3463,3463,9,10,6,2026,1,#NE
3464,3464,8,12,22,2026,1,#NE
3465,3465,8,12,22,2026,1,#NE
3466,3466,8,12,22,2026,1,#NE
3467,3467,9,5,13,2026,1,#NE
3468,3468,9,5,13,2026,1,#NE
3469,3469,9,5,13,2026,1,#NE
3470,3470,8,12,22,2026,1,#NE
3471,3471,8,12,26,2026,1,#NE
3472,3472,9,5,13,2026,1,#NE
3473,3473,9,5,13,2026,1,#NE
3474,3474,9,5,13,2026,1,#NE
3475,3475,9,5,13,2026,1,#NE
3476,3476,9,10,27,2026,1,#NE
3477,3477,9,10,27,2026,1,#NE
3478,3478,9,10,27,2026,1,#NE
3479,3479,8,12,24,2026,1,#NE
3480,3480,8,12,24,2026,1,#NE
3481,3481,9,5,13,2026,1,#NE
3482,3482,9,5,13,2026,1,#NE
3483,3483,9,5,29,2026,1,#NE
3484,3484,9,10,27,2026,1,#NE
3485,3485,9,10,6,2026,1,#NE
3486,3486,9,10,6,2026,1,#NE
3487,3487,8,12,24,2026,1,#NE
3488,3488,8,12,24,2026,1,#NE
3489,3489,8,12,24,2026,1,#NE
3490,3490,8,12,24,2026,1,#NE
3491,3491,9,5,29,2026,1,#NE
3492,3492,9,5,29,2026,1,#NE
3493,3493,9,10,6,2026,1,#NE
3494,3494,9,10,6,2026,1,#NE
3495,3495,9,10,6,2026,1,#NE
3496,3496,9,10,17,2026,1,#NE
3497,3497,8,12,24,2026,1,#NE
3498,3498,8,12,24,2026,1,#NE
3499,3499,8,12,24,2026,1,#NE
3500,3500,8,12,24,2026,1,#NE
3501,3501,8,5,3,2026,1,#NE
3502,3502,9,5,29,2026,1,#NE
3503,3503,9,10,14,2026,1,#NE
3504,3504,8,12,7,2026,1,#NE
3505,3505,8,12,7,2026,1,#NE
3506,3506,8,12,7,2026,1,#NE
3507,3507,9,22,2,2026,1,#NE
3508,3508,9,22,2,2026,1,#NE
3509,3509,9,22,2,2026,1,#NE
3510,3510,9,5,16,2026,1,#NE
3511,3511,9,10,17,2026,1,#NE
3512,3512,9,10,28,2026,1,#NE
3513,3513,9,10,14,2026,1,#NE
3514,3514,8,12,7,2026,1,#NE
3515,3515,8,12,29,2026,1,#NE
3516,3516,9,22,9,2026,1,#NE
3517,3517,9,22,9,2026,1,#NE
3518,3518,9,22,9,2026,1,#NE
3519,3519,9,22,9,2026,1,#NE
3520,3520,9,5,19,2026,1,#NE
3521,3521,9,10,14,2026,1,#NE
3522,3522,9,10,14,2026,1,#NE
3523,3523,9,10,14,2026,1,#NE
3524,3524,9,10,28,2026,1,#NE
3525,3525,9,10,28,2026,1,#NE
3526,3526,9,22,22,2026,1,#NE
3527,3527,9,22,22,2026,1,#NE
3528,3528,9,10,17,2026,1,#NE
3529,3529,9,10,28,2026,1,#NE
3530,3530,9,10,14,2026,1,#NE
3531,3531,9,22,19,2026,1,#NE
3532,3532,9,22,19,2026,1,#NE
3533,3533,9,22,19,2026,1,#NE
3534,3534,9,10,14,2026,1,#NE
3535,3535,9,10,17,2026,1,#NE
3536,3536,9,10,17,2026,1,#NE
3537,3537,9,22,6,2026,1,#NE
3538,3538,9,22,6,2026,1,#NE
3539,3539,9,10,26,2026,1,#NE
3540,3540,9,10,22,2026,1,#NE
3541,3541,9,10,22,2026,1,#NE
3542,3542,9,22,17,2026,1,#NE
3543,3543,9,22,27,2026,1,#NE
3544,3544,9,10,15,2026,1,#NE
3545,3545,9,10,15,2026,1,#NE
3546,3546,9,10,15,2026,1,#NE
3547,3547,9,10,15,2026,1,#NE
3548,3548,9,10,15,2026,1,#NE
3549,3549,9,10,15,2026,1,#NE
3550,3550,9,22,25,2026,1,#NE
3551,3551,9,22,24,2026,1,#NE
3552,3552,9,22,8,2026,1,#NE
3553,3553,9,10,19,2026,1,#NE
3554,3554,9,10,19,2026,1,#NE
3555,3555,9,10,19,2026,1,#NE
3556,3556,9,10,19,2026,1,#NE
3557,3557,8,12,16,2026,1,#NE
3558,3558,8,12,29,2026,1,#NE
3559,3559,9,22,15,2026,1,#NE
3560,3560,9,5,19,2026,1,#NE
3561,3561,9,5,19,2026,1,#NE
3562,3562,9,5,19,2026,1,#NE
3563,3563,9,5,30,2026,1,#NE
3564,3564,9,12,24,2026,1,#NE
3565,3565,9,12,25,2026,1,#NE
3566,3566,9,12,24,2026,1,#NE
3567,3567,9,12,24,2026,1,#NE
3568,3568,9,12,24,2026,1,#NE
3569,3569,8,12,16,2026,1,#NE
3570,3570,8,12,16,2026,1,#NE
3571,3571,8,12,29,2026,1,#NE
3572,3572,9,22,15,2026,1,#NE
3573,3573,9,22,20,2026,1,#NE
3574,3574,9,22,20,2026,1,#NE
3575,3575,9,12,24,2026,1,#NE
3576,3576,9,12,24,2026,1,#NE
3577,3577,8,12,16,2026,1,#NE
3578,3578,8,12,16,2026,1,#NE
3579,3579,8,12,16,2026,1,#NE
3580,3580,8,12,29,2026,1,#NE
3581,3581,8,12,16,2026,1,#NE
3582,3582,9,22,15,2026,1,#NE
3583,3583,9,22,20,2026,1,#NE
3584,3584,9,5,14,2026,1,#NE
3585,3585,9,12,24,2026,1,#NE
3586,3586,9,22,14,2026,1,#NE
3587,3587,9,22,14,2026,1,#NE
3588,3588,9,22,14,2026,1,#NE
3589,3589,9,5,14,2026,1,#NE
3590,3590,9,12,24,2026,1,#NE
3591,3591,9,12,24,2026,1,#NE
3592,3592,8,12,27,2026,1,#NE
3593,3593,9,22,14,2026,1,#NE
3594,3594,9,22,29,2026,1,#NE
3595,3595,9,22,29,2026,1,#NE
3596,3596,9,22,16,2026,1,#NE
3597,3597,9,5,14,2026,1,#NE
3598,3598,9,18,22,2026,1,#NE
3599,3599,9,12,24,2026,1,#NE
3600,3600,9,12,5,2026,1,#NE
3601,3601,8,12,27,2026,1,#NE
3602,3602,3,5,24,2026,1,#NE
3603,3603,9,18,22,2026,1,#NE
3604,3604,9,18,6,2026,1,#NE
3605,3605,9,12,5,2026,1,#NE
3606,3606,9,12,5,2026,1,#NE
3607,3607,8,12,27,2026,1,#NE
3608,3608,5,16,4,2026,1,#NE
3609,3609,8,7,22,2026,1,#NE
3610,3610,9,12,5,2026,1,#NE
3611,3611,8,7,26,2026,1,#NE
3612,3612,8,7,27,2026,1,#NE
3613,3613,8,7,27,2026,1,#NE
3614,3614,8,7,27,2026,1,#NE
3615,3615,8,7,12,2026,1,#NE
3616,3616,9,18,25,2026,1,#NE
3617,3617,9,18,24,2026,1,#NE
3618,3618,9,13,24,2026,1,#NE
3619,3619,9,13,24,2026,1,#NE
3620,3620,8,7,20,2026,1,#NE
3621,3621,8,7,20,2026,1,#NE
3622,3622,8,7,20,2026,1,#NE
3623,3623,9,12,23,2026,1,#NE
3624,3624,8,7,20,2026,1,#NE
3625,3625,9,18,24,2026,1,#NE
3626,3626,9,12,26,2026,1,#NE
3627,3627,9,12,26,2026,1,#NE
3628,3628,9,13,24,2026,1,#NE
3629,3629,9,13,17,2026,1,#NE
3630,3630,8,7,19,2026,1,#NE
3631,3631,8,7,4,2026,1,#NE
3632,3632,8,7,3,2026,1,#NE
3633,3633,9,18,21,2026,1,#NE
3634,3634,9,18,21,2026,1,#NE
3635,3635,9,18,14,2026,1,#NE
3636,3636,9,18,14,2026,1,#NE
3637,3637,9,12,22,2026,1,#NE
3638,3638,9,13,27,2026,1,#NE
3639,3639,9,13,27,2026,1,#NE
3640,3640,8,7,21,2026,1,#NE
3641,3641,9,18,14,2026,1,#NE
3642,3642,9,12,26,2026,1,#NE
3643,3643,9,12,26,2026,1,#NE
3644,3644,9,13,22,2026,1,#NE
3645,3645,9,13,22,2026,1,#NE
3646,3646,8,7,6,2026,1,#NE
3647,3647,8,7,6,2026,1,#NE
3648,3648,9,18,20,2026,1,#NE
3649,3649,9,12,14,2026,1,#NE
3650,3650,9,12,14,2026,1,#NE
3651,3651,9,13,13,2026,1,#NE
3652,3652,9,13,13,2026,1,#NE
3653,3653,9,13,13,2026,1,#NE
3654,3654,8,7,7,2026,1,#NE
3655,3655,9,18,16,2026,1,#NE
3656,3656,9,18,16,2026,1,#NE
3657,3657,9,12,14,2026,1,#NE
3658,3658,9,12,14,2026,1,#NE
3659,3659,8,7,13,2026,1,#NE
3660,3660,8,7,17,2026,1,#NE
3661,3661,8,7,28,2026,1,#NE
3662,3662,8,7,28,2026,1,#NE
3663,3663,8,7,13,2026,1,#NE
3664,3664,8,7,13,2026,1,#NE
3665,3665,8,7,13,2026,1,#NE
3666,3666,8,7,13,2026,1,#NE
3667,3667,8,7,13,2026,1,#NE
3668,3668,9,18,16,2026,1,#NE
3669,3669,9,18,16,2026,1,#NE
3670,3670,9,18,29,2026,1,#NE
3671,3671,9,18,16,2026,1,#NE
3672,3672,9,12,14,2026,1,#NE
3673,3673,9,13,13,2026,1,#NE
3674,3674,9,13,2,2026,1,#NE
3675,3675,9,13,2,2026,1,#NE
3676,3676,8,7,28,2026,1,#NE
3677,3677,8,7,13,2026,1,#NE
3678,3678,8,7,13,2026,1,#NE
3679,3679,3,11,20,2026,1,#NE
3680,3680,9,12,7,2026,1,#NE
3681,3681,9,12,20,2026,1,#NE
3682,3682,9,13,2,2026,1,#NE
3683,3683,9,13,2,2026,1,#NE
3684,3684,8,7,14,2026,1,#NE
3685,3685,8,7,14,2026,1,#NE
3686,3686,8,7,14,2026,1,#NE
3687,3687,8,7,14,2026,1,#NE
3688,3688,10,8,22,2026,1,#NE
3689,3689,10,8,22,2026,1,#NE
3690,3690,9,12,20,2026,1,#NE
3691,3691,9,13,29,2026,1,#NE
3692,3692,9,13,16,2026,1,#NE
3693,3693,9,13,16,2026,1,#NE
3694,3694,9,13,16,2026,1,#NE
3695,3695,8,7,14,2026,1,#NE
3696,3696,8,7,14,2026,1,#NE
3697,3697,8,7,24,2026,1,#NE
3698,3698,8,7,24,2026,1,#NE
3699,3699,10,8,9,2026,1,#NE
3700,3700,9,12,13,2026,1,#NE
3701,3701,9,12,13,2026,1,#NE
3702,3702,9,12,13,2026,1,#NE
3703,3703,9,13,29,2026,1,#NE
3704,3704,9,13,14,2026,1,#NE
3705,3705,8,7,24,2026,1,#NE
3706,3706,10,8,9,2026,1,#NE
3707,3707,9,12,13,2026,1,#NE
3708,3708,9,13,21,2026,1,#NE
3709,3709,9,13,21,2026,1,#NE
3710,3710,8,7,29,2026,1,#NE
3711,3711,10,8,7,2026,1,#NE
3712,3712,9,12,13,2026,1,#NE
3713,3713,9,12,13,2026,1,#NE
3714,3714,9,13,14,2026,1,#NE
3715,3715,8,7,2,2026,1,#NE
3716,3716,8,7,15,2026,1,#NE
3717,3717,10,8,4,2026,1,#NE
3718,3718,10,8,4,2026,1,#NE
3719,3719,10,8,4,2026,1,#NE
3720,3720,10,8,4,2026,1,#NE
3721,3721,9,12,13,2026,1,#NE
3722,3722,9,12,13,2026,1,#NE
3723,3723,9,12,13,2026,1,#NE
3724,3724,9,12,13,2026,1,#NE
3725,3725,9,13,14,2026,1,#NE
3726,3726,9,13,9,2026,1,#NE
3727,3727,8,7,15,2026,1,#NE
3728,3728,8,14,4,2026,1,#NE
3729,3729,10,8,5,2026,1,#NE
3730,3730,9,12,13,2026,1,#NE
3731,3731,9,12,6,2026,1,#NE
3732,3732,9,13,9,2026,1,#NE
3733,3733,8,14,1,2026,1,#NE
3734,3734,8,14,15,2026,1,#NE
3735,3735,9,12,6,2026,1,#NE
3736,3736,9,12,6,2026,1,#NE
3737,3737,9,13,4,2026,1,#NE
3738,3738,8,14,7,2026,1,#NE
3739,3739,8,14,14,2026,1,#NE
3740,3740,8,14,14,2026,1,#NE
3741,3741,10,8,19,2026,1,#NE
3742,3742,9,12,6,2026,1,#NE
3743,3743,9,12,6,2026,1,#NE
3744,3744,9,12,6,2026,1,#NE
3745,3745,9,12,6,2026,1,#NE
3746,3746,9,13,6,2026,1,#NE
3747,3747,9,13,6,2026,1,#NE
3748,3748,10,8,13,2026,1,#NE
3749,3749,10,8,13,2026,1,#NE
3750,3750,10,8,13,2026,1,#NE
3751,3751,10,8,13,2026,1,#NE
3752,3752,9,12,6,2026,1,#NE
3753,3753,9,12,6,2026,1,#NE
3754,3754,9,12,6,2026,1,#NE
3755,3755,9,12,29,2026,1,#NE
3756,3756,8,14,2,2026,1,#NE
3757,3757,10,8,27,2026,1,#NE
3758,3758,9,12,16,2026,1,#NE
3759,3759,9,12,16,2026,1,#NE
3760,3760,9,12,16,2026,1,#NE
3761,3761,9,12,16,2026,1,#NE
3762,3762,9,12,29,2026,1,#NE
3763,3763,9,12,16,2026,1,#NE
3764,3764,9,25,24,2026,1,#NE
3765,3765,8,14,13,2026,1,#NE
3766,3766,10,8,27,2026,1,#NE
3767,3767,9,12,29,2026,1,#NE
3768,3768,9,12,16,2026,1,#NE
3769,3769,9,12,16,2026,1,#NE
3770,3770,9,12,16,2026,1,#NE
3771,3771,9,25,11,2026,1,#NE
3772,3772,8,14,26,2026,1,#NE
3773,3773,10,8,11,2026,1,#NE
3774,3774,9,12,29,2026,1,#NE
3775,3775,9,25,24,2026,1,#NE
3776,3776,8,14,17,2026,1,#NE
3777,3777,8,14,17,2026,1,#NE
3778,3778,8,14,27,2026,1,#NE
3779,3779,10,8,14,2026,1,#NE
3780,3780,10,8,14,2026,1,#NE
3781,3781,9,25,16,2026,1,#NE
3782,3782,10,8,14,2026,1,#NE
3783,3783,10,8,14,2026,1,#NE
3784,3784,10,8,21,2026,1,#NE
3785,3785,9,12,19,2026,1,#NE
3786,3786,9,12,19,2026,1,#NE
3787,3787,9,25,16,2026,1,#NE
3788,3788,9,25,29,2026,1,#NE
3789,3789,9,25,16,2026,1,#NE
3790,3790,8,21,7,2026,1,#NE
3791,3791,10,8,21,2026,1,#NE
3792,3792,10,8,21,2026,1,#NE
3793,3793,9,12,16,2026,1,#NE
3794,3794,9,12,29,2026,1,#NE
3795,3795,9,25,13,2026,1,#NE
3796,3796,8,21,24,2026,1,#NE
3797,3797,8,21,19,2026,1,#NE
3798,3798,10,8,20,2026,1,#NE
3799,3799,10,8,20,2026,1,#NE
3800,3800,9,25,13,2026,1,#NE
3801,3801,8,21,21,2026,1,#NE
3802,3802,10,8,20,2026,1,#NE
3803,3803,9,12,19,2026,1,#NE
3804,3804,9,12,19,2026,1,#NE
3805,3805,9,25,13,2026,1,#NE
3806,3806,9,25,13,2026,1,#NE
3807,3807,9,25,7,2026,1,#NE
3808,3808,8,21,17,2026,1,#NE
3809,3809,9,12,17,2026,1,#NE
3810,3810,8,21,8,2026,1,#NE
3811,3811,8,21,13,2026,1,#NE
3812,3812,8,21,9,2026,1,#NE
3813,3813,9,12,28,2026,1,#NE
3814,3814,9,12,17,2026,1,#NE
3815,3815,9,25,7,2026,1,#NE
3816,3816,9,25,14,2026,1,#NE
3817,3817,9,23,6,2026,1,#NE
3818,3818,9,23,6,2026,1,#NE
3819,3819,10,8,15,2026,1,#NE
3820,3820,10,8,15,2026,1,#NE
3821,3821,10,8,15,2026,1,#NE
3822,3822,10,8,15,2026,1,#NE
3823,3823,9,12,17,2026,1,#NE
3824,3824,9,25,14,2026,1,#NE
3825,3825,9,23,6,2026,1,#NE
3826,3826,9,23,6,2026,1,#NE
3827,3827,10,8,16,2026,1,#NE
3828,3828,10,8,16,2026,1,#NE
3829,3829,9,25,14,2026,1,#NE
3830,3830,9,23,9,2026,1,#NE
3831,3831,9,23,9,2026,1,#NE
3832,3832,9,23,9,2026,1,#NE
3833,3833,9,23,9,2026,1,#NE
3834,3834,9,23,9,2026,1,#NE
3835,3835,10,8,16,2026,1,#NE
3836,3836,10,8,29,2026,1,#NE
3837,3837,10,8,29,2026,1,#NE
3838,3838,9,12,9,2026,1,#NE
3839,3839,9,12,9,2026,1,#NE
3840,3840,9,23,15,2026,1,#NE
3841,3841,9,23,15,2026,1,#NE
3842,3842,9,23,15,2026,1,#NE
3843,3843,9,12,9,2026,1,#NE
3844,3844,9,12,9,2026,1,#NE
3845,3845,9,12,9,2026,1,#NE
3846,3846,9,23,4,2026,1,#NE
3847,3847,9,23,4,2026,1,#NE
3848,3848,10,8,2,2026,1,#NE
3849,3849,10,8,2,2026,1,#NE
3850,3850,10,8,2,2026,1,#NE
3851,3851,10,8,2,2026,1,#NE
3852,3852,9,12,9,2026,1,#NE
3853,3853,9,12,9,2026,1,#NE
3854,3854,9,25,20,2026,1,#NE
3855,3855,9,25,20,2026,1,#NE
3856,3856,9,25,15,2026,1,#NE
3857,3857,9,25,15,2026,1,#NE
3858,3858,9,23,21,2026,1,#NE
3859,3859,10,8,8,2026,1,#NE
3860,3860,9,12,15,2026,1,#NE
3861,3861,9,12,15,2026,1,#NE
3862,3862,9,25,15,2026,1,#NE
3863,3863,9,25,15,2026,1,#NE
3864,3864,9,25,15,2026,1,#NE
3865,3865,9,25,15,2026,1,#NE
3866,3866,9,25,15,2026,1,#NE
3867,3867,10,8,8,2026,1,#NE
3868,3868,9,12,15,2026,1,#NE
3869,3869,9,25,15,2026,1,#NE
3870,3870,9,23,14,2026,1,#NE
3871,3871,9,23,14,2026,1,#NE
3872,3872,9,23,14,2026,1,#NE
3873,3873,10,8,17,2026,1,#NE
3874,3874,10,8,28,2026,1,#NE
3875,3875,10,8,28,2026,1,#NE
3876,3876,9,12,15,2026,1,#NE
3877,3877,9,12,15,2026,1,#NE
3878,3878,9,25,22,2026,1,#NE
3879,3879,9,25,22,2026,1,#NE
3880,3880,9,25,22,2026,1,#NE
3881,3881,9,25,22,2026,1,#NE
3882,3882,9,25,22,2026,1,#NE
3883,3883,9,23,27,2026,1,#NE
3884,3884,9,23,27,2026,1,#NE
3885,3885,9,23,27,2026,1,#NE
3886,3886,9,23,27,2026,1,#NE
3887,3887,10,8,28,2026,1,#NE
3888,3888,10,8,28,2026,1,#NE
3889,3889,10,8,17,2026,1,#NE
3890,3890,9,12,15,2026,1,#NE
3891,3891,9,25,22,2026,1,#NE
3892,3892,10,8,6,2026,1,#NE
3893,3893,10,8,6,2026,1,#NE
3894,3894,10,8,6,2026,1,#NE
3895,3895,9,12,15,2026,1,#NE
3896,3896,9,12,15,2026,1,#NE
3897,3897,9,12,15,2026,1,#NE
3898,3898,9,12,15,2026,1,#NE
3899,3899,9,25,17,2026,1,#NE
3900,3900,8,1,28,2026,1,#NE
3901,3901,9,25,9,2026,1,#NE
3902,3902,9,25,9,2026,1,#NE
3903,3903,9,25,9,2026,1,#NE
3904,3904,9,25,9,2026,1,#NE
3905,3905,9,23,13,2026,1,#NE
3906,3906,9,12,1,2026,1,#NE
3907,3907,9,12,1,2026,1,#NE
3908,3908,9,23,13,2026,1,#NE
3909,3909,9,23,24,2026,1,#NE
3910,3910,9,23,24,2026,1,#NE
3911,3911,9,23,1,2026,1,#NE
3912,3912,9,12,1,2026,1,#NE
3913,3913,9,12,1,2026,1,#NE
3914,3914,9,12,1,2026,1,#NE
3915,3915,9,25,9,2026,1,#NE
3916,3916,9,25,9,2026,1,#NE
3917,3917,9,25,9,2026,1,#NE
3918,3918,9,25,9,2026,1,#NE
3919,3919,9,23,24,2026,1,#NE
3920,3920,9,12,2,2026,1,#NE
3921,3921,9,25,17,2026,1,#NE
3922,3922,9,25,17,2026,1,#NE
3923,3923,9,25,17,2026,1,#NE
3924,3924,9,23,1,2026,1,#NE
3925,3925,3,3,20,2026,1,#NE
3926,3926,9,12,2,2026,1,#NE
3927,3927,9,12,2,2026,1,#NE
3928,3928,9,12,2,2026,1,#NE
3929,3929,9,12,2,2026,1,#NE
3930,3930,9,25,21,2026,1,#NE
3931,3931,9,25,21,2026,1,#NE
3932,3932,9,25,3,2026,1,#NE
3933,3933,8,13,21,2026,1,#NE
3934,3934,8,1,19,2026,1,#NE
3935,3935,9,12,2,2026,1,#NE
3936,3936,9,12,2,2026,1,#NE
3937,3937,9,25,21,2026,1,#NE
3938,3938,8,13,2,2026,1,#NE
3939,3939,8,13,13,2026,1,#NE
3940,3940,8,1,6,2026,1,#NE
3941,3941,8,1,6,2026,1,#NE
3942,3942,8,1,27,2026,1,#NE
3943,3943,8,1,27,2026,1,#NE
3944,3944,9,12,21,2026,1,#NE
3945,3945,9,12,21,2026,1,#NE
3946,3946,9,12,21,2026,1,#NE
3947,3947,9,12,21,2026,1,#NE
3948,3948,9,12,21,2026,1,#NE
3949,3949,9,12,21,2026,1,#NE
3950,3950,9,25,27,2026,1,#NE
3951,3951,9,25,27,2026,1,#NE
3952,3952,8,13,13,2026,1,#NE
3953,3953,8,1,9,2026,1,#NE
3954,3954,8,1,9,2026,1,#NE
3955,3955,9,12,21,2026,1,#NE
3956,3956,9,12,21,2026,1,#NE
3957,3957,9,12,21,2026,1,#NE
3958,3958,9,25,27,2026,1,#NE
3959,3959,9,25,27,2026,1,#NE
3960,3960,8,13,6,2026,1,#NE
3961,3961,8,13,11,2026,1,#NE
3962,3962,8,13,24,2026,1,#NE
3963,3963,8,1,15,2026,1,#NE
3964,3964,8,15,13,2026,1,#NE
3965,3965,8,15,13,2026,1,#NE
3966,3966,8,15,13,2026,1,#NE
3967,3967,9,12,21,2026,1,#NE
3968,3968,9,12,21,2026,1,#NE
3969,3969,9,12,21,2026,1,#NE
3970,3970,8,13,27,2026,1,#NE
3971,3971,8,13,9,2026,1,#NE
3972,3972,8,15,13,2026,1,#NE
3973,3973,8,15,13,2026,1,#NE
3974,3974,8,15,13,2026,1,#NE
3975,3975,8,15,4,2026,1,#NE
3976,3976,8,15,4,2026,1,#NE
3977,3977,9,12,8,2026,1,#NE
3978,3978,9,12,8,2026,1,#NE
3979,3979,9,12,8,2026,1,#NE
3980,3980,8,13,9,2026,1,#NE
3981,3981,8,13,17,2026,1,#NE
3982,3982,8,15,19,2026,1,#NE
3983,3983,9,12,8,2026,1,#NE
3984,3984,9,12,8,2026,1,#NE
3985,3985,8,13,26,2026,1,#NE
3986,3986,8,13,22,2026,1,#NE
3987,3987,8,15,9,2026,1,#NE
3988,3988,9,12,8,2026,1,#NE
3989,3989,9,12,8,2026,1,#NE
3990,3990,8,24,6,2026,1,#NE
3991,3991,8,24,6,2026,1,#NE
3992,3992,8,24,6,2026,1,#NE
3993,3993,8,24,6,2026,1,#NE
3994,3994,8,13,16,2026,1,#NE
3995,3995,9,14,21,2026,1,#NE
3996,3996,8,15,6,2026,1,#NE
3997,3997,8,15,6,2026,1,#NE
3998,3998,8,15,6,2026,1,#NE
3999,3999,8,15,6,2026,1,#NE
4000,4000,9,12,8,2026,1,#NE
4001,4001,9,15,2,2026,1,#NE
4002,4002,8,24,7,2026,1,#NE
4003,4003,8,24,7,2026,1,#NE
4004,4004,8,24,7,2026,1,#NE
4005,4005,9,15,2,2026,1,#NE
4006,4006,9,14,15,2026,1,#NE
4007,4007,9,15,2,2026,1,#NE
4008,4008,9,15,17,2026,1,#NE
4009,4009,9,15,17,2026,1,#NE
4010,4010,9,15,28,2026,1,#NE
4011,4011,9,15,28,2026,1,#NE
4012,4012,9,14,15,2026,1,#NE
4013,4013,9,15,13,2026,1,#NE
4014,4014,8,15,17,2026,1,#NE
4015,4015,9,15,13,2026,1,#NE
4016,4016,9,15,13,2026,1,#NE
4017,4017,8,24,7,2026,1,#NE
4018,4018,9,14,14,2026,1,#NE
4019,4019,9,14,20,2026,1,#NE
4020,4020,9,15,13,2026,1,#NE
4021,4021,9,15,13,2026,1,#NE
4022,4022,8,24,9,2026,1,#NE
4023,4023,9,14,20,2026,1,#NE
4024,4024,9,14,20,2026,1,#NE
4025,4025,9,14,20,2026,1,#NE
4026,4026,9,14,20,2026,1,#NE
4027,4027,8,15,16,2026,1,#NE
4028,4028,9,15,24,2026,1,#NE
4029,4029,9,15,11,2026,1,#NE
4030,4030,8,24,9,2026,1,#NE
4031,4031,8,24,22,2026,1,#NE
4032,4032,8,24,22,2026,1,#NE
4033,4033,9,14,24,2026,1,#NE
4034,4034,9,14,24,2026,1,#NE
4035,4035,8,15,14,2026,1,#NE
4036,4036,8,15,14,2026,1,#NE
4037,4037,9,15,24,2026,1,#NE
4038,4038,9,15,24,2026,1,#NE
4039,4039,9,15,24,2026,1,#NE
4040,4040,8,24,26,2026,1,#NE
4041,4041,8,15,20,2026,1,#NE
4042,4042,9,15,24,2026,1,#NE
4043,4043,9,15,6,2026,1,#NE
4044,4044,8,24,2,2026,1,#NE
4045,4045,8,24,2,2026,1,#NE
4046,4046,9,14,1,2026,1,#NE
4047,4047,9,14,9,2026,1,#NE
4048,4048,9,14,9,2026,1,#NE
4049,4049,9,15,6,2026,1,#NE
4050,4050,9,14,9,2026,1,#NE
4051,4051,9,14,9,2026,1,#NE
4052,4052,9,15,15,2026,1,#NE
4053,4053,9,15,15,2026,1,#NE
4054,4054,9,14,13,2026,1,#NE
4055,4055,9,14,13,2026,1,#NE
4056,4056,9,14,13,2026,1,#NE
4057,4057,8,15,20,2026,1,#NE
4058,4058,8,15,3,2026,1,#NE
4059,4059,9,15,15,2026,1,#NE
4060,4060,9,15,15,2026,1,#NE
4061,4061,8,24,17,2026,1,#NE
4062,4062,8,15,15,2026,1,#NE
4063,4063,8,15,15,2026,1,#NE
4064,4064,9,15,15,2026,1,#NE
4065,4065,9,15,15,2026,1,#NE
4066,4066,9,15,15,2026,1,#NE
4067,4067,9,14,27,2026,1,#NE
4068,4068,8,15,27,2026,1,#NE
4069,4069,8,15,27,2026,1,#NE
4070,4070,8,15,27,2026,1,#NE
4071,4071,8,15,27,2026,1,#NE
4072,4072,9,15,22,2026,1,#NE
4073,4073,9,15,22,2026,1,#NE
4074,4074,9,15,27,2026,1,#NE
4075,4075,8,24,15,2026,1,#NE
4076,4076,9,14,29,2026,1,#NE
4077,4077,9,14,6,2026,1,#NE
4078,4078,8,15,22,2026,1,#NE
4079,4079,8,15,22,2026,1,#NE
4080,4080,9,15,27,2026,1,#NE
4081,4081,8,24,24,2026,1,#NE
4082,4082,8,24,25,2026,1,#NE
4083,4083,8,24,24,2026,1,#NE
4084,4084,9,14,6,2026,1,#NE
4085,4085,9,14,6,2026,1,#NE
4086,4086,9,14,6,2026,1,#NE
4087,4087,9,14,6,2026,1,#NE
4088,4088,9,14,22,2026,1,#NE
4089,4089,9,15,27,2026,1,#NE
4090,4090,9,15,27,2026,1,#NE
4091,4091,8,24,24,2026,1,#NE
4092,4092,8,24,14,2026,1,#NE
4093,4093,8,15,24,2026,1,#NE
4094,4094,8,15,7,2026,1,#NE
4095,4095,9,15,27,2026,1,#NE
4096,4096,9,15,27,2026,1,#NE
4097,4097,9,15,14,2026,1,#NE
4098,4098,8,24,14,2026,1,#NE
4099,4099,8,24,14,2026,1,#NE
4100,4100,9,24,19,2026,1,#NE
4101,4101,9,15,14,2026,1,#NE
4102,4102,8,24,19,2026,1,#NE
4103,4103,9,24,19,2026,1,#NE
4104,4104,9,24,9,2026,1,#NE
4105,4105,8,16,5,2026,1,#NE
4106,4106,9,15,14,2026,1,#NE
4107,4107,8,24,19,2026,1,#NE
4108,4108,9,24,9,2026,1,#NE
4109,4109,8,16,17,2026,1,#NE
4110,4110,8,16,28,2026,1,#NE
4111,4111,9,15,4,2026,1,#NE
4112,4112,9,15,4,2026,1,#NE
4113,4113,8,24,29,2026,1,#NE
4114,4114,9,24,9,2026,1,#NE
4115,4115,9,24,9,2026,1,#NE
4116,4116,9,24,9,2026,1,#NE
4117,4117,9,15,9,2026,1,#NE
4118,4118,8,24,4,2026,1,#NE
4119,4119,8,24,4,2026,1,#NE
4120,4120,8,24,4,2026,1,#NE
4121,4121,8,16,12,2026,1,#NE
4122,4122,8,16,7,2026,1,#NE
4123,4123,8,16,7,2026,1,#NE
4124,4124,9,15,21,2026,1,#NE
4125,4125,9,15,21,2026,1,#NE
4126,4126,8,24,21,2026,1,#NE
4127,4127,8,24,21,2026,1,#NE
4128,4128,9,24,13,2026,1,#NE
4129,4129,9,24,13,2026,1,#NE
4130,4130,9,24,13,2026,1,#NE
4131,4131,9,24,13,2026,1,#NE
4132,4132,8,16,9,2026,1,#NE
4133,4133,9,15,21,2026,1,#NE
4134,4134,8,24,21,2026,1,#NE
4135,4135,8,24,21,2026,1,#NE
4136,4136,9,24,13,2026,1,#NE
4137,4137,9,24,13,2026,1,#NE
4138,4138,8,16,8,2026,1,#NE
4139,4139,8,16,8,2026,1,#NE
4140,4140,8,16,24,2026,1,#NE
4141,4141,9,15,20,2026,1,#NE
4142,4142,9,15,20,2026,1,#NE
4143,4143,9,15,29,2026,1,#NE
4144,4144,9,15,16,2026,1,#NE
4145,4145,8,24,21,2026,1,#NE
4146,4146,9,24,13,2026,1,#NE
4147,4147,8,16,29,2026,1,#NE
4148,4148,8,16,16,2026,1,#NE
4149,4149,9,15,29,2026,1,#NE
4150,4150,8,24,20,2026,1,#NE
4151,4151,9,24,24,2026,1,#NE
4152,4152,9,24,25,2026,1,#NE
4153,4153,8,16,13,2026,1,#NE
4154,4154,8,24,20,2026,1,#NE
4155,4155,9,24,24,2026,1,#NE
4156,4156,9,24,24,2026,1,#NE
4157,4157,9,24,24,2026,1,#NE
4158,4158,5,9,18,2026,1,#NE
4159,4159,8,24,27,2026,1,#NE
4160,4160,8,24,27,2026,1,#NE
4161,4161,8,24,27,2026,1,#NE
4162,4162,9,24,24,2026,1,#NE
4163,4163,9,24,24,2026,1,#NE
4164,4164,9,24,24,2026,1,#NE
4165,4165,9,24,24,2026,1,#NE
4166,4166,9,24,24,2026,1,#NE
4167,4167,8,16,19,2026,1,#NE
4168,4168,8,16,20,2026,1,#NE
4169,4169,8,18,29,2026,1,#NE
4170,4170,8,18,16,2026,1,#NE
4171,4171,8,18,20,2026,1,#NE
4172,4172,8,24,27,2026,1,#NE
4173,4173,8,24,27,2026,1,#NE
4174,4174,8,24,27,2026,1,#NE
4175,4175,9,24,24,2026,1,#NE
4176,4176,9,24,27,2026,1,#NE
4177,4177,9,24,27,2026,1,#NE
4178,4178,8,16,20,2026,1,#NE
4179,4179,5,13,9,2026,1,#NE
4180,4180,8,18,6,2026,1,#NE
4181,4181,8,24,13,2026,1,#NE
4182,4182,8,24,13,2026,1,#NE
4183,4183,8,24,13,2026,1,#NE
4184,4184,3,20,9,2026,1,#NE
4185,4185,8,11,6,2026,1,#NE
4186,4186,8,24,13,2026,1,#NE
4187,4187,9,24,27,2026,1,#NE
4188,4188,9,24,27,2026,1,#NE
4189,4189,8,11,6,2026,1,#NE
4190,4190,8,11,29,2026,1,#NE
4191,4191,8,11,29,2026,1,#NE
4192,4192,8,18,9,2026,1,#NE
4193,4193,9,24,27,2026,1,#NE
4194,4194,9,24,27,2026,1,#NE
4195,4195,8,11,29,2026,1,#NE
4196,4196,8,11,8,2026,1,#NE
4197,4197,8,18,7,2026,1,#NE
4198,4198,8,18,30,2026,1,#NE
4199,4199,8,18,27,2026,1,#NE
4200,4200,9,20,21,2026,1,#NE
4201,4201,9,24,21,2026,1,#NE
4202,4202,9,24,21,2026,1,#NE
4203,4203,8,11,13,2026,1,#NE
4204,4204,8,11,13,2026,1,#NE
4205,4205,8,11,13,2026,1,#NE
4206,4206,8,11,13,2026,1,#NE
4207,4207,9,20,21,2026,1,#NE
4208,4208,9,20,21,2026,1,#NE
4209,4209,9,24,21,2026,1,#NE
4210,4210,8,11,13,2026,1,#NE
4211,4211,8,11,7,2026,1,#NE
4212,4212,8,11,19,2026,1,#NE
4213,4213,8,11,19,2026,1,#NE
4214,4214,8,11,19,2026,1,#NE
4215,4215,8,18,21,2026,1,#NE
4216,4216,9,20,3,2026,1,#NE
4217,4217,9,24,21,2026,1,#NE
4218,4218,8,11,19,2026,1,#NE
4219,4219,8,11,19,2026,1,#NE
4220,4220,9,24,7,2026,1,#NE
4221,4221,9,24,14,2026,1,#NE
4222,4222,8,11,21,2026,1,#NE
4223,4223,8,18,14,2026,1,#NE
4224,4224,9,20,21,2026,1,#NE
4225,4225,9,24,14,2026,1,#NE
4226,4226,9,24,14,2026,1,#NE
4227,4227,8,11,27,2026,1,#NE
4228,4228,8,11,27,2026,1,#NE
4229,4229,8,11,27,2026,1,#NE
4230,4230,8,11,27,2026,1,#NE
4231,4231,8,18,14,2026,1,#NE
4232,4232,9,20,27,2026,1,#NE
4233,4233,9,20,27,2026,1,#NE
4234,4234,9,24,14,2026,1,#NE
4235,4235,9,24,14,2026,1,#NE
4236,4236,8,11,9,2026,1,#NE
4237,4237,8,11,9,2026,1,#NE
4238,4238,9,20,27,2026,1,#NE
4239,4239,9,20,27,2026,1,#NE
4240,4240,9,24,14,2026,1,#NE
4241,4241,8,11,15,2026,1,#NE
4242,4242,8,11,15,2026,1,#NE
4243,4243,8,11,15,2026,1,#NE
4244,4244,9,26,6,2026,1,#NE
4245,4245,9,26,6,2026,1,#NE
4246,4246,9,20,27,2026,1,#NE
4247,4247,9,20,27,2026,1,#NE
4248,4248,9,24,15,2026,1,#NE
4249,4249,9,20,26,2026,1,#NE
4250,4250,9,24,15,2026,1,#NE
4251,4251,8,11,2,2026,1,#NE
4252,4252,8,11,2,2026,1,#NE
4253,4253,9,26,14,2026,1,#NE
4254,4254,9,26,19,2026,1,#NE
4255,4255,9,26,19,2026,1,#NE
4256,4256,9,20,22,2026,1,#NE
4257,4257,9,20,22,2026,1,#NE
4258,4258,9,24,15,2026,1,#NE
4259,4259,9,24,15,2026,1,#NE
4260,4260,9,24,15,2026,1,#NE
4261,4261,9,24,16,2026,1,#NE
4262,4262,8,11,25,2026,1,#NE
4263,4263,8,11,24,2026,1,#NE
4264,4264,9,26,2,2026,1,#NE
4265,4265,9,20,22,2026,1,#NE
4266,4266,9,20,26,2026,1,#NE
4267,4267,9,20,22,2026,1,#NE
4268,4268,9,20,30,2026,1,#NE
4269,4269,9,24,29,2026,1,#NE
4270,4270,9,26,2,2026,1,#NE
4271,4271,9,26,27,2026,1,#NE
4272,4272,8,11,14,2026,1,#NE
4273,4273,8,11,20,2026,1,#NE
4274,4274,8,11,20,2026,1,#NE
4275,4275,9,26,27,2026,1,#NE
4276,4276,9,26,27,2026,1,#NE
4277,4277,9,26,27,2026,1,#NE
4278,4278,9,26,29,2026,1,#NE
4279,4279,9,26,29,2026,1,#NE
4280,4280,9,24,22,2026,1,#NE
4281,4281,9,24,26,2026,1,#NE
4282,4282,9,24,22,2026,1,#NE
4283,4283,9,24,22,2026,1,#NE
4284,4284,9,26,16,2026,1,#NE
4285,4285,9,26,16,2026,1,#NE
4286,4286,9,26,29,2026,1,#NE
4287,4287,9,24,6,2026,1,#NE
4288,4288,9,24,6,2026,1,#NE
4289,4289,9,24,6,2026,1,#NE
4290,4290,9,24,6,2026,1,#NE
4291,4291,9,26,20,2026,1,#NE
4292,4292,9,26,20,2026,1,#NE
4293,4293,9,24,6,2026,1,#NE
4294,4294,9,26,15,2026,1,#NE
4295,4295,9,26,15,2026,1,#NE
4296,4296,9,24,6,2026,1,#NE
4297,4297,9,24,6,2026,1,#NE
4298,4298,9,24,6,2026,1,#NE
4299,4299,9,26,15,2026,1,#NE
4300,4300,9,26,24,2026,1,#NE
4301,4301,9,26,24,2026,1,#NE
4302,4302,9,24,20,2026,1,#NE
4303,4303,9,24,20,2026,1,#NE
4304,4304,9,24,20,2026,1,#NE
4305,4305,9,24,20,2026,1,#NE
4306,4306,9,26,15,2026,1,#NE
4307,4307,9,26,15,2026,1,#NE
4308,4308,9,24,20,2026,1,#NE
4309,4309,9,24,20,2026,1,#NE
4310,4310,9,24,20,2026,1,#NE
4311,4311,9,24,20,2026,1,#NE
4312,4312,9,24,20,2026,1,#NE
4313,4313,9,24,20,2026,1,#NE
4314,4314,8,11,22,2026,1,#NE
4315,4315,8,11,22,2026,1,#NE
4316,4316,8,11,26,2026,1,#NE
4317,4317,5,18,14,2026,1,#NE
4318,4318,9,20,4,2026,1,#NE
4319,4319,3,12,20,2026,1,#NE
4320,4320,3,12,6,2026,1,#NE
4321,4321,8,11,22,2026,1,#NE
4322,4322,5,3,22,2026,1,#NE
4323,4323,5,4,19,2026,1,#NE
4324,4324,9,20,4,2026,1,#NE
4325,4325,5,24,20,2026,1,#NE
4326,4326,9,28,14,2026,1,#NE
4327,4327,9,3,14,2026,1,#NE
4328,4328,9,16,14,2026,1,#NE
4329,4329,9,20,4,2026,1,#NE
4330,4330,9,20,4,2026,1,#NE
4331,4331,9,28,28,2026,1,#NE
4332,4332,9,16,14,2026,1,#NE
4333,4333,9,16,14,2026,1,#NE
4334,4334,9,28,17,2026,1,#NE
4335,4335,9,28,17,2026,1,#NE
4336,4336,9,28,17,2026,1,#NE
4337,4337,9,16,22,2026,1,#NE
4338,4338,9,28,21,2026,1,#NE
4339,4339,9,16,27,2026,1,#NE
4340,4340,9,28,21,2026,1,#NE
4341,4341,9,28,15,2026,1,#NE
4342,4342,9,28,15,2026,1,#NE
4343,4343,9,16,6,2026,1,#NE
4344,4344,9,28,15,2026,1,#NE
4345,4345,9,28,15,2026,1,#NE
4346,4346,9,28,4,2026,1,#NE
4347,4347,9,16,6,2026,1,#NE
4348,4348,9,20,4,2026,1,#NE
4349,4349,9,20,4,2026,1,#NE
4350,4350,9,3,14,2026,1,#NE
4351,4351,9,3,22,2026,1,#NE
4352,4352,9,16,6,2026,1,#NE
4353,4353,9,16,6,2026,1,#NE
4354,4354,9,16,6,2026,1,#NE
4355,4355,9,20,4,2026,1,#NE
4356,4356,9,20,2,2026,1,#NE
4357,4357,9,28,20,2026,1,#NE
4358,4358,9,3,26,2026,1,#NE
4359,4359,9,20,2,2026,1,#NE
4360,4360,9,28,29,2026,1,#NE
4361,4361,9,3,15,2026,1,#NE
4362,4362,9,3,15,2026,1,#NE
4363,4363,9,3,15,2026,1,#NE
4364,4364,9,3,15,2026,1,#NE
4365,4365,9,16,24,2026,1,#NE
4366,4366,9,16,24,2026,1,#NE
4367,4367,9,20,2,2026,1,#NE
4368,4368,9,28,29,2026,1,#NE
4369,4369,9,3,15,2026,1,#NE
4370,4370,9,3,15,2026,1,#NE
4371,4371,9,3,15,2026,1,#NE
4372,4372,9,3,6,2026,1,#NE
4373,4373,9,16,25,2026,1,#NE
4374,4374,9,16,13,2026,1,#NE
4375,4375,9,20,2,2026,1,#NE
4376,4376,9,28,25,2026,1,#NE
4377,4377,9,28,24,2026,1,#NE
4378,4378,9,28,24,2026,1,#NE
4379,4379,9,16,16,2026,1,#NE
4380,4380,9,16,16,2026,1,#NE
4381,4381,9,20,2,2026,1,#NE
4382,4382,9,28,24,2026,1,#NE
4383,4383,9,3,6,2026,1,#NE
4384,4384,9,3,6,2026,1,#NE
4385,4385,9,16,16,2026,1,#NE
4386,4386,9,16,29,2026,1,#NE
4387,4387,9,16,16,2026,1,#NE
4388,4388,9,28,27,2026,1,#NE
4389,4389,9,28,9,2026,1,#NE
4390,4390,9,28,9,2026,1,#NE
4391,4391,9,16,16,2026,1,#NE
4392,4392,9,19,21,2026,1,#NE
4393,4393,9,20,6,2026,1,#NE
4394,4394,9,20,6,2026,1,#NE
4395,4395,3,16,16,2026,1,#NE
4396,4396,9,20,6,2026,1,#NE
4397,4397,9,20,6,2026,1,#NE
4398,4398,5,2,16,2026,1,#NE
4399,4399,5,2,27,2026,1,#NE
4400,4400,5,2,6,2026,1,#NE
4401,4401,8,8,9,2026,1,#NE
4402,4402,9,3,2,2026,1,#NE
4403,4403,9,19,21,2026,1,#NE
4404,4404,9,19,21,2026,1,#NE
4405,4405,9,20,8,2026,1,#NE
4406,4406,8,8,22,2026,1,#NE
4407,4407,9,3,24,2026,1,#NE
4408,4408,9,3,24,2026,1,#NE
4409,4409,9,20,8,2026,1,#NE
4410,4410,8,8,26,2026,1,#NE
4411,4411,8,8,28,2026,1,#NE
4412,4412,8,8,17,2026,1,#NE
4413,4413,8,8,15,2026,1,#NE
4414,4414,9,3,1,2026,1,#NE
4415,4415,9,19,6,2026,1,#NE
4416,4416,9,20,8,2026,1,#NE
4417,4417,9,20,8,2026,1,#NE
4418,4418,8,8,15,2026,1,#NE
4419,4419,8,8,7,2026,1,#NE
4420,4420,8,8,7,2026,1,#NE
4421,4421,8,8,8,2026,1,#NE
4422,4422,9,3,1,2026,1,#NE
4423,4423,9,3,9,2026,1,#NE
4424,4424,9,19,6,2026,1,#NE
4425,4425,9,19,6,2026,1,#NE
4426,4426,9,20,8,2026,1,#NE
4427,4427,9,20,8,2026,1,#NE
4428,4428,9,20,8,2026,1,#NE
4429,4429,8,8,21,2026,1,#NE
4430,4430,8,8,21,2026,1,#NE
4431,4431,9,3,9,2026,1,#NE
4432,4432,9,19,6,2026,1,#NE
4433,4433,9,19,26,2026,1,#NE
4434,4434,9,20,8,2026,1,#NE
4435,4435,9,20,1,2026,1,#NE
4436,4436,8,8,13,2026,1,#NE
4437,4437,8,8,13,2026,1,#NE
4438,4438,8,8,14,2026,1,#NE
4439,4439,9,3,20,2026,1,#NE
4440,4440,9,3,20,2026,1,#NE
4441,4441,9,3,20,2026,1,#NE
4442,4442,9,19,26,2026,1,#NE
4443,4443,9,19,26,2026,1,#NE
4444,4444,8,8,25,2026,1,#NE
4445,4445,9,19,22,2026,1,#NE
4446,4446,9,19,26,2026,1,#NE
4447,4447,9,19,22,2026,1,#NE
4448,4448,8,8,20,2026,1,#NE
4449,4449,8,8,20,2026,1,#NE
4450,4450,9,19,7,2026,1,#NE
4451,4451,9,19,7,2026,1,#NE
4452,4452,9,19,7,2026,1,#NE
4453,4453,8,8,4,2026,1,#NE
4454,4454,8,8,4,2026,1,#NE
4455,4455,8,8,4,2026,1,#NE
4456,4456,9,19,7,2026,1,#NE
4457,4457,9,20,1,2026,1,#NE
4458,4458,9,20,1,2026,1,#NE
4459,4459,9,20,1,2026,1,#NE
4460,4460,8,8,4,2026,1,#NE
4461,4461,8,8,6,2026,1,#NE
4462,4462,9,3,20,2026,1,#NE
4463,4463,9,3,20,2026,1,#NE
4464,4464,9,3,19,2026,1,#NE
4465,4465,9,20,1,2026,1,#NE
4466,4466,8,19,3,2026,1,#NE
4467,4467,9,3,27,2026,1,#NE
4468,4468,9,19,27,2026,1,#NE
4469,4469,9,19,27,2026,1,#NE
4470,4470,9,19,9,2026,1,#NE
4471,4471,9,20,1,2026,1,#NE
4472,4472,8,19,3,2026,1,#NE
4473,4473,8,19,21,2026,1,#NE
4474,4474,9,20,1,2026,1,#NE
4475,4475,8,19,9,2026,1,#NE
4476,4476,9,3,13,2026,1,#NE
4477,4477,9,11,6,2026,1,#NE
4478,4478,9,19,9,2026,1,#NE
4479,4479,9,19,9,2026,1,#NE
4480,4480,9,20,24,2026,1,#NE
4481,4481,9,20,24,2026,1,#NE
4482,4482,9,20,24,2026,1,#NE
4483,4483,8,19,9,2026,1,#NE
4484,4484,8,19,9,2026,1,#NE
4485,4485,8,19,9,2026,1,#NE
4486,4486,8,19,9,2026,1,#NE
4487,4487,8,19,9,2026,1,#NE
4488,4488,8,19,9,2026,1,#NE
4489,4489,9,11,6,2026,1,#NE
4490,4490,9,11,6,2026,1,#NE
4491,4491,9,11,6,2026,1,#NE
4492,4492,9,11,6,2026,1,#NE
4493,4493,9,19,29,2026,1,#NE
4494,4494,9,19,16,2026,1,#NE
4495,4495,9,19,16,2026,1,#NE
4496,4496,8,19,28,2026,1,#NE
4497,4497,8,19,28,2026,1,#NE
4498,4498,8,19,17,2026,1,#NE
4499,4499,9,19,16,2026,1,#NE
4500,4500,9,19,16,2026,1,#NE
4501,4501,9,19,29,2026,1,#NE
4502,4502,9,19,29,2026,1,#NE
4503,4503,9,19,29,2026,1,#NE
4504,4504,9,19,16,2026,1,#NE
4505,4505,9,19,16,2026,1,#NE
4506,4506,9,19,29,2026,1,#NE
4507,4507,9,20,25,2026,1,#NE
4508,4508,9,20,11,2026,1,#NE
4509,4509,8,19,7,2026,1,#NE
4510,4510,8,19,7,2026,1,#NE
4511,4511,8,19,7,2026,1,#NE
4512,4512,9,11,6,2026,1,#NE
4513,4513,9,20,24,2026,1,#NE
4514,4514,8,19,27,2026,1,#NE
4515,4515,8,19,27,2026,1,#NE
4516,4516,9,11,19,2026,1,#NE
4517,4517,9,19,15,2026,1,#NE
4518,4518,9,19,15,2026,1,#NE
4519,4519,9,19,15,2026,1,#NE
4520,4520,9,20,24,2026,1,#NE
4521,4521,9,20,24,2026,1,#NE
4522,4522,8,19,29,2026,1,#NE
4523,4523,9,19,15,2026,1,#NE
4524,4524,9,19,15,2026,1,#NE
4525,4525,9,19,15,2026,1,#NE
4526,4526,9,19,15,2026,1,#NE
4527,4527,9,19,15,2026,1,#NE
4528,4528,9,20,13,2026,1,#NE
4529,4529,9,20,13,2026,1,#NE
4530,4530,8,19,29,2026,1,#NE
4531,4531,8,19,29,2026,1,#NE
4532,4532,8,19,16,2026,1,#NE
4533,4533,9,19,15,2026,1,#NE
4534,4534,9,19,15,2026,1,#NE
4535,4535,9,20,13,2026,1,#NE
4536,4536,8,19,27,2026,1,#NE
4537,4537,9,11,28,2026,1,#NE
4538,4538,9,19,24,2026,1,#NE
4539,4539,9,20,13,2026,1,#NE
4540,4540,8,19,15,2026,1,#NE
4541,4541,8,19,15,2026,1,#NE
4542,4542,8,19,15,2026,1,#NE
4543,4543,8,19,15,2026,1,#NE
4544,4544,8,19,15,2026,1,#NE
4545,4545,9,11,28,2026,1,#NE
4546,4546,9,11,27,2026,1,#NE
4547,4547,9,11,27,2026,1,#NE
4548,4548,9,19,25,2026,1,#NE
4549,4549,9,20,13,2026,1,#NE
4550,4550,9,20,13,2026,1,#NE
4551,4551,9,20,13,2026,1,#NE
4552,4552,9,20,13,2026,1,#NE
4553,4553,8,19,20,2026,1,#NE
4554,4554,9,11,14,2026,1,#NE
4555,4555,9,11,14,2026,1,#NE
4556,4556,9,19,24,2026,1,#NE
4557,4557,9,19,24,2026,1,#NE
4558,4558,9,19,24,2026,1,#NE
4559,4559,9,19,24,2026,1,#NE
4560,4560,9,20,14,2026,1,#NE
4561,4561,9,11,14,2026,1,#NE
4562,4562,9,11,22,2026,1,#NE
4563,4563,9,11,22,2026,1,#NE
4564,4564,9,19,24,2026,1,#NE
4565,4565,9,19,14,2026,1,#NE
4566,4566,9,20,14,2026,1,#NE
4567,4567,9,20,14,2026,1,#NE
4568,4568,9,20,14,2026,1,#NE
4569,4569,8,19,24,2026,1,#NE
4570,4570,8,19,19,2026,1,#NE
4571,4571,9,19,14,2026,1,#NE
4572,4572,9,19,14,2026,1,#NE
4573,4573,9,19,14,2026,1,#NE
4574,4574,9,20,14,2026,1,#NE
4575,4575,9,20,14,2026,1,#NE
4576,4576,9,20,14,2026,1,#NE
4577,4577,8,19,24,2026,1,#NE
4578,4578,8,19,24,2026,1,#NE
4579,4579,9,20,14,2026,1,#NE
4580,4580,9,20,19,2026,1,#NE
4581,4581,8,19,19,2026,1,#NE
4582,4582,9,11,24,2026,1,#NE
4583,4583,9,11,24,2026,1,#NE
4584,4584,9,19,8,2026,1,#NE
4585,4585,9,19,2,2026,1,#NE
4586,4586,9,20,19,2026,1,#NE
4587,4587,9,20,19,2026,1,#NE
4588,4588,9,11,24,2026,1,#NE
4589,4589,9,11,13,2026,1,#NE
4590,4590,9,19,2,2026,1,#NE
4591,4591,8,19,13,2026,1,#NE
4592,4592,8,19,13,2026,1,#NE
4593,4593,8,19,13,2026,1,#NE
4594,4594,9,19,2,2026,1,#NE
4595,4595,9,19,2,2026,1,#NE
4596,4596,9,19,13,2026,1,#NE
4597,4597,8,19,14,2026,1,#NE
4598,4598,8,19,14,2026,1,#NE
4599,4599,9,19,13,2026,1,#NE
4600,4600,9,19,13,2026,1,#NE
4601,4601,8,19,14,2026,1,#NE
4602,4602,9,19,20,2026,1,#NE
4603,4603,8,19,6,2026,1,#NE
4604,4604,8,19,6,2026,1,#NE
4605,4605,8,19,6,2026,1,#NE
4606,4606,9,11,13,2026,1,#NE
4607,4607,9,11,2,2026,1,#NE
4608,4608,9,19,20,2026,1,#NE
4609,4609,9,19,20,2026,1,#NE
4610,4610,9,19,20,2026,1,#NE
4611,4611,9,19,20,2026,1,#NE
4612,4612,9,20,19,2026,1,#NE
4613,4613,9,20,19,2026,1,#NE
4614,4614,9,20,19,2026,1,#NE
4615,4615,9,20,19,2026,1,#NE
4616,4616,8,19,6,2026,1,#NE
4617,4617,8,19,6,2026,1,#NE
4618,4618,5,7,23,2026,1,#NE
4619,4619,9,11,2,2026,1,#NE
4620,4620,9,19,20,2026,1,#NE
4621,4621,9,19,20,2026,1,#NE
4622,4622,9,20,19,2026,1,#NE
4623,4623,5,14,1,2026,1,#NE
4624,4624,5,14,19,2026,1,#NE
4625,4625,9,11,29,2026,1,#NE
4626,4626,9,11,29,2026,1,#NE
4627,4627,9,19,5,2026,1,#NE
4628,4628,9,19,5,2026,1,#NE
4629,4629,8,23,2,2026,1,#NE
4630,4630,9,20,19,2026,1,#NE
4631,4631,9,20,19,2026,1,#NE
4632,4632,9,20,19,2026,1,#NE
4633,4633,8,4,6,2026,1,#NE
4634,4634,8,4,15,2026,1,#NE
4635,4635,9,11,29,2026,1,#NE
4636,4636,9,11,9,2026,1,#NE
4637,4637,9,11,9,2026,1,#NE
4638,4638,8,23,4,2026,1,#NE
4639,4639,8,23,6,2026,1,#NE
4640,4640,8,23,6,2026,1,#NE
4641,4641,8,23,22,2026,1,#NE
4642,4642,8,4,16,2026,1,#NE
4643,4643,9,11,20,2026,1,#NE
4644,4644,9,11,20,2026,1,#NE
4645,4645,9,11,20,2026,1,#NE
4646,4646,8,23,9,2026,1,#NE
4647,4647,8,23,9,2026,1,#NE
4648,4648,8,4,13,2026,1,#NE
4649,4649,8,4,25,2026,1,#NE
4650,4650,8,23,27,2026,1,#NE
4651,4651,8,23,21,2026,1,#NE
4652,4652,8,4,7,2026,1,#NE
4653,4653,8,4,4,2026,1,#NE
4654,4654,8,4,14,2026,1,#NE
4655,4655,8,23,17,2026,1,#NE
4656,4656,9,20,20,2026,1,#NE
4657,4657,8,4,14,2026,1,#NE
4658,4658,8,4,14,2026,1,#NE
4659,4659,8,4,9,2026,1,#NE
4660,4660,9,11,20,2026,1,#NE
4661,4661,3,23,22,2026,1,#NE
4662,4662,8,23,24,2026,1,#NE
4663,4663,8,23,25,2026,1,#NE
4664,4664,8,23,13,2026,1,#NE
4665,4665,9,20,20,2026,1,#NE
4666,4666,9,20,20,2026,1,#NE
4667,4667,9,20,20,2026,1,#NE
4668,4668,9,20,20,2026,1,#NE
4669,4669,9,20,20,2026,1,#NE
4670,4670,8,28,16,2026,1,#NE
4671,4671,8,28,9,2026,1,#NE
4672,4672,3,26,4,2026,1,#NE
4673,4673,5,15,4,2026,1,#NE
4674,4674,8,23,15,2026,1,#NE
4675,4675,8,23,15,2026,1,#NE
4676,4676,9,20,20,2026,1,#NE
4677,4677,9,20,20,2026,1,#NE
4678,4678,8,28,9,2026,1,#NE
4679,4679,8,28,27,2026,1,#NE
4680,4680,8,28,22,2026,1,#NE
4681,4681,9,20,20,2026,1,#NE
4682,4682,9,20,16,2026,1,#NE
4683,4683,6,23,22,2026,1,#NE
4684,4684,4,23,22,2026,1,#NE
4685,4685,9,20,16,2026,1,#NE
4686,4686,9,20,16,2026,1,#NE
4687,4687,4,7,12,2026,1,#NE
4688,4688,4,7,20,2026,1,#NE
4689,4689,6,1,4,2026,1,#NE
4690,4690,3,28,29,2026,1,#NE
4691,4691,9,20,16,2026,1,#NE
4692,4692,9,20,29,2026,1,#NE
4693,4693,8,28,21,2026,1,#NE
4694,4694,8,28,21,2026,1,#NE
4695,4695,8,28,15,2026,1,#NE
4696,4696,4,4,4,2026,1,#NE
4697,4697,5,21,30,2026,1,#NE
4698,4698,5,19,27,2026,1,#NE
4699,4699,5,23,22,2026,1,#NE
4700,4700,5,23,22,2026,1,#NE
4701,4701,8,28,14,2026,1,#NE
4702,4702,5,23,20,2026,1,#NE
4703,4703,8,28,7,2026,1,#NE
4704,4704,8,28,13,2026,1,#NE
4705,4705,8,9,20,2026,1,#NE
4706,4706,8,9,20,2026,1,#NE
4707,4707,8,9,20,2026,1,#NE
4708,4708,8,28,4,2026,1,#NE
4709,4709,8,28,4,2026,1,#NE
4710,4710,8,9,15,2026,1,#NE
4711,4711,9,21,11,2026,1,#NE
4712,4712,8,9,28,2026,1,#NE
4713,4713,8,9,11,2026,1,#NE
4714,4714,8,9,24,2026,1,#NE
4715,4715,9,21,26,2026,1,#NE
4716,4716,8,9,2,2026,1,#NE
4717,4717,8,9,2,2026,1,#NE
4718,4718,8,9,22,2026,1,#NE
4719,4719,8,9,22,2026,1,#NE
4720,4720,9,21,21,2026,1,#NE
4721,4721,8,9,19,2026,1,#NE
4722,4722,9,21,21,2026,1,#NE
4723,4723,9,21,21,2026,1,#NE
4724,4724,9,21,21,2026,1,#NE
4725,4725,6,5,2,2026,1,#NE
4726,4726,6,5,30,2026,1,#NE
4727,4727,6,5,8,2026,1,#NE
4728,4728,7,16,12,2026,1,#NE
4729,4729,7,16,14,2026,1,#NE
4730,4730,8,9,14,2026,1,#NE
4731,4731,9,21,14,2026,1,#NE
4732,4732,4,2,5,2026,1,#NE
4733,4733,4,2,6,2026,1,#NE
4734,4734,4,1,15,2026,1,#NE
4735,4735,9,21,14,2026,1,#NE
4736,4736,6,20,7,2026,1,#NE
4737,4737,6,20,30,2026,1,#NE
4738,4738,9,21,16,2026,1,#NE
4739,4739,9,21,29,2026,1,#NE
4740,4740,9,21,16,2026,1,#NE
4741,4741,9,21,16,2026,1,#NE
4742,4742,9,21,16,2026,1,#NE
4743,4743,9,21,29,2026,1,#NE
4744,4744,9,21,30,2026,1,#NE
4745,4745,6,9,24,2026,1,#NE
4746,4746,4,8,21,2026,1,#NE
4747,4747,7,28,11,2026,1,#NE
4748,4748,7,7,9,2026,1,#NE
4749,4749,7,7,21,2026,1,#NE
4750,4750,6,12,21,2026,1,#NE
4751,4751,7,5,12,2026,1,#NE
4752,4752,4,24,21,2026,1,#NE
4753,4753,4,24,24,2026,1,#NE
4754,4754,7,18,30,2026,1,#NE
4755,4755,7,18,22,2026,1,#NE
4756,4756,4,24,23,2026,1,#NE
4757,4757,6,8,21,2026,1,#NE
4758,4758,6,8,14,2026,1,#NE
4759,4759,7,19,7,2026,1,#NE
4760,4760,7,19,16,2026,1,#NE
4761,4761,4,19,23,2026,1,#NE
4762,4762,7,12,30,2026,1,#NE
4763,4763,7,9,18,2026,1,#NE
4764,4764,6,4,15,2026,1,#NE
4765,4765,6,24,23,2026,1,#NE
4766,4766,4,15,24,2026,1,#NE
4767,4767,4,18,30,2026,1,#NE
4768,4768,7,26,27,2026,1,#NE
4769,4769,4,18,21,2026,1,#NE
4770,4770,7,4,4,2026,1,#NE
4771,4771,4,11,20,2026,1,#NE
4772,4772,4,11,12,2026,1,#NE
4773,4773,9,20,29,2026,1,#NE
4774,4774,9,20,16,2026,1,#NE
4775,4775,9,20,5,2026,1,#NE
4776,4776,9,20,5,2026,1,#NE
4777,4777,9,20,5,2026,1,#NE
4778,4778,9,20,5,2026,1,#NE
4779,4779,9,20,5,2026,1,#NE
4780,4780,9,20,15,2026,1,#NE
4781,4781,9,20,15,2026,1,#NE
4782,4782,9,20,15,2026,1,#NE
4783,4783,9,20,28,2026,1,#NE
4784,4784,9,20,28,2026,1,#NE
4785,4785,9,20,17,2026,1,#NE
4786,4786,9,20,28,2026,1,#NE
4787,4787,9,20,28,2026,1,#NE
4788,4788,9,20,28,2026,1,#NE
4789,4789,9,20,28,2026,1,#NE
4790,4790,9,20,28,2026,1,#NE
4791,4791,9,20,28,2026,1,#NE
4792,4792,9,20,9,2026,1,#NE
4793,4793,9,20,9,2026,1,#NE
4794,4794,9,20,9,2026,1,#NE
4795,4795,9,20,9,2026,1,#NE
4796,4796,9,20,9,2026,1,#NE
4797,4797,9,20,9,2026,1,#NE
4798,4798,9,20,9,2026,1,#NE
4799,4799,9,20,9,2026,1,#NE
4800,4800,3,25,7,2026,1,#NE
4801,4801,5,12,4,2026,1,#NE
4802,4802,5,12,16,2026,1,#NE
4803,4803,3,24,13,2026,1,#NE
4804,4804,3,24,30,2026,1,#NE
4805,4805,5,20,14,2026,1,#NE
4806,4806,5,20,30,2026,1,#NE
4807,4807,9,2,4,2026,1,#NE
4808,4808,9,2,14,2026,1,#NE
4809,4809,9,2,4,2026,1,#NE
4810,4810,9,2,25,2026,1,#NE
4811,4811,9,2,25,2026,1,#NE
4812,4812,9,2,6,2026,1,#NE
4813,4813,9,2,6,2026,1,#NE
4814,4814,9,2,21,2026,1,#NE
4815,4815,9,2,21,2026,1,#NE
4816,4816,9,2,16,2026,1,#NE
4817,4817,9,2,29,2026,1,#NE
4818,4818,9,2,17,2026,1,#NE
4819,4819,9,2,28,2026,1,#NE
4820,4820,9,2,17,2026,1,#NE
4821,4821,9,9,1,2026,1,#NE
4822,4822,9,9,1,2026,1,#NE
4823,4823,9,9,1,2026,1,#NE
4824,4824,9,9,1,2026,1,#NE
4825,4825,9,9,1,2026,1,#NE
4826,4826,9,9,1,2026,1,#NE
4827,4827,9,9,7,2026,1,#NE
4828,4828,9,9,21,2026,1,#NE
4829,4829,9,9,14,2026,1,#NE
4830,4830,9,9,21,2026,1,#NE
4831,4831,9,9,21,2026,1,#NE
4832,4832,9,9,14,2026,1,#NE
4833,4833,9,9,14,2026,1,#NE
4834,4834,9,9,14,2026,1,#NE
4835,4835,9,9,14,2026,1,#NE
4836,4836,9,9,14,2026,1,#NE
4837,4837,9,9,14,2026,1,#NE
4838,4838,9,9,14,2026,1,#NE
4839,4839,9,9,29,2026,1,#NE
4840,4840,9,9,29,2026,1,#NE
4841,4841,9,9,29,2026,1,#NE
4842,4842,9,9,16,2026,1,#NE
4843,4843,9,9,16,2026,1,#NE
4844,4844,9,9,15,2026,1,#NE
4845,4845,9,9,15,2026,1,#NE
4846,4846,9,9,15,2026,1,#NE
4847,4847,9,9,27,2026,1,#NE
4848,4848,9,9,27,2026,1,#NE
4849,4849,9,9,4,2026,1,#NE
4850,4850,9,9,4,2026,1,#NE
4851,4851,9,9,4,2026,1,#NE
4852,4852,9,9,9,2026,1,#NE
4853,4853,9,9,9,2026,1,#NE
4854,4854,9,9,5,2026,1,#NE
4855,4855,9,9,5,2026,1,#NE
4856,4856,9,9,5,2026,1,#NE
4857,4857,9,9,19,2026,1,#NE
4858,4858,9,9,19,2026,1,#NE
4859,4859,9,9,19,2026,1,#NE
4860,4860,9,9,6,2026,1,#NE
4861,4861,9,9,6,2026,1,#NE
4862,4862,9,9,6,2026,1,#NE
4863,4863,9,9,13,2026,1,#NE
4864,4864,9,9,13,2026,1,#NE
4865,4865,9,9,24,2026,1,#NE
4866,4866,9,9,24,2026,1,#NE
4867,4867,9,9,24,2026,1,#NE
4868,4868,9,9,24,2026,1,#NE
4869,4869,9,9,24,2026,1,#NE
4870,4870,9,9,24,2026,1,#NE
4871,4871,9,9,25,2026,1,#NE
4872,4872,5,28,29,2026,1,#NE
4873,4873,5,28,26,2026,1,#NE
4874,4874,5,28,27,2026,1,#NE
4875,4875,8,17,4,2026,1,#NE
4876,4876,8,17,6,2026,1,#NE
4877,4877,8,17,15,2026,1,#NE
4878,4878,8,17,15,2026,1,#NE
4879,4879,8,17,15,2026,1,#NE
4880,4880,8,17,22,2026,1,#NE
4881,4881,8,17,26,2026,1,#NE
4882,4882,8,17,22,2026,1,#NE
4883,4883,8,17,22,2026,1,#NE
4884,4884,8,17,21,2026,1,#NE
4885,4885,8,17,21,2026,1,#NE
4886,4886,8,17,21,2026,1,#NE
4887,4887,8,17,14,2026,1,#NE
4888,4888,8,17,14,2026,1,#NE
4889,4889,8,17,14,2026,1,#NE
4890,4890,8,17,9,2026,1,#NE
4891,4891,8,17,9,2026,1,#NE
4892,4892,8,17,2,2026,1,#NE
4893,4893,8,17,2,2026,1,#NE
4894,4894,8,17,2,2026,1,#NE
4895,4895,8,17,13,2026,1,#NE
4896,4896,8,17,20,2026,1,#NE
4897,4897,8,17,20,2026,1,#NE
4898,4898,8,17,20,2026,1,#NE
4899,4899,8,17,11,2026,1,#NE
4900,4900,8,17,25,2026,1,#NE
4901,4901,8,17,19,2026,1,#NE
4902,4902,8,17,19,2026,1,#NE
4903,4903,8,17,28,2026,1,#NE
4904,4904,8,17,28,2026,1,#NE
4905,4905,8,17,28,2026,1,#NE
4906,4906,8,17,28,2026,1,#NE
4907,4907,8,17,28,2026,1,#NE
4908,4908,8,17,27,2026,1,#NE
4909,4909,8,17,16,2026,1,#NE
4910,4910,8,17,16,2026,1,#NE
4911,4911,8,17,29,2026,1,#NE
4912,4912,8,17,16,2026,1,#NE
4913,4913,8,17,16,2026,1,#NE
4914,4914,9,4,26,2026,1,#NE
4915,4915,9,4,26,2026,1,#NE
4916,4916,9,4,26,2026,1,#NE
4917,4917,9,4,26,2026,1,#NE
4918,4918,9,4,24,2026,1,#NE
4919,4919,9,4,24,2026,1,#NE
4920,4920,9,4,14,2026,1,#NE
4921,4921,9,4,29,2026,1,#NE
4922,4922,9,4,20,2026,1,#NE
4923,4923,9,4,20,2026,1,#NE
4924,4924,9,4,20,2026,1,#NE
4925,4925,9,4,9,2026,1,#NE
4926,4926,9,4,9,2026,1,#NE
4927,4927,9,4,6,2026,1,#NE
4928,4928,9,4,15,2026,1,#NE
4929,4929,9,4,15,2026,1,#NE
4930,4930,9,4,15,2026,1,#NE
4931,4931,9,4,15,2026,1,#NE
4932,4932,9,4,15,2026,1,#NE
4933,4933,8,2,14,2026,1,#NE
4934,4934,8,2,28,2026,1,#NE
4935,4935,8,2,11,2026,1,#NE
4936,4936,8,2,11,2026,1,#NE
4937,4937,8,2,20,2026,1,#NE
4938,4938,8,2,20,2026,1,#NE
4939,4939,8,2,5,2026,1,#NE
4940,4940,8,2,29,2026,1,#NE
4941,4941,8,2,29,2026,1,#NE
4942,4942,8,2,16,2026,1,#NE
4943,4943,8,2,16,2026,1,#NE
4944,4944,8,2,9,2026,1,#NE
4945,4945,8,2,4,2026,1,#NE
4946,4946,8,2,4,2026,1,#NE
4947,4947,8,2,7,2026,1,#NE
4948,4948,8,2,7,2026,1,#NE
4949,4949,8,2,21,2026,1,#NE
4950,4950,8,2,21,2026,1,#NE
4951,4951,9,7,22,2026,1,#NE
4952,4952,9,7,26,2026,1,#NE
4953,4953,9,7,22,2026,1,#NE
4954,4954,9,7,22,2026,1,#NE
4955,4955,9,7,20,2026,1,#NE
4956,4956,9,7,20,2026,1,#NE
4957,4957,9,7,21,2026,1,#NE
4958,4958,9,7,21,2026,1,#NE
4959,4959,9,7,21,2026,1,#NE
4960,4960,9,7,21,2026,1,#NE
4961,4961,9,7,21,2026,1,#NE
4962,4962,9,7,8,2026,1,#NE
4963,4963,9,7,8,2026,1,#NE
4964,4964,9,7,8,2026,1,#NE
4965,4965,9,7,29,2026,1,#NE
4966,4966,9,7,14,2026,1,#NE
4967,4967,9,7,16,2026,1,#NE
4968,4968,9,7,16,2026,1,#NE
4969,4969,9,7,14,2026,1,#NE
4970,4970,9,7,14,2026,1,#NE
4971,4971,9,7,29,2026,1,#NE
4972,4972,9,7,29,2026,1,#NE
4973,4973,9,7,6,2026,1,#NE
4974,4974,9,7,15,2026,1,#NE
4975,4975,9,7,24,2026,1,#NE
4976,4976,9,7,24,2026,1,#NE
4977,4977,9,7,11,2026,1,#NE
4978,4978,9,7,24,2026,1,#NE
4979,4979,9,7,19,2026,1,#NE
4980,4980,9,7,19,2026,1,#NE
4981,4981,9,7,28,2026,1,#NE
4982,4982,9,7,17,2026,1,#NE
4983,4983,9,7,13,2026,1,#NE
4984,4984,9,7,13,2026,1,#NE
4985,4985,9,7,13,2026,1,#NE
4986,4986,9,7,13,2026,1,#NE
4987,4987,9,7,17,2026,1,#NE
4988,4988,9,7,28,2026,1,#NE
4989,4989,9,7,27,2026,1,#NE
4990,4990,9,7,27,2026,1,#NE
4991,4991,9,7,27,2026,1,#NE
4992,4992,9,7,27,2026,1,#NE
4993,4993,9,7,27,2026,1,#NE
4994,4994,3,17,23,2026,1,#NE
4995,4995,5,1,20,2026,1,#NE
4996,4996,9,1,16,2026,1,#NE
4997,4997,9,1,16,2026,1,#NE
4998,4998,9,1,29,2026,1,#NE
4999,4999,9,1,29,2026,1,#NE
5000,5000,9,1,20,2026,1,#NE
5001,5001,9,1,19,2026,1,#NE
5002,5002,9,1,6,2026,1,#NE
5003,5003,9,1,6,2026,1,#NE
5004,5004,9,1,9,2026,1,#NE
5005,5005,9,1,9,2026,1,#NE
5006,5006,9,1,9,2026,1,#NE
5007,5007,9,1,9,2026,1,#NE
5008,5008,9,1,14,2026,1,#NE
5009,5009,9,1,21,2026,1,#NE
5010,5010,9,1,21,2026,1,#NE
5011,5011,9,1,21,2026,1,#NE
5012,5012,9,1,17,2026,1,#NE
5013,5013,9,1,17,2026,1,#NE
5014,5014,9,1,13,2026,1,#NE
5015,5015,9,1,15,2026,1,#NE
5016,5016,9,1,15,2026,1,#NE
5017,5017,9,1,15,2026,1,#NE
5018,5018,9,17,9,2026,1,#NE
5019,5019,9,17,9,2026,1,#NE
5020,5020,9,17,9,2026,1,#NE
5021,5021,9,17,9,2026,1,#NE
5022,5022,9,17,9,2026,1,#NE
5023,5023,9,17,9,2026,1,#NE
5024,5024,9,17,9,2026,1,#NE
5025,5025,9,17,14,2026,1,#NE
5026,5026,9,17,14,2026,1,#NE
5027,5027,9,17,14,2026,1,#NE
5028,5028,9,17,14,2026,1,#NE
5029,5029,9,17,14,2026,1,#NE
5030,5030,9,17,6,2026,1,#NE
5031,5031,9,17,6,2026,1,#NE
5032,5032,9,17,15,2026,1,#NE
5033,5033,9,17,15,2026,1,#NE
5034,5034,9,17,15,2026,1,#NE
5035,5035,9,17,7,2026,1,#NE
5036,5036,9,17,15,2026,1,#NE
5037,5037,9,17,15,2026,1,#NE
5038,5038,9,17,7,2026,1,#NE
5039,5039,9,17,15,2026,1,#NE
5040,5040,9,17,16,2026,1,#NE
5041,5041,9,17,29,2026,1,#NE
5042,5042,9,17,16,2026,1,#NE
5043,5043,9,17,29,2026,1,#NE
5044,5044,9,17,16,2026,1,#NE
5045,5045,9,17,29,2026,1,#NE
5046,5046,9,17,25,2026,1,#NE
5047,5047,9,17,24,2026,1,#NE
5048,5048,9,17,24,2026,1,#NE
5049,5049,9,17,11,2026,1,#NE
5050,5050,9,17,19,2026,1,#NE
5051,5051,9,17,19,2026,1,#NE
5052,5052,9,17,19,2026,1,#NE
5053,5053,9,17,19,2026,1,#NE
5054,5054,9,17,19,2026,1,#NE
5055,5055,9,17,19,2026,1,#NE
5056,5056,9,17,19,2026,1,#NE
5057,5057,9,17,19,2026,1,#NE
5058,5058,9,17,19,2026,1,#NE
5059,5059,9,17,26,2026,1,#NE
5060,5060,9,17,22,2026,1,#NE
5061,5061,9,17,22,2026,1,#NE
5062,5062,9,17,20,2026,1,#NE
5063,5063,9,17,20,2026,1,#NE
5064,5064,9,17,20,2026,1,#NE
5065,5065,9,17,12,2026,1,#NE
5066,5066,9,17,2,2026,1,#NE
5067,5067,9,17,2,2026,1,#NE
5068,5068,9,17,2,2026,1,#NE
5069,5069,9,17,2,2026,1,#NE
5070,5070,9,17,2,2026,1,#NE
5071,5071,9,17,2,2026,1,#NE
5072,5072,9,17,2,2026,1,#NE
5073,5073,9,17,27,2026,1,#NE
5074,5074,6,19,20,2026,1,#NE
5075,5075,6,26,14,2026,1,#NE
5076,5076,6,28,29,2026,1,#NE
5077,5077,7,25,16,2026,1,#NE
5078,5078,7,25,28,2026,1,#NE
5079,5079,7,22,24,2026,1,#NE
5080,5080,7,22,25,2026,1,#NE
5081,5081,7,3,16,2026,1,#NE
5082,5082,7,23,4,2026,1,#NE
5083,5083,7,23,22,2026,1,#NE
5084,5084,7,23,13,2026,1,#NE
5085,5085,6,10,17,2026,1,#NE
5086,5086,6,10,25,2026,1,#NE
5087,5087,7,24,21,2026,1,#NE
5088,5088,7,21,30,2026,1,#NE
5089,5089,6,21,27,2026,1,#NE
5090,5090,6,21,23,2026,1,#NE
5091,5091,6,21,1,2026,1,#NE
5092,5092,4,3,8,2026,1,#NE
5093,5093,7,11,6,2026,1,#NE
5094,5094,7,11,10,2026,1,#NE
5095,5095,7,11,8,2026,1,#NE
5096,5096,6,22,6,2026,1,#NE
5097,5097,7,1,4,2026,1,#NE
5098,5098,7,1,26,2026,1,#NE
5099,5099,7,8,22,2026,1,#NE
5100,5100,7,10,14,2026,1,#NE
5101,5101,4,5,12,2026,1,#NE
5102,5102,4,5,22,2026,1,#NE
5103,5103,4,10,30,2026,1,#NE
5104,5104,5,17,5,2026,1,#NE
5105,5105,8,20,7,2026,1,#NE
5106,5106,8,20,7,2026,1,#NE
5107,5107,8,20,16,2026,1,#NE
5108,5108,8,20,14,2026,1,#NE
5109,5109,8,20,15,2026,1,#NE
5110,5110,9,10,1,2026,1,#NE
5111,5111,9,10,15,2026,1,#NE
5112,5112,9,12,12,2026,1,#NE
5113,5113,8,12,27,2026,1,#NE
5114,5114,9,18,21,2026,1,#NE
5115,5115,9,13,22,2026,1,#NE
5116,5116,9,12,14,2026,1,#NE
5117,5117,8,14,13,2026,1,#NE
5118,5118,9,25,7,2026,1,#NE
5119,5119,9,25,22,2026,1,#NE
5120,5120,9,12,8,2026,1,#NE
5121,5121,8,24,1,2026,1,#NE
5122,5122,8,15,17,2026,1,#NE
5123,5123,8,15,28,2026,1,#NE
5124,5124,9,14,1,2026,1,#NE
5125,5125,9,15,8,2026,1,#NE
5126,5126,8,16,2,2026,1,#NE
5127,5127,9,24,5,2026,1,#NE
5128,5128,9,24,5,2026,1,#NE
5129,5129,8,16,13,2026,1,#NE
5130,5130,8,18,8,2026,1,#NE
5131,5131,8,24,5,2026,1,#NE
5132,5132,8,24,5,2026,1,#NE
5133,5133,8,24,5,2026,1,#NE
5134,5134,8,24,5,2026,1,#NE
5135,5135,9,20,21,2026,1,#NE
5136,5136,8,18,5,2026,1,#NE
5137,5137,8,18,4,2026,1,#NE
5138,5138,8,18,2,2026,1,#NE
5139,5139,9,26,22,2026,1,#NE
5140,5140,9,26,22,2026,1,#NE
5141,5141,9,26,22,2026,1,#NE
5142,5142,9,26,14,2026,1,#NE
5143,5143,5,18,8,2026,1,#NE
5144,5144,5,18,23,2026,1,#NE
5145,5145,3,12,12,2026,1,#NE
5146,5146,9,16,6,2026,1,#NE
5147,5147,9,20,2,2026,1,#NE
5148,5148,8,8,5,2026,1,#NE
5149,5149,8,8,1,2026,1,#NE
5150,5150,9,20,7,2026,1,#NE
5151,5151,9,19,14,2026,1,#NE
5152,5152,9,20,29,2026,1,#NE
5153,5153,5,23,25,2026,1,#NE
5154,5154,8,9,4,2026,1,#NE
5155,5155,7,20,12,2026,1,#NE
5156,5156,4,8,20,2026,1,#NE
5157,5157,7,18,4,2026,1,#NE
5158,5158,7,18,4,2026,1,#NE
5159,5159,6,12,12,2026,1,#NE
5160,5160,4,19,12,2026,1,#NE
5161,5161,4,18,12,2026,1,#NE
5162,5162,9,20,5,2026,1,#NE
5163,5163,9,20,5,2026,1,#NE
5164,5164,9,20,9,2026,1,#NE
5165,5165,3,24,12,2026,1,#NE
5166,5166,9,9,14,2026,1,#NE
5167,5167,5,28,5,2026,1,#NE
5168,5168,8,17,21,2026,1,#NE
5169,5169,9,4,25,2026,1,#NE
5170,5170,9,7,8,2026,1,#NE
5171,5171,9,17,9,2026,1,#NE
5172,5172,9,17,8,2026,1,#NE
5173,5173,9,17,8,2026,1,#NE
5174,5174,9,17,8,2026,1,#NE
5175,5175,9,17,8,2026,1,#NE
5176,5176,9,17,8,2026,1,#NE
5177,5177,9,17,8,2026,1,#NE
5178,5178,9,17,8,2026,1,#NE
5179,5179,9,17,8,2026,1,#NE
5180,5180,6,19,12,2026,1,#NE
5181,5181,8,20,29,2026,1,#NE
5182,5182,8,20,4,2026,1,#NE
5183,5183,8,20,27,2026,1,#NE
5184,5184,3,14,27,2026,1,#NE
5185,5185,5,12,21,2026,1,#NE
5186,5186,8,22,29,2026,1,#NE
5187,5187,8,12,14,2026,1,#NE
5188,5188,9,13,29,2026,1,#NE
5189,5189,9,15,6,2026,1,#NE
5190,5190,3,4,20,2026,1,#NE
5191,5191,3,26,27,2026,1,#NE
5192,5192,4,20,6,2026,1,#NE
5193,5193,6,16,16,2026,1,#NE
5194,5194,5,20,15,2026,1,#NE
5195,5195,9,9,27,2026,1,#NE
5196,5196,9,17,20,2026,1,#NE
5197,5197,8,20,14,2026,1,#NE
5198,5198,9,10,9,2026,1,#NE
5199,5199,9,25,27,2026,1,#NE
5200,5200,9,12,8,2026,1,#NE
5201,5201,9,15,26,2026,1,#NE
5202,5202,8,24,21,2026,1,#NE
5203,5203,8,11,27,2026,1,#NE
5204,5204,1,6,18,2026,1,#NE
5205,5205,8,19,20,2026,1,#NE
5206,5206,9,19,2,2026,1,#NE
5207,5207,7,2,11,2026,1,#NE
5208,5208,6,14,6,2026,1,#NE
5209,5209,8,9,14,2026,1,#NE
5210,5210,4,26,3,2026,1,#NE
5211,5211,7,20,27,2026,1,#NE
5212,5212,7,20,30,2026,1,#NE
5213,5213,4,14,1,2026,1,#NE
5214,5214,5,27,23,2026,1,#NE
5215,5215,5,27,15,2026,1,#NE
5216,5216,8,20,14,2026,1,#NE
5217,5217,8,26,28,2026,1,#NE
5218,5218,8,26,19,2026,1,#NE
5219,5219,8,26,1,2026,1,#NE
5220,5220,9,27,4,2026,1,#NE
5221,5221,9,27,4,2026,1,#NE
5222,5222,9,27,4,2026,1,#NE
5223,5223,9,27,4,2026,1,#NE
5224,5224,9,27,4,2026,1,#NE
5225,5225,9,27,4,2026,1,#NE
5226,5226,9,27,29,2026,1,#NE
5227,5227,9,27,4,2026,1,#NE
5228,5228,9,27,4,2026,1,#NE
5229,5229,9,27,4,2026,1,#NE
5230,5230,9,27,16,2026,1,#NE
5231,5231,9,27,16,2026,1,#NE
5232,5232,9,27,29,2026,1,#NE
5233,5233,9,27,16,2026,1,#NE
5234,5234,9,27,4,2026,1,#NE
5235,5235,9,27,4,2026,1,#NE
5236,5236,9,27,4,2026,1,#NE
5237,5237,9,27,29,2026,1,#NE
5238,5238,9,27,29,2026,1,#NE
5239,5239,9,27,4,2026,1,#NE
5240,5240,9,27,16,2026,1,#NE
5241,5241,9,27,16,2026,1,#NE
5242,5242,9,27,4,2026,1,#NE
5243,5243,9,27,29,2026,1,#NE
5244,5244,9,27,29,2026,1,#NE
5245,5245,9,27,8,2026,1,#NE
5246,5246,9,27,8,2026,1,#NE
5247,5247,9,27,8,2026,1,#NE
5248,5248,9,27,8,2026,1,#NE
5249,5249,9,27,8,2026,1,#NE
5250,5250,9,27,12,2026,1,#NE
5251,5251,9,27,12,2026,1,#NE
5252,5252,9,27,12,2026,1,#NE
5253,5253,9,27,24,2026,1,#NE
5254,5254,9,27,24,2026,1,#NE
5255,5255,9,27,24,2026,1,#NE
5256,5256,9,27,24,2026,1,#NE
5257,5257,9,27,24,2026,1,#NE
5258,5258,9,27,24,2026,1,#NE
5259,5259,9,27,24,2026,1,#NE
5260,5260,9,27,24,2026,1,#NE
5261,5261,9,27,24,2026,1,#NE
5262,5262,9,27,24,2026,1,#NE
5263,5263,9,27,24,2026,1,#NE
5264,5264,9,27,24,2026,1,#NE
5265,5265,9,27,24,2026,1,#NE
5266,5266,9,27,24,2026,1,#NE
5267,5267,9,27,7,2026,1,#NE
5268,5268,9,27,7,2026,1,#NE
5269,5269,9,27,7,2026,1,#NE
5270,5270,9,27,7,2026,1,#NE
5271,5271,9,27,7,2026,1,#NE
5272,5272,9,27,7,2026,1,#NE
5273,5273,9,27,7,2026,1,#NE
5274,5274,9,27,7,2026,1,#NE
5275,5275,9,27,13,2026,1,#NE
5276,5276,9,27,13,2026,1,#NE
5277,5277,9,27,7,2026,1,#NE
5278,5278,9,27,13,2026,1,#NE
5279,5279,9,27,13,2026,1,#NE
5280,5280,9,27,22,2026,1,#NE
5281,5281,9,27,22,2026,1,#NE
5282,5282,9,27,22,2026,1,#NE
5283,5283,9,27,22,2026,1,#NE
5284,5284,9,27,22,2026,1,#NE
5285,5285,9,27,22,2026,1,#NE
5286,5286,9,27,22,2026,1,#NE
5287,5287,9,27,22,2026,1,#NE
5288,5288,9,27,15,2026,1,#NE
5289,5289,9,27,15,2026,1,#NE
5290,5290,9,27,15,2026,1,#NE
5291,5291,9,27,15,2026,1,#NE
5292,5292,9,27,15,2026,1,#NE
5293,5293,9,27,15,2026,1,#NE
5294,5294,9,27,15,2026,1,#NE
5295,5295,9,27,15,2026,1,#NE
5296,5296,9,27,15,2026,1,#NE
5297,5297,9,27,15,2026,1,#NE
5298,5298,9,27,15,2026,1,#NE
5299,5299,9,27,27,2026,1,#NE
5300,5300,9,27,27,2026,1,#NE
5301,5301,9,27,27,2026,1,#NE
5302,5302,9,27,27,2026,1,#NE
5303,5303,9,27,27,2026,1,#NE
5304,5304,9,27,27,2026,1,#NE
5305,5305,9,27,1,2026,1,#NE
5306,5306,9,27,1,2026,1,#NE
5307,5307,9,27,27,2026,1,#NE
5308,5308,9,27,27,2026,1,#NE
5309,5309,9,27,6,2026,1,#NE
5310,5310,9,27,1,2026,1,#NE
5311,5311,9,27,1,2026,1,#NE
5312,5312,9,27,27,2026,1,#NE
5313,5313,9,27,27,2026,1,#NE
5314,5314,9,27,27,2026,1,#NE
5315,5315,9,27,6,2026,1,#NE
5316,5316,9,27,6,2026,1,#NE
5317,5317,9,27,6,2026,1,#NE
5318,5318,9,27,6,2026,1,#NE
5319,5319,9,27,6,2026,1,#NE
5320,5320,9,27,6,2026,1,#NE
5321,5321,9,27,6,2026,1,#NE
5322,5322,9,27,28,2026,1,#NE
5323,5323,9,27,5,2026,1,#NE
5324,5324,9,27,5,2026,1,#NE
5325,5325,9,27,28,2026,1,#NE
5326,5326,9,27,28,2026,1,#NE
5327,5327,9,27,17,2026,1,#NE
5328,5328,9,27,9,2026,1,#NE
5329,5329,9,27,9,2026,1,#NE
5330,5330,9,27,9,2026,1,#NE
5331,5331,9,27,9,2026,1,#NE
5332,5332,9,27,9,2026,1,#NE
5333,5333,9,27,9,2026,1,#NE
5334,5334,9,27,9,2026,1,#NE
5335,5335,9,27,9,2026,1,#NE
5336,5336,9,27,9,2026,1,#NE
5337,5337,9,27,9,2026,1,#NE
5338,5338,9,27,9,2026,1,#NE
5339,5339,9,27,9,2026,1,#NE
5340,5340,9,27,9,2026,1,#NE
5341,5341,9,27,9,2026,1,#NE
5342,5342,9,27,9,2026,1,#NE
5343,5343,9,27,9,2026,1,#NE
5344,5344,9,27,9,2026,1,#NE
5345,5345,9,27,9,2026,1,#NE
5346,5346,9,27,2,2026,1,#NE
5347,5347,9,27,2,2026,1,#NE
5348,5348,9,27,2,2026,1,#NE
5349,5349,9,27,2,2026,1,#NE
5350,5350,9,27,2,2026,1,#NE
5351,5351,9,27,2,2026,1,#NE
5352,5352,9,27,2,2026,1,#NE
5353,5353,9,27,2,2026,1,#NE
5354,5354,8,20,27,2026,1,#NE
5355,5355,9,27,2,2026,1,#NE
5356,5356,9,27,2,2026,1,#NE
5357,5357,9,27,20,2026,1,#NE
5358,5358,9,27,20,2026,1,#NE
5359,5359,9,27,20,2026,1,#NE
5360,5360,9,27,20,2026,1,#NE
5361,5361,9,27,20,2026,1,#NE
5362,5362,9,27,20,2026,1,#NE
5363,5363,9,27,20,2026,1,#NE
5364,5364,9,27,20,2026,1,#NE
5365,5365,9,27,20,2026,1,#NE
5366,5366,9,27,20,2026,1,#NE
5367,5367,9,27,20,2026,1,#NE
5368,5368,9,27,20,2026,1,#NE
5369,5369,9,27,20,2026,1,#NE
5370,5370,9,27,20,2026,1,#NE
5371,5371,9,27,20,2026,1,#NE
5372,5372,9,27,20,2026,1,#NE
5373,5373,9,27,20,2026,1,#NE
5374,5374,9,27,20,2026,1,#NE
5375,5375,9,27,20,2026,1,#NE
5376,5376,9,27,20,2026,1,#NE
5377,5377,9,27,21,2026,1,#NE
5378,5378,9,27,3,2026,1,#NE
5379,5379,9,27,21,2026,1,#NE
5380,5380,9,27,3,2026,1,#NE
5381,5381,9,27,3,2026,1,#NE
5382,5382,9,27,21,2026,1,#NE
5383,5383,9,27,21,2026,1,#NE
5384,5384,9,27,21,2026,1,#NE
5385,5385,9,27,21,2026,1,#NE
5386,5386,9,27,3,2026,1,#NE
5387,5387,9,27,21,2026,1,#NE
5388,5388,9,27,30,2026,1,#NE
5389,5389,9,27,14,2026,1,#NE
5390,5390,9,27,14,2026,1,#NE
5391,5391,9,27,14,2026,1,#NE
5392,5392,9,27,14,2026,1,#NE
5393,5393,9,27,14,2026,1,#NE
5394,5394,9,27,14,2026,1,#NE
5395,5395,9,27,14,2026,1,#NE
5396,5396,9,27,14,2026,1,#NE
5397,5397,9,27,14,2026,1,#NE
5398,5398,9,27,14,2026,1,#NE
5399,5399,9,27,14,2026,1,#NE
5400,5400,9,27,14,2026,1,#NE
5401,5401,9,27,14,2026,1,#NE
5402,5402,9,27,14,2026,1,#NE
5403,5403,9,27,14,2026,1,#NE
5404,5404,9,27,14,2026,1,#NE
5405,5405,9,27,14,2026,1,#NE
5406,5406,9,27,14,2026,1,#NE
5407,5407,9,27,14,2026,1,#NE
5408,5408,9,27,19,2026,1,#NE
5409,5409,9,27,19,2026,1,#NE
5410,5410,9,27,19,2026,1,#NE
5411,5411,9,27,19,2026,1,#NE
5412,5412,9,27,19,2026,1,#NE
5413,5413,9,27,19,2026,1,#NE
5414,5414,9,27,19,2026,1,#NE
5415,5415,9,27,19,2026,1,#NE
5416,5416,9,27,19,2026,1,#NE
5417,5417,9,27,19,2026,1,#NE
5418,5418,9,27,19,2026,1,#NE
5419,5419,9,27,19,2026,1,#NE
5420,5420,9,27,19,2026,1,#NE
5421,5421,9,27,19,2026,1,#NE
5422,5422,9,27,19,2026,1,#NE
5423,5423,9,27,19,2026,1,#NE
5424,5424,9,27,19,2026,1,#NE
5425,5425,9,27,19,2026,1,#NE
5426,5426,8,25,6,2026,1,#NE
5427,5427,9,5,8,2026,1,#NE
5428,5428,9,5,4,2026,1,#NE
5429,5429,8,12,19,2026,1,#NE
5430,5430,8,12,19,2026,1,#NE
5431,5431,8,12,9,2026,1,#NE
5432,5432,8,20,24,2026,1,#NE
5433,5433,8,22,6,2026,1,#NE
5434,5434,8,5,6,2026,1,#NE
5435,5435,8,5,29,2026,1,#NE
5436,5436,8,27,9,2026,1,#NE
5437,5437,8,27,9,2026,1,#NE
5438,5438,8,27,9,2026,1,#NE
5439,5439,8,27,9,2026,1,#NE
5440,5440,8,27,9,2026,1,#NE
5441,5441,8,27,9,2026,1,#NE
5442,5442,8,27,9,2026,1,#NE
5443,5443,8,27,9,2026,1,#NE
5444,5444,8,27,9,2026,1,#NE
5445,5445,8,27,9,2026,1,#NE
5446,5446,8,27,9,2026,1,#NE
5447,5447,8,22,13,2026,1,#NE
5448,5448,8,27,5,2026,1,#NE
5449,5449,8,27,5,2026,1,#NE
5450,5450,8,27,5,2026,1,#NE
5451,5451,8,27,5,2026,1,#NE
5452,5452,8,27,5,2026,1,#NE
5453,5453,8,27,5,2026,1,#NE
5454,5454,8,27,21,2026,1,#NE
5455,5455,8,27,21,2026,1,#NE
5456,5456,8,27,21,2026,1,#NE
5457,5457,8,27,21,2026,1,#NE
5458,5458,8,27,21,2026,1,#NE
5459,5459,8,27,21,2026,1,#NE
5460,5460,8,27,21,2026,1,#NE
5461,5461,8,27,21,2026,1,#NE
5462,5462,8,27,21,2026,1,#NE
5463,5463,8,27,13,2026,1,#NE
5464,5464,8,27,13,2026,1,#NE
5465,5465,8,27,13,2026,1,#NE
5466,5466,8,27,13,2026,1,#NE
5467,5467,8,27,13,2026,1,#NE
5468,5468,8,27,13,2026,1,#NE
5469,5469,8,27,23,2026,1,#NE
5470,5470,8,27,23,2026,1,#NE
5471,5471,8,27,23,2026,1,#NE
5472,5472,8,27,24,2026,1,#NE
5473,5473,8,27,24,2026,1,#NE
5474,5474,8,27,11,2026,1,#NE
5475,5475,8,27,25,2026,1,#NE
5476,5476,8,27,19,2026,1,#NE
5477,5477,8,27,19,2026,1,#NE
5478,5478,8,27,19,2026,1,#NE
5479,5479,8,27,19,2026,1,#NE
5480,5480,8,27,19,2026,1,#NE
5481,5481,8,27,19,2026,1,#NE
5482,5482,8,27,19,2026,1,#NE
5483,5483,8,27,19,2026,1,#NE
5484,5484,8,27,30,2026,1,#NE
5485,5485,8,27,6,2026,1,#NE
5486,5486,8,27,6,2026,1,#NE
5487,5487,8,27,6,2026,1,#NE
5488,5488,8,27,6,2026,1,#NE
5489,5489,8,27,6,2026,1,#NE
5490,5490,8,27,6,2026,1,#NE
5491,5491,8,27,6,2026,1,#NE
5492,5492,8,27,6,2026,1,#NE
5493,5493,8,27,6,2026,1,#NE
5494,5494,8,27,6,2026,1,#NE
5495,5495,8,27,6,2026,1,#NE
5496,5496,8,27,6,2026,1,#NE
5497,5497,8,27,6,2026,1,#NE
5498,5498,8,27,27,2026,1,#NE
5499,5499,8,27,27,2026,1,#NE
5500,5500,8,27,27,2026,1,#NE
5501,5501,8,27,27,2026,1,#NE
5502,5502,8,27,27,2026,1,#NE
5503,5503,8,27,27,2026,1,#NE
5504,5504,8,27,27,2026,1,#NE
5505,5505,8,27,27,2026,1,#NE
5506,5506,8,27,27,2026,1,#NE
5507,5507,8,27,26,2026,1,#NE
5508,5508,8,27,22,2026,1,#NE
5509,5509,8,27,26,2026,1,#NE
5510,5510,8,27,22,2026,1,#NE
5511,5511,8,27,22,2026,1,#NE
5512,5512,8,27,22,2026,1,#NE
5513,5513,8,12,14,2026,1,#NE
5514,5514,8,27,7,2026,1,#NE
5515,5515,5,8,14,2026,1,#NE
5516,5516,5,8,20,2026,1,#NE
5517,5517,8,27,7,2026,1,#NE
5518,5518,8,27,7,2026,1,#NE
5519,5519,8,27,7,2026,1,#NE
5520,5520,5,17,24,2026,1,#NE
5521,5521,3,13,24,2026,1,#NE
5522,5522,8,27,7,2026,1,#NE
5523,5523,8,27,7,2026,1,#NE
5524,5524,8,27,7,2026,1,#NE
5525,5525,8,27,2,2026,1,#NE
5526,5526,8,27,2,2026,1,#NE
5527,5527,8,27,2,2026,1,#NE
5528,5528,8,27,2,2026,1,#NE
5529,5529,8,10,21,2026,1,#NE
5530,5530,8,10,21,2026,1,#NE
5531,5531,8,10,21,2026,1,#NE
5532,5532,8,27,2,2026,1,#NE
5533,5533,8,27,2,2026,1,#NE
5534,5534,8,27,2,2026,1,#NE
5535,5535,8,20,7,2026,1,#NE
5536,5536,8,20,7,2026,1,#NE
5537,5537,8,20,7,2026,1,#NE
5538,5538,8,27,2,2026,1,#NE
5539,5539,5,25,16,2026,1,#NE
5540,5540,9,10,5,2026,1,#NE
5541,5541,9,10,4,2026,1,#NE
5542,5542,8,10,30,2026,1,#NE
5543,5543,8,27,2,2026,1,#NE
5544,5544,8,27,2,2026,1,#NE
5545,5545,8,25,15,2026,1,#NE
5546,5546,8,25,22,2026,1,#NE
5547,5547,8,25,15,2026,1,#NE
5548,5548,8,27,2,2026,1,#NE
5549,5549,8,27,2,2026,1,#NE
5550,5550,8,27,2,2026,1,#NE
5551,5551,8,20,8,2026,1,#NE
5552,5552,8,27,15,2026,1,#NE
5553,5553,8,27,15,2026,1,#NE
5554,5554,8,3,19,2026,1,#NE
5555,5555,8,3,19,2026,1,#NE
5556,5556,8,3,27,2026,1,#NE
5557,5557,8,27,15,2026,1,#NE
5558,5558,8,27,15,2026,1,#NE
5559,5559,8,10,6,2026,1,#NE
5560,5560,8,10,6,2026,1,#NE
5561,5561,8,27,15,2026,1,#NE
5562,5562,8,27,15,2026,1,#NE
5563,5563,8,27,15,2026,1,#NE
5564,5564,8,25,4,2026,1,#NE
5565,5565,8,25,4,2026,1,#NE
5566,5566,8,25,4,2026,1,#NE
5567,5567,8,27,4,2026,1,#NE
5568,5568,8,3,27,2026,1,#NE
5569,5569,8,27,4,2026,1,#NE
5570,5570,8,27,4,2026,1,#NE
5571,5571,8,27,4,2026,1,#NE
5572,5572,8,3,7,2026,1,#NE
5573,5573,8,10,15,2026,1,#NE
5574,5574,8,10,15,2026,1,#NE
5575,5575,8,10,15,2026,1,#NE
5576,5576,8,27,4,2026,1,#NE
5577,5577,8,27,4,2026,1,#NE
5578,5578,8,25,17,2026,1,#NE
5579,5579,8,20,8,2026,1,#NE
5580,5580,8,27,4,2026,1,#NE
5581,5581,8,27,20,2026,1,#NE
5582,5582,8,20,8,2026,1,#NE
5583,5583,8,27,20,2026,1,#NE
5584,5584,8,27,20,2026,1,#NE
5585,5585,8,27,20,2026,1,#NE
5586,5586,8,27,20,2026,1,#NE
5587,5587,8,20,16,2026,1,#NE
5588,5588,8,20,16,2026,1,#NE
5589,5589,8,27,28,2026,1,#NE
5590,5590,8,27,17,2026,1,#NE
5591,5591,8,27,28,2026,1,#NE
5592,5592,8,20,16,2026,1,#NE
5593,5593,8,20,16,2026,1,#NE
5594,5594,8,27,17,2026,1,#NE
5595,5595,8,27,17,2026,1,#NE
5596,5596,8,10,19,2026,1,#NE
5597,5597,8,20,16,2026,1,#NE
5598,5598,8,20,29,2026,1,#NE
5599,5599,8,20,29,2026,1,#NE
5600,5600,8,27,17,2026,1,#NE
5601,5601,8,27,20,2026,1,#NE
5602,5602,8,20,4,2026,1,#NE
5603,5603,8,27,20,2026,1,#NE
5604,5604,8,27,20,2026,1,#NE
5605,5605,8,27,20,2026,1,#NE
5606,5606,8,27,20,2026,1,#NE
5607,5607,8,27,20,2026,1,#NE
5608,5608,8,27,20,2026,1,#NE
5609,5609,8,27,20,2026,1,#NE
5610,5610,8,20,4,2026,1,#NE
5611,5611,8,20,4,2026,1,#NE
5612,5612,8,27,20,2026,1,#NE
5613,5613,8,27,20,2026,1,#NE
5614,5614,8,27,14,2026,1,#NE
5615,5615,8,3,2,2026,1,#NE
5616,5616,8,20,14,2026,1,#NE
5617,5617,8,3,29,2026,1,#NE
5618,5618,8,3,29,2026,1,#NE
5619,5619,8,10,13,2026,1,#NE
5620,5620,8,25,9,2026,1,#NE
5621,5621,8,20,14,2026,1,#NE
5622,5622,8,10,13,2026,1,#NE
5623,5623,8,10,13,2026,1,#NE
5624,5624,8,27,14,2026,1,#NE
5625,5625,8,27,14,2026,1,#NE
5626,5626,8,27,14,2026,1,#NE
5627,5627,8,20,14,2026,1,#NE
5628,5628,8,3,16,2026,1,#NE
5629,5629,8,3,9,2026,1,#NE
5630,5630,8,27,14,2026,1,#NE
5631,5631,8,3,20,2026,1,#NE
5632,5632,8,10,9,2026,1,#NE
5633,5633,8,10,9,2026,1,#NE
5634,5634,8,27,14,2026,1,#NE
5635,5635,8,27,14,2026,1,#NE
5636,5636,8,27,14,2026,1,#NE
5637,5637,8,25,24,2026,1,#NE
5638,5638,8,25,11,2026,1,#NE
5639,5639,8,27,14,2026,1,#NE
5640,5640,8,27,14,2026,1,#NE
5641,5641,8,27,1,2026,1,#NE
5642,5642,8,27,1,2026,1,#NE
5643,5643,8,25,24,2026,1,#NE
5644,5644,8,27,1,2026,1,#NE
5645,5645,8,27,1,2026,1,#NE
5646,5646,8,20,26,2026,1,#NE
5647,5647,8,20,22,2026,1,#NE
5648,5648,8,3,20,2026,1,#NE
5649,5649,8,3,20,2026,1,#NE
5650,5650,8,27,1,2026,1,#NE
5651,5651,8,27,1,2026,1,#NE
5652,5652,8,27,1,2026,1,#NE
5653,5653,8,27,1,2026,1,#NE
5654,5654,8,3,14,2026,1,#NE
5655,5655,8,3,14,2026,1,#NE
5656,5656,8,10,17,2026,1,#NE
5657,5657,8,25,24,2026,1,#NE
5658,5658,8,25,14,2026,1,#NE
5659,5659,8,27,1,2026,1,#NE
5660,5660,8,27,1,2026,1,#NE
5661,5661,8,27,12,2026,1,#NE
5662,5662,8,27,16,2026,1,#NE
5663,5663,8,27,16,2026,1,#NE
5664,5664,8,27,29,2026,1,#NE
5665,5665,8,3,22,2026,1,#NE
5666,5666,8,3,26,2026,1,#NE
5667,5667,8,3,26,2026,1,#NE
5668,5668,8,10,28,2026,1,#NE
5669,5669,8,27,16,2026,1,#NE
5670,5670,8,20,21,2026,1,#NE
5671,5671,8,27,29,2026,1,#NE
5672,5672,8,10,4,2026,1,#NE
5673,5673,8,27,16,2026,1,#NE
5674,5674,8,10,20,2026,1,#NE
5675,5675,9,5,21,2026,1,#NE
5676,5676,9,5,6,2026,1,#NE
5677,5677,9,5,28,2026,1,#NE
5678,5678,9,5,28,2026,1,#NE
5679,5679,8,20,21,2026,1,#NE
5680,5680,8,20,21,2026,1,#NE
5681,5681,8,10,20,2026,1,#NE
5682,5682,9,22,4,2026,1,#NE
5683,5683,9,10,27,2026,1,#NE
5684,5684,8,10,22,2026,1,#NE
5685,5685,8,20,21,2026,1,#NE
5686,5686,9,10,19,2026,1,#NE
5687,5687,8,20,12,2026,1,#NE
5688,5688,8,20,12,2026,1,#NE
5689,5689,8,20,12,2026,1,#NE
5690,5690,8,10,22,2026,1,#NE
5691,5691,8,10,27,2026,1,#NE
5692,5692,10,8,9,2026,1,#NE
5693,5693,9,12,5,2026,1,#NE
5694,5694,9,12,14,2026,1,#NE
5695,5695,9,12,20,2026,1,#NE
5696,5696,8,7,15,2026,1,#NE
5697,5697,8,14,17,2026,1,#NE
5698,5698,9,13,17,2026,1,#NE
5699,5699,8,3,6,2026,1,#NE
5700,5700,9,25,7,2026,1,#NE
5701,5701,10,8,7,2026,1,#NE
5702,5702,10,8,5,2026,1,#NE
5703,5703,10,8,19,2026,1,#NE
5704,5704,8,26,14,2026,1,#NE
5705,5705,8,26,14,2026,1,#NE
5706,5706,8,25,2,2026,1,#NE
5707,5707,9,23,21,2026,1,#NE
5708,5708,9,23,21,2026,1,#NE
5709,5709,8,25,7,2026,1,#NE
5710,5710,8,25,7,2026,1,#NE
5711,5711,8,1,22,2026,1,#NE
5712,5712,8,1,19,2026,1,#NE
5713,5713,9,12,28,2026,1,#NE
5714,5714,8,20,6,2026,1,#NE
5715,5715,8,20,6,2026,1,#NE
5716,5716,8,20,5,2026,1,#NE
5717,5717,9,12,9,2026,1,#NE
5718,5718,9,12,15,2026,1,#NE
5719,5719,8,12,19,2026,1,#NE
5720,5720,8,12,19,2026,1,#NE
5721,5721,8,15,13,2026,1,#NE
5722,5722,8,15,4,2026,1,#NE
5723,5723,8,15,2,2026,1,#NE
5724,5724,9,15,28,2026,1,#NE
5725,5725,9,15,13,2026,1,#NE
5726,5726,8,13,11,2026,1,#NE
5727,5727,9,14,29,2026,1,#NE
5728,5728,8,15,14,2026,1,#NE
5729,5729,8,15,27,2026,1,#NE
5730,5730,8,15,7,2026,1,#NE
5731,5731,8,16,2,2026,1,#NE
5732,5732,8,16,2,2026,1,#NE
5733,5733,8,16,2,2026,1,#NE
5734,5734,8,25,27,2026,1,#NE
5735,5735,8,25,27,2026,1,#NE
5736,5736,8,20,5,2026,1,#NE
5737,5737,8,20,5,2026,1,#NE
5738,5738,8,16,14,2026,1,#NE
5739,5739,8,16,16,2026,1,#NE
5740,5740,8,11,7,2026,1,#NE
5741,5741,8,12,19,2026,1,#NE
5742,5742,9,15,4,2026,1,#NE
5743,5743,9,15,29,2026,1,#NE
5744,5744,9,15,29,2026,1,#NE
5745,5745,8,18,4,2026,1,#NE
5746,5746,9,20,21,2026,1,#NE
5747,5747,8,12,19,2026,1,#NE
5748,5748,8,26,25,2026,1,#NE
5749,5749,8,26,24,2026,1,#NE
5750,5750,9,26,14,2026,1,#NE
5751,5751,9,26,14,2026,1,#NE
5752,5752,8,26,27,2026,1,#NE
5753,5753,8,26,27,2026,1,#NE
5754,5754,8,26,27,2026,1,#NE
5755,5755,8,26,27,2026,1,#NE
5756,5756,8,26,27,2026,1,#NE
5757,5757,8,25,6,2026,1,#NE
5758,5758,8,25,6,2026,1,#NE
5759,5759,8,25,6,2026,1,#NE
5760,5760,9,14,6,2026,1,#NE
5761,5761,9,24,16,2026,1,#NE
5762,5762,8,25,6,2026,1,#NE
5763,5763,8,20,5,2026,1,#NE
5764,5764,8,20,5,2026,1,#NE
5765,5765,3,27,24,2026,1,#NE
5766,5766,8,20,5,2026,1,#NE
5767,5767,9,16,13,2026,1,#NE
5768,5768,8,26,13,2026,1,#NE
5769,5769,8,20,5,2026,1,#NE
5770,5770,8,20,15,2026,1,#NE
5771,5771,9,28,27,2026,1,#NE
5772,5772,9,28,9,2026,1,#NE
5773,5773,8,26,15,2026,1,#NE
5774,5774,8,26,15,2026,1,#NE
5775,5775,8,20,15,2026,1,#NE
5776,5776,9,3,20,2026,1,#NE
5777,5777,1,6,18,2026,1,#NE
5778,5778,8,8,5,2026,1,#NE
5779,5779,8,20,15,2026,1,#NE
5780,5780,8,26,20,2026,1,#NE
5781,5781,8,26,20,2026,1,#NE
5782,5782,8,26,2,2026,1,#NE
5783,5783,9,11,19,2026,1,#NE
5784,5784,8,25,6,2026,1,#NE
5785,5785,8,25,19,2026,1,#NE
5786,5786,8,25,29,2026,1,#NE
5787,5787,8,20,15,2026,1,#NE
5788,5788,8,12,19,2026,1,#NE
5789,5789,8,19,29,2026,1,#NE
5790,5790,8,19,29,2026,1,#NE
5791,5791,8,12,19,2026,1,#NE
5792,5792,8,12,19,2026,1,#NE
5793,5793,8,12,19,2026,1,#NE
5794,5794,8,26,4,2026,1,#NE
5795,5795,8,26,6,2026,1,#NE
5796,5796,8,26,6,2026,1,#NE
5797,5797,8,4,25,2026,1,#NE
5798,5798,8,4,20,2026,1,#NE
5799,5799,8,28,15,2026,1,#NE
5800,5800,8,25,16,2026,1,#NE
5801,5801,8,25,16,2026,1,#NE
5802,5802,8,25,16,2026,1,#NE
5803,5803,8,25,20,2026,1,#NE
5804,5804,8,28,7,2026,1,#NE
5805,5805,7,27,30,2026,1,#NE
5806,5806,7,27,30,2026,1,#NE
5807,5807,7,27,7,2026,1,#NE
5808,5808,8,20,27,2026,1,#NE
5809,5809,7,27,10,2026,1,#NE
5810,5810,6,5,12,2026,1,#NE
5811,5811,8,12,6,2026,1,#NE
5812,5812,7,16,30,2026,1,#NE
5813,5813,5,11,14,2026,1,#NE
5814,5814,6,2,11,2026,1,#NE
5815,5815,6,2,6,2026,1,#NE
5816,5816,6,27,1,2026,1,#NE
5817,5817,8,25,20,2026,1,#NE
5818,5818,8,25,20,2026,1,#NE
5819,5819,8,20,27,2026,1,#NE
5820,5820,8,20,27,2026,1,#NE
5821,5821,8,20,27,2026,1,#NE
5822,5822,8,12,6,2026,1,#NE
5823,5823,6,18,2,2026,1,#NE
5824,5824,4,17,5,2026,1,#NE
5825,5825,8,12,6,2026,1,#NE
5826,5826,5,11,13,2026,1,#NE
5827,5827,5,11,24,2026,1,#NE
5828,5828,8,5,28,2026,1,#NE
5829,5829,9,5,22,2026,1,#NE
5830,5830,8,20,9,2026,1,#NE
5831,5831,8,20,9,2026,1,#NE
5832,5832,8,20,9,2026,1,#NE
5833,5833,8,12,6,2026,1,#NE
5834,5834,8,12,8,2026,1,#NE
5835,5835,8,5,17,2026,1,#NE
5836,5836,8,5,28,2026,1,#NE
5837,5837,8,5,17,2026,1,#NE
5838,5838,8,20,9,2026,1,#NE
5839,5839,8,20,9,2026,1,#NE
5840,5840,8,5,28,2026,1,#NE
5841,5841,8,5,28,2026,1,#NE
5842,5842,8,5,28,2026,1,#NE
5843,5843,8,5,15,2026,1,#NE
5844,5844,8,5,15,2026,1,#NE
5845,5845,8,20,9,2026,1,#NE
5846,5846,8,20,9,2026,1,#NE
5847,5847,8,20,9,2026,1,#NE
5848,5848,8,5,15,2026,1,#NE
5849,5849,8,5,27,2026,1,#NE
5850,5850,9,5,26,2026,1,#NE
5851,5851,9,5,22,2026,1,#NE
5852,5852,8,20,9,2026,1,#NE
5853,5853,8,20,9,2026,1,#NE
5854,5854,8,12,8,2026,1,#NE
5855,5855,8,5,27,2026,1,#NE
5856,5856,9,20,28,2026,1,#NE
5857,5857,9,5,22,2026,1,#NE
5858,5858,9,5,22,2026,1,#NE
5859,5859,5,20,5,2026,1,#NE
5860,5860,8,20,28,2026,1,#NE
5861,5861,8,20,28,2026,1,#NE
5862,5862,8,20,28,2026,1,#NE
5863,5863,8,17,4,2026,1,#NE
5864,5864,8,12,9,2026,1,#NE
5865,5865,8,12,9,2026,1,#NE
5866,5866,8,17,5,2026,1,#NE
5867,5867,8,17,15,2026,1,#NE
5868,5868,8,17,21,2026,1,#NE
5869,5869,8,17,21,2026,1,#NE
5870,5870,9,4,27,2026,1,#NE
5871,5871,9,5,8,2026,1,#NE
5872,5872,9,5,8,2026,1,#NE
5873,5873,9,5,8,2026,1,#NE
5874,5874,8,2,2,2026,1,#NE
5875,5875,8,2,28,2026,1,#NE
5876,5876,8,2,28,2026,1,#NE
5877,5877,8,2,17,2026,1,#NE
5878,5878,8,20,17,2026,1,#NE
5879,5879,8,12,9,2026,1,#NE
5880,5880,9,7,8,2026,1,#NE
5881,5881,9,7,8,2026,1,#NE
5882,5882,9,7,24,2026,1,#NE
5883,5883,8,12,9,2026,1,#NE
5884,5884,8,12,9,2026,1,#NE
5885,5885,8,12,9,2026,1,#NE
5886,5886,8,12,9,2026,1,#NE
5887,5887,9,7,17,2026,1,#NE
5888,5888,3,7,9,2026,1,#NE
5889,5889,9,1,6,2026,1,#NE
5890,5890,8,5,27,2026,1,#NE
5891,5891,9,1,26,2026,1,#NE
5892,5892,9,1,13,2026,1,#NE
5893,5893,9,1,27,2026,1,#NE
5894,5894,9,17,5,2026,1,#NE
5895,5895,8,20,28,2026,1,#NE
5896,5896,8,20,20,2026,1,#NE
5897,5897,9,17,27,2026,1,#NE
5898,5898,9,17,27,2026,1,#NE
5899,5899,6,26,4,2026,1,#NE
5900,5900,6,28,15,2026,1,#NE
5901,5901,6,21,22,2026,1,#NE
5902,5902,8,20,20,2026,1,#NE
5903,5903,7,8,2,2026,1,#NE
5904,5904,8,5,27,2026,1,#NE
5905,5905,8,20,20,2026,1,#NE
5906,5906,8,20,20,2026,1,#NE
5907,5907,8,20,20,2026,1,#NE
5908,5908,8,20,20,2026,1,#NE
5909,5909,8,5,2,2026,1,#NE
5910,5910,8,5,2,2026,1,#NE
5911,5911,8,5,2,2026,1,#NE
5912,5912,8,20,13,2026,1,#NE
5913,5913,8,5,2,2026,1,#NE
5914,5914,8,20,13,2026,1,#NE
5915,5915,8,20,13,2026,1,#NE
5916,5916,8,20,13,2026,1,#NE
5917,5917,9,5,8,2026,1,#NE
5918,5918,9,5,1,2026,1,#NE
5919,5919,9,5,1,2026,1,#NE
5920,5920,8,20,13,2026,1,#NE
5921,5921,8,12,9,2026,1,#NE
5922,5922,9,5,4,2026,1,#NE
5923,5923,8,20,13,2026,1,#NE
5924,5924,8,20,24,2026,1,#NE
5925,5925,8,12,20,2026,1,#NE
5926,5926,8,5,14,2026,1,#NE
5927,5927,8,5,14,2026,1,#NE
5928,5928,9,5,4,2026,1,#NE
5929,5929,8,20,24,2026,1,#NE
5930,5930,8,12,20,2026,1,#NE
5931,5931,8,12,20,2026,1,#NE
5932,5932,8,5,14,2026,1,#NE
5933,5933,9,5,21,2026,1,#NE
5934,5934,9,5,21,2026,1,#NE
5935,5935,9,5,3,2026,1,#NE
5936,5936,8,20,24,2026,1,#NE
5937,5937,8,12,2,2026,1,#NE
5938,5938,8,12,2,2026,1,#NE
5939,5939,8,5,14,2026,1,#NE
5940,5940,8,5,14,2026,1,#NE
5941,5941,8,5,14,2026,1,#NE
5942,5942,8,5,14,2026,1,#NE
5943,5943,8,5,13,2026,1,#NE
5944,5944,8,5,13,2026,1,#NE
5945,5945,8,20,23,2026,1,#NE
5946,5946,8,5,13,2026,1,#NE
5947,5947,8,5,13,2026,1,#NE
5948,5948,8,20,2,2026,1,#NE
5949,5949,8,20,2,2026,1,#NE
5950,5950,8,5,13,2026,1,#NE
5951,5951,8,5,13,2026,1,#NE
5952,5952,8,5,13,2026,1,#NE
5953,5953,8,20,2,2026,1,#NE
5954,5954,8,5,20,2026,1,#NE
5955,5955,8,5,20,2026,1,#NE
5956,5956,8,5,20,2026,1,#NE
5957,5957,8,5,20,2026,1,#NE
5958,5958,9,5,21,2026,1,#NE
5959,5959,9,5,21,2026,1,#NE
5960,5960,8,20,30,2026,1,#NE
5961,5961,8,20,19,2026,1,#NE
5962,5962,8,20,19,2026,1,#NE
5963,5963,8,12,2,2026,1,#NE
5964,5964,8,5,20,2026,1,#NE
5965,5965,8,5,20,2026,1,#NE
5966,5966,9,5,21,2026,1,#NE
5967,5967,9,5,3,2026,1,#NE
5968,5968,9,5,21,2026,1,#NE
5969,5969,8,20,19,2026,1,#NE
5970,5970,8,20,19,2026,1,#NE
5971,5971,8,20,19,2026,1,#NE
5972,5972,8,20,19,2026,1,#NE
5973,5973,8,12,2,2026,1,#NE
5974,5974,8,5,7,2026,1,#NE
5975,5975,8,5,7,2026,1,#NE
5976,5976,8,5,7,2026,1,#NE
5977,5977,8,5,7,2026,1,#NE
5978,5978,8,5,7,2026,1,#NE
5979,5979,8,20,19,2026,1,#NE
5980,5980,8,12,13,2026,1,#NE
5981,5981,8,12,13,2026,1,#NE
5982,5982,8,12,13,2026,1,#NE
5983,5983,8,5,19,2026,1,#NE
5984,5984,8,5,19,2026,1,#NE
5985,5985,8,5,19,2026,1,#NE
5986,5986,9,5,21,2026,1,#NE
5987,5987,8,22,9,2026,1,#NE
5988,5988,8,22,27,2026,1,#NE
5989,5989,8,12,13,2026,1,#NE
5990,5990,8,5,19,2026,1,#NE
5991,5991,9,5,2,2026,1,#NE
5992,5992,9,5,2,2026,1,#NE
5993,5993,9,5,2,2026,1,#NE
5994,5994,8,22,6,2026,1,#NE
5995,5995,8,22,28,2026,1,#NE
5996,5996,8,12,13,2026,1,#NE
5997,5997,8,12,13,2026,1,#NE
5998,5998,8,12,13,2026,1,#NE
5999,5999,8,5,16,2026,1,#NE
6000,6000,9,5,2,2026,1,#NE
6001,6001,9,5,2,2026,1,#NE
6002,6002,9,5,2,2026,1,#NE
6003,6003,9,5,2,2026,1,#NE
6004,6004,9,5,24,2026,1,#NE
6005,6005,8,22,19,2026,1,#NE
6006,6006,8,22,19,2026,1,#NE
6007,6007,8,5,29,2026,1,#NE
6008,6008,8,22,13,2026,1,#NE
6009,6009,8,22,4,2026,1,#NE
6010,6010,8,5,9,2026,1,#NE
6011,6011,8,5,9,2026,1,#NE
6012,6012,8,5,4,2026,1,#NE
6013,6013,8,5,24,2026,1,#NE
6014,6014,8,5,24,2026,1,#NE
6015,6015,8,5,25,2026,1,#NE
6016,6016,8,5,24,2026,1,#NE
6017,6017,8,5,24,2026,1,#NE
6018,6018,9,10,21,2026,1,#NE
6019,6019,9,10,21,2026,1,#NE
6020,6020,9,10,3,2026,1,#NE
6021,6021,8,5,21,2026,1,#NE
6022,6022,8,5,21,2026,1,#NE
6023,6023,9,10,21,2026,1,#NE
6024,6024,8,5,21,2026,1,#NE
6025,6025,8,5,21,2026,1,#NE
6026,6026,9,10,21,2026,1,#NE
6027,6027,9,10,21,2026,1,#NE
6028,6028,9,10,21,2026,1,#NE
6029,6029,9,10,9,2026,1,#NE
6030,6030,8,12,13,2026,1,#NE
6031,6031,8,12,13,2026,1,#NE
6032,6032,9,5,25,2026,1,#NE
6033,6033,9,5,25,2026,1,#NE
6034,6034,9,5,25,2026,1,#NE
6035,6035,9,5,11,2026,1,#NE
6036,6036,9,10,9,2026,1,#NE
6037,6037,8,12,17,2026,1,#NE
6038,6038,8,12,17,2026,1,#NE
6039,6039,8,12,17,2026,1,#NE
6040,6040,9,5,24,2026,1,#NE
6041,6041,9,5,24,2026,1,#NE
6042,6042,9,5,11,2026,1,#NE
6043,6043,9,10,8,2026,1,#NE
6044,6044,8,12,17,2026,1,#NE
6045,6045,8,12,17,2026,1,#NE
6046,6046,8,12,28,2026,1,#NE
6047,6047,9,5,24,2026,1,#NE
6048,6048,9,5,24,2026,1,#NE
6049,6049,9,10,8,2026,1,#NE
6050,6050,9,10,8,2026,1,#NE
6051,6051,8,12,28,2026,1,#NE
6052,6052,8,12,28,2026,1,#NE
6053,6053,8,12,17,2026,1,#NE
6054,6054,9,5,11,2026,1,#NE
6055,6055,9,5,27,2026,1,#NE
6056,6056,9,10,20,2026,1,#NE
6057,6057,9,10,20,2026,1,#NE
6058,6058,8,12,14,2026,1,#NE
6059,6059,9,10,29,2026,1,#NE
6060,6060,9,10,29,2026,1,#NE
6061,6061,9,10,29,2026,1,#NE
6062,6062,9,10,16,2026,1,#NE
6063,6063,9,10,29,2026,1,#NE
6064,6064,9,10,29,2026,1,#NE
6065,6065,9,10,29,2026,1,#NE
6066,6066,9,10,5,2026,1,#NE
6067,6067,8,12,14,2026,1,#NE
6068,6068,8,12,14,2026,1,#NE
6069,6069,8,12,14,2026,1,#NE
6070,6070,8,12,14,2026,1,#NE
6071,6071,9,5,27,2026,1,#NE
6072,6072,8,12,14,2026,1,#NE
6073,6073,8,12,14,2026,1,#NE
6074,6074,9,5,27,2026,1,#NE
6075,6075,9,5,27,2026,1,#NE
6076,6076,9,5,27,2026,1,#NE
6077,6077,9,5,27,2026,1,#NE
6078,6078,9,5,27,2026,1,#NE
6079,6079,9,10,1,2026,1,#NE
6080,6080,8,12,14,2026,1,#NE
6081,6081,9,5,27,2026,1,#NE
6082,6082,9,10,1,2026,1,#NE
6083,6083,9,10,1,2026,1,#NE
6084,6084,8,12,3,2026,1,#NE
6085,6085,8,12,21,2026,1,#NE
6086,6086,9,5,20,2026,1,#NE
6087,6087,9,10,4,2026,1,#NE
6088,6088,8,12,21,2026,1,#NE
6089,6089,8,12,21,2026,1,#NE
6090,6090,8,12,21,2026,1,#NE
6091,6091,9,5,6,2026,1,#NE
6092,6092,9,5,6,2026,1,#NE
6093,6093,9,10,4,2026,1,#NE
6094,6094,9,10,4,2026,1,#NE
6095,6095,8,12,15,2026,1,#NE
6096,6096,9,5,6,2026,1,#NE
6097,6097,9,5,6,2026,1,#NE
6098,6098,9,10,24,2026,1,#NE
6099,6099,9,10,24,2026,1,#NE
6100,6100,8,12,15,2026,1,#NE
6101,6101,8,12,15,2026,1,#NE
6102,6102,9,5,6,2026,1,#NE
6103,6103,9,10,24,2026,1,#NE
6104,6104,8,12,15,2026,1,#NE
6105,6105,8,12,15,2026,1,#NE
6106,6106,9,5,6,2026,1,#NE
6107,6107,8,12,26,2026,1,#NE
6108,6108,8,12,22,2026,1,#NE
6109,6109,8,12,26,2026,1,#NE
6110,6110,9,5,13,2026,1,#NE
6111,6111,9,5,13,2026,1,#NE
6112,6112,9,10,6,2026,1,#NE
6113,6113,9,10,6,2026,1,#NE
6114,6114,9,10,6,2026,1,#NE
6115,6115,9,10,27,2026,1,#NE
6116,6116,9,10,27,2026,1,#NE
6117,6117,8,12,24,2026,1,#NE
6118,6118,9,5,29,2026,1,#NE
6119,6119,9,10,27,2026,1,#NE
6120,6120,9,10,27,2026,1,#NE
6121,6121,8,12,25,2026,1,#NE
6122,6122,9,5,16,2026,1,#NE
6123,6123,9,10,6,2026,1,#NE
6124,6124,8,12,25,2026,1,#NE
6125,6125,8,5,3,2026,1,#NE
6126,6126,8,5,21,2026,1,#NE
6127,6127,9,22,2,2026,1,#NE
6128,6128,9,22,2,2026,1,#NE
6129,6129,9,5,29,2026,1,#NE
6130,6130,9,5,29,2026,1,#NE
6131,6131,9,22,2,2026,1,#NE
6132,6132,9,22,2,2026,1,#NE
6133,6133,9,22,2,2026,1,#NE
6134,6134,9,5,29,2026,1,#NE
6135,6135,9,5,29,2026,1,#NE
6136,6136,9,10,17,2026,1,#NE
6137,6137,9,10,14,2026,1,#NE
6138,6138,8,12,29,2026,1,#NE
6139,6139,9,22,2,2026,1,#NE
6140,6140,9,22,9,2026,1,#NE
6141,6141,9,22,9,2026,1,#NE
6142,6142,9,5,19,2026,1,#NE
6143,6143,9,10,14,2026,1,#NE
6144,6144,9,22,9,2026,1,#NE
6145,6145,9,10,17,2026,1,#NE
6146,6146,9,10,17,2026,1,#NE
6147,6147,9,22,22,2026,1,#NE
6148,6148,9,22,19,2026,1,#NE
6149,6149,9,10,14,2026,1,#NE
6150,6150,9,10,17,2026,1,#NE
6151,6151,9,22,6,2026,1,#NE
6152,6152,9,10,22,2026,1,#NE
6153,6153,9,10,22,2026,1,#NE
6154,6154,9,22,17,2026,1,#NE
6155,6155,9,10,26,2026,1,#NE
6156,6156,9,10,15,2026,1,#NE
6157,6157,9,22,27,2026,1,#NE
6158,6158,9,22,27,2026,1,#NE
6159,6159,9,22,27,2026,1,#NE
6160,6160,9,22,27,2026,1,#NE
6161,6161,9,10,15,2026,1,#NE
6162,6162,9,10,15,2026,1,#NE
6163,6163,9,10,15,2026,1,#NE
6164,6164,9,10,15,2026,1,#NE
6165,6165,9,22,27,2026,1,#NE
6166,6166,9,22,25,2026,1,#NE
6167,6167,9,10,15,2026,1,#NE
6168,6168,9,10,15,2026,1,#NE
6169,6169,9,10,15,2026,1,#NE
6170,6170,9,22,24,2026,1,#NE
6171,6171,9,10,19,2026,1,#NE
6172,6172,9,10,19,2026,1,#NE
6173,6173,9,22,8,2026,1,#NE
6174,6174,9,22,8,2026,1,#NE
6175,6175,9,22,15,2026,1,#NE
6176,6176,9,5,19,2026,1,#NE
6177,6177,9,5,19,2026,1,#NE
6178,6178,9,5,19,2026,1,#NE
6179,6179,9,5,30,2026,1,#NE
6180,6180,9,12,24,2026,1,#NE
6181,6181,9,12,24,2026,1,#NE
6182,6182,8,12,29,2026,1,#NE
6183,6183,8,12,29,2026,1,#NE
6184,6184,9,5,14,2026,1,#NE
6185,6185,9,5,14,2026,1,#NE
6186,6186,9,12,24,2026,1,#NE
6187,6187,9,12,11,2026,1,#NE
6188,6188,8,12,29,2026,1,#NE
6189,6189,9,5,14,2026,1,#NE
6190,6190,9,5,14,2026,1,#NE
6191,6191,9,12,24,2026,1,#NE
6192,6192,9,12,24,2026,1,#NE
6193,6193,9,12,25,2026,1,#NE
6194,6194,9,22,14,2026,1,#NE
6195,6195,9,12,24,2026,1,#NE
6196,6196,9,12,25,2026,1,#NE
6197,6197,8,12,27,2026,1,#NE
6198,6198,8,12,27,2026,1,#NE
6199,6199,9,22,16,2026,1,#NE
6200,6200,9,5,14,2026,1,#NE
6201,6201,9,5,14,2026,1,#NE
6202,6202,9,12,24,2026,1,#NE
6203,6203,8,12,27,2026,1,#NE
6204,6204,8,12,27,2026,1,#NE
6205,6205,9,22,29,2026,1,#NE
6206,6206,3,21,24,2026,1,#NE
6207,6207,9,18,6,2026,1,#NE
6208,6208,9,18,6,2026,1,#NE
6209,6209,9,12,5,2026,1,#NE
6210,6210,8,12,27,2026,1,#NE
6211,6211,3,21,29,2026,1,#NE
6212,6212,5,16,30,2026,1,#NE
6213,6213,5,16,14,2026,1,#NE
6214,6214,9,12,5,2026,1,#NE
6215,6215,9,12,5,2026,1,#NE
6216,6216,9,12,5,2026,1,#NE
6217,6217,8,7,26,2026,1,#NE
6218,6218,8,7,22,2026,1,#NE
6219,6219,8,7,22,2026,1,#NE
6220,6220,8,7,26,2026,1,#NE
6221,6221,8,7,22,2026,1,#NE
6222,6222,9,18,24,2026,1,#NE
6223,6223,9,12,27,2026,1,#NE
6224,6224,9,12,27,2026,1,#NE
6225,6225,9,12,27,2026,1,#NE
6226,6226,8,12,4,2026,1,#NE
6227,6227,8,12,4,2026,1,#NE
6228,6228,9,13,25,2026,1,#NE
6229,6229,8,7,22,2026,1,#NE
6230,6230,8,7,27,2026,1,#NE
6231,6231,9,18,24,2026,1,#NE
6232,6232,9,18,25,2026,1,#NE
6233,6233,9,18,24,2026,1,#NE
6234,6234,9,12,27,2026,1,#NE
6235,6235,8,7,20,2026,1,#NE
6236,6236,8,7,20,2026,1,#NE
6237,6237,9,12,27,2026,1,#NE
6238,6238,8,7,8,2026,1,#NE
6239,6239,8,7,19,2026,1,#NE
6240,6240,8,7,19,2026,1,#NE
6241,6241,8,7,19,2026,1,#NE
6242,6242,9,18,2,2026,1,#NE
6243,6243,9,12,26,2026,1,#NE
6244,6244,9,12,22,2026,1,#NE
6245,6245,9,13,17,2026,1,#NE
6246,6246,9,13,17,2026,1,#NE
6247,6247,9,13,17,2026,1,#NE
6248,6248,8,7,21,2026,1,#NE
6249,6249,8,7,21,2026,1,#NE
6250,6250,9,18,21,2026,1,#NE
6251,6251,9,18,21,2026,1,#NE
6252,6252,9,12,26,2026,1,#NE
6253,6253,9,12,26,2026,1,#NE
6254,6254,9,12,22,2026,1,#NE
6255,6255,9,12,26,2026,1,#NE
6256,6256,9,12,22,2026,1,#NE
6257,6257,9,18,14,2026,1,#NE
6258,6258,9,18,14,2026,1,#NE
6259,6259,9,12,30,2026,1,#NE
6260,6260,9,12,14,2026,1,#NE
6261,6261,9,13,27,2026,1,#NE
6262,6262,8,7,6,2026,1,#NE
6263,6263,9,18,20,2026,1,#NE
6264,6264,9,18,20,2026,1,#NE
6265,6265,9,18,20,2026,1,#NE
6266,6266,9,18,20,2026,1,#NE
6267,6267,9,12,14,2026,1,#NE
6268,6268,9,13,13,2026,1,#NE
6269,6269,9,13,13,2026,1,#NE
6270,6270,8,7,7,2026,1,#NE
6271,6271,9,18,20,2026,1,#NE
6272,6272,9,18,16,2026,1,#NE
6273,6273,9,12,14,2026,1,#NE
6274,6274,9,12,14,2026,1,#NE
6275,6275,9,12,14,2026,1,#NE
6276,6276,9,12,14,2026,1,#NE
6277,6277,9,12,14,2026,1,#NE
6278,6278,9,12,14,2026,1,#NE
6279,6279,9,12,14,2026,1,#NE
6280,6280,9,12,14,2026,1,#NE
6281,6281,9,13,13,2026,1,#NE
6282,6282,9,13,13,2026,1,#NE
6283,6283,9,13,2,2026,1,#NE
6284,6284,9,13,2,2026,1,#NE
6285,6285,8,7,17,2026,1,#NE
6286,6286,3,11,6,2026,1,#NE
6287,6287,9,12,7,2026,1,#NE
6288,6288,9,12,7,2026,1,#NE
6289,6289,9,12,20,2026,1,#NE
6290,6290,9,12,20,2026,1,#NE
6291,6291,9,13,2,2026,1,#NE
6292,6292,9,13,2,2026,1,#NE
6293,6293,8,7,14,2026,1,#NE
6294,6294,8,7,14,2026,1,#NE
6295,6295,8,7,14,2026,1,#NE
6296,6296,10,8,26,2026,1,#NE
6297,6297,10,8,26,2026,1,#NE
6298,6298,10,8,26,2026,1,#NE
6299,6299,9,12,20,2026,1,#NE
6300,6300,9,13,16,2026,1,#NE
6301,6301,10,8,9,2026,1,#NE
6302,6302,10,8,9,2026,1,#NE
6303,6303,10,8,9,2026,1,#NE
6304,6304,9,12,13,2026,1,#NE
6305,6305,9,13,29,2026,1,#NE
6306,6306,9,13,16,2026,1,#NE
6307,6307,9,13,14,2026,1,#NE
6308,6308,9,13,21,2026,1,#NE
6309,6309,8,7,24,2026,1,#NE
6310,6310,8,7,25,2026,1,#NE
6311,6311,8,7,30,2026,1,#NE
6312,6312,8,7,29,2026,1,#NE
6313,6313,10,8,7,2026,1,#NE
6314,6314,9,13,21,2026,1,#NE
6315,6315,9,13,3,2026,1,#NE
6316,6316,9,13,14,2026,1,#NE
6317,6317,9,13,14,2026,1,#NE
6318,6318,9,13,14,2026,1,#NE
6319,6319,8,7,29,2026,1,#NE
6320,6320,8,7,29,2026,1,#NE
6321,6321,8,7,29,2026,1,#NE
6322,6322,9,12,13,2026,1,#NE
6323,6323,9,12,13,2026,1,#NE
6324,6324,9,13,14,2026,1,#NE
6325,6325,9,13,14,2026,1,#NE
6326,6326,9,13,14,2026,1,#NE
6327,6327,9,13,14,2026,1,#NE
6328,6328,8,7,15,2026,1,#NE
6329,6329,10,8,4,2026,1,#NE
6330,6330,10,8,4,2026,1,#NE
6331,6331,10,8,4,2026,1,#NE
6332,6332,10,8,4,2026,1,#NE
6333,6333,9,12,13,2026,1,#NE
6334,6334,9,12,13,2026,1,#NE
6335,6335,9,12,13,2026,1,#NE
6336,6336,9,13,3,2026,1,#NE
6337,6337,8,7,15,2026,1,#NE
6338,6338,8,7,15,2026,1,#NE
6339,6339,8,14,4,2026,1,#NE
6340,6340,10,8,5,2026,1,#NE
6341,6341,10,8,5,2026,1,#NE
6342,6342,10,8,5,2026,1,#NE
6343,6343,9,12,13,2026,1,#NE
6344,6344,9,12,6,2026,1,#NE
6345,6345,8,14,4,2026,1,#NE
6346,6346,8,14,15,2026,1,#NE
6347,6347,8,14,15,2026,1,#NE
6348,6348,10,8,5,2026,1,#NE
6349,6349,10,8,5,2026,1,#NE
6350,6350,10,8,19,2026,1,#NE
6351,6351,10,8,19,2026,1,#NE
6352,6352,9,12,6,2026,1,#NE
6353,6353,9,12,6,2026,1,#NE
6354,6354,9,13,4,2026,1,#NE
6355,6355,8,14,7,2026,1,#NE
6356,6356,10,8,13,2026,1,#NE
6357,6357,10,8,13,2026,1,#NE
6358,6358,9,12,6,2026,1,#NE
6359,6359,9,12,6,2026,1,#NE
6360,6360,9,13,6,2026,1,#NE
6361,6361,9,13,6,2026,1,#NE
6362,6362,9,13,6,2026,1,#NE
6363,6363,9,13,6,2026,1,#NE
6364,6364,9,13,6,2026,1,#NE
6365,6365,9,13,6,2026,1,#NE
6366,6366,8,14,5,2026,1,#NE
6367,6367,8,14,20,2026,1,#NE
6368,6368,8,14,20,2026,1,#NE
6369,6369,8,14,11,2026,1,#NE
6370,6370,8,14,25,2026,1,#NE
6371,6371,10,8,13,2026,1,#NE
6372,6372,9,13,6,2026,1,#NE
6373,6373,9,25,6,2026,1,#NE
6374,6374,9,25,6,2026,1,#NE
6375,6375,8,14,13,2026,1,#NE
6376,6376,10,8,27,2026,1,#NE
6377,6377,10,8,27,2026,1,#NE
6378,6378,9,12,29,2026,1,#NE
6379,6379,9,25,6,2026,1,#NE
6380,6380,9,25,6,2026,1,#NE
6381,6381,9,25,6,2026,1,#NE
6382,6382,9,25,24,2026,1,#NE
6383,6383,8,14,29,2026,1,#NE
6384,6384,10,8,27,2026,1,#NE
6385,6385,10,8,27,2026,1,#NE
6386,6386,10,8,24,2026,1,#NE
6387,6387,9,12,16,2026,1,#NE
6388,6388,8,14,21,2026,1,#NE
6389,6389,8,14,22,2026,1,#NE
6390,6390,10,8,24,2026,1,#NE
6391,6391,10,8,24,2026,1,#NE
6392,6392,10,8,11,2026,1,#NE
6393,6393,9,12,16,2026,1,#NE
6394,6394,9,12,16,2026,1,#NE
6395,6395,9,12,29,2026,1,#NE
6396,6396,9,12,16,2026,1,#NE
6397,6397,9,25,24,2026,1,#NE
6398,6398,8,14,17,2026,1,#NE
6399,6399,8,14,17,2026,1,#NE
6400,6400,10,8,24,2026,1,#NE
6401,6401,10,8,14,2026,1,#NE
6402,6402,10,8,14,2026,1,#NE
6403,6403,9,12,16,2026,1,#NE
6404,6404,9,12,29,2026,1,#NE
6405,6405,9,12,19,2026,1,#NE
6406,6406,9,12,19,2026,1,#NE
6407,6407,9,12,19,2026,1,#NE
6408,6408,10,8,14,2026,1,#NE
6409,6409,10,8,14,2026,1,#NE
6410,6410,9,12,19,2026,1,#NE
6411,6411,9,12,19,2026,1,#NE
6412,6412,9,12,19,2026,1,#NE
6413,6413,9,12,19,2026,1,#NE
6414,6414,9,12,19,2026,1,#NE
6415,6415,9,25,29,2026,1,#NE
6416,6416,9,25,16,2026,1,#NE
6417,6417,8,21,7,2026,1,#NE
6418,6418,8,21,7,2026,1,#NE
6419,6419,8,21,22,2026,1,#NE
6420,6420,9,12,19,2026,1,#NE
6421,6421,9,12,29,2026,1,#NE
6422,6422,9,12,16,2026,1,#NE
6423,6423,9,25,13,2026,1,#NE
6424,6424,8,21,24,2026,1,#NE
6425,6425,8,21,24,2026,1,#NE
6426,6426,10,8,21,2026,1,#NE
6427,6427,10,8,20,2026,1,#NE
6428,6428,9,12,16,2026,1,#NE
6429,6429,9,12,19,2026,1,#NE
6430,6430,9,12,19,2026,1,#NE
6431,6431,9,25,13,2026,1,#NE
6432,6432,9,25,13,2026,1,#NE
6433,6433,9,25,13,2026,1,#NE
6434,6434,9,25,13,2026,1,#NE
6435,6435,9,25,13,2026,1,#NE
6436,6436,8,21,14,2026,1,#NE
6437,6437,8,21,14,2026,1,#NE
6438,6438,8,21,14,2026,1,#NE
6439,6439,10,8,20,2026,1,#NE
6440,6440,10,8,20,2026,1,#NE
6441,6441,10,8,15,2026,1,#NE
6442,6442,10,8,15,2026,1,#NE
6443,6443,9,12,19,2026,1,#NE
6444,6444,9,12,19,2026,1,#NE
6445,6445,9,25,13,2026,1,#NE
6446,6446,9,25,7,2026,1,#NE
6447,6447,8,21,16,2026,1,#NE
6448,6448,8,21,29,2026,1,#NE
6449,6449,8,21,16,2026,1,#NE
6450,6450,8,21,28,2026,1,#NE
6451,6451,9,12,17,2026,1,#NE
6452,6452,8,21,8,2026,1,#NE
6453,6453,9,12,17,2026,1,#NE
6454,6454,9,12,17,2026,1,#NE
6455,6455,9,12,17,2026,1,#NE
6456,6456,9,12,17,2026,1,#NE
6457,6457,9,12,17,2026,1,#NE
6458,6458,8,21,13,2026,1,#NE
6459,6459,8,21,9,2026,1,#NE
6460,6460,9,12,17,2026,1,#NE
6461,6461,9,25,7,2026,1,#NE
6462,6462,8,21,2,2026,1,#NE
6463,6463,10,8,15,2026,1,#NE
6464,6464,9,12,28,2026,1,#NE
6465,6465,9,12,17,2026,1,#NE
6466,6466,9,12,28,2026,1,#NE
6467,6467,9,25,14,2026,1,#NE
6468,6468,9,25,14,2026,1,#NE
6469,6469,10,8,30,2026,1,#NE
6470,6470,10,8,30,2026,1,#NE
6471,6471,9,25,14,2026,1,#NE
6472,6472,9,25,14,2026,1,#NE
6473,6473,9,23,9,2026,1,#NE
6474,6474,9,23,15,2026,1,#NE
6475,6475,10,8,29,2026,1,#NE
6476,6476,9,12,9,2026,1,#NE
6477,6477,9,12,9,2026,1,#NE
6478,6478,9,12,9,2026,1,#NE
6479,6479,9,23,15,2026,1,#NE
6480,6480,9,12,9,2026,1,#NE
6481,6481,9,12,9,2026,1,#NE
6482,6482,9,12,9,2026,1,#NE
6483,6483,9,12,9,2026,1,#NE
6484,6484,9,25,1,2026,1,#NE
6485,6485,9,25,20,2026,1,#NE
6486,6486,9,25,20,2026,1,#NE
6487,6487,9,23,15,2026,1,#NE
6488,6488,9,23,4,2026,1,#NE
6489,6489,9,12,9,2026,1,#NE
6490,6490,9,25,20,2026,1,#NE
6491,6491,9,25,15,2026,1,#NE
6492,6492,9,23,21,2026,1,#NE
6493,6493,9,23,21,2026,1,#NE
6494,6494,9,23,21,2026,1,#NE
6495,6495,9,12,9,2026,1,#NE
6496,6496,9,12,15,2026,1,#NE
6497,6497,9,25,15,2026,1,#NE
6498,6498,9,23,21,2026,1,#NE
6499,6499,9,23,21,2026,1,#NE
6500,6500,9,23,14,2026,1,#NE
6501,6501,10,8,8,2026,1,#NE
6502,6502,10,8,8,2026,1,#NE
6503,6503,9,12,15,2026,1,#NE
6504,6504,9,12,15,2026,1,#NE
6505,6505,9,12,15,2026,1,#NE
6506,6506,9,12,15,2026,1,#NE
6507,6507,9,25,15,2026,1,#NE
6508,6508,9,23,14,2026,1,#NE
6509,6509,9,23,14,2026,1,#NE
6510,6510,9,23,14,2026,1,#NE
6511,6511,10,8,28,2026,1,#NE
6512,6512,10,8,28,2026,1,#NE
6513,6513,10,8,28,2026,1,#NE
6514,6514,10,8,28,2026,1,#NE
6515,6515,9,25,23,2026,1,#NE
6516,6516,9,25,22,2026,1,#NE
6517,6517,9,23,27,2026,1,#NE
6518,6518,9,12,15,2026,1,#NE
6519,6519,9,12,15,2026,1,#NE
6520,6520,9,25,22,2026,1,#NE
6521,6521,9,23,27,2026,1,#NE
6522,6522,9,23,29,2026,1,#NE
6523,6523,9,23,29,2026,1,#NE
6524,6524,10,8,6,2026,1,#NE
6525,6525,10,8,6,2026,1,#NE
6526,6526,10,8,6,2026,1,#NE
6527,6527,10,8,6,2026,1,#NE
6528,6528,9,12,15,2026,1,#NE
6529,6529,9,12,15,2026,1,#NE
6530,6530,9,12,15,2026,1,#NE
6531,6531,9,25,28,2026,1,#NE
6532,6532,9,25,9,2026,1,#NE
6533,6533,5,22,13,2026,1,#NE
6534,6534,9,12,15,2026,1,#NE
6535,6535,9,12,1,2026,1,#NE
6536,6536,9,12,1,2026,1,#NE
6537,6537,9,12,1,2026,1,#NE
6538,6538,9,25,9,2026,1,#NE
6539,6539,9,25,9,2026,1,#NE
6540,6540,9,23,29,2026,1,#NE
6541,6541,9,23,13,2026,1,#NE
6542,6542,9,23,13,2026,1,#NE
6543,6543,9,23,13,2026,1,#NE
6544,6544,9,23,1,2026,1,#NE
6545,6545,9,12,1,2026,1,#NE
6546,6546,9,12,1,2026,1,#NE
6547,6547,9,23,1,2026,1,#NE
6548,6548,9,23,1,2026,1,#NE
6549,6549,9,23,25,2026,1,#NE
6550,6550,9,12,2,2026,1,#NE
6551,6551,9,25,9,2026,1,#NE
6552,6552,9,23,1,2026,1,#NE
6553,6553,8,1,29,2026,1,#NE
6554,6554,9,12,2,2026,1,#NE
6555,6555,9,12,2,2026,1,#NE
6556,6556,9,25,28,2026,1,#NE
6557,6557,9,25,17,2026,1,#NE
6558,6558,9,25,28,2026,1,#NE
6559,6559,9,25,9,2026,1,#NE
6560,6560,8,1,14,2026,1,#NE
6561,6561,9,12,2,2026,1,#NE
6562,6562,9,25,28,2026,1,#NE
6563,6563,9,25,21,2026,1,#NE
6564,6564,8,13,14,2026,1,#NE
6565,6565,8,1,14,2026,1,#NE
6566,6566,8,1,19,2026,1,#NE
6567,6567,8,1,19,2026,1,#NE
6568,6568,8,1,6,2026,1,#NE
6569,6569,8,1,6,2026,1,#NE
6570,6570,9,12,2,2026,1,#NE
6571,6571,9,12,2,2026,1,#NE
6572,6572,9,12,2,2026,1,#NE
6573,6573,9,12,21,2026,1,#NE
6574,6574,9,25,21,2026,1,#NE
6575,6575,9,25,2,2026,1,#NE
6576,6576,9,25,2,2026,1,#NE
6577,6577,8,13,2,2026,1,#NE
6578,6578,8,1,27,2026,1,#NE
6579,6579,8,1,27,2026,1,#NE
6580,6580,9,12,21,2026,1,#NE
6581,6581,9,12,21,2026,1,#NE
6582,6582,9,12,21,2026,1,#NE
6583,6583,9,12,3,2026,1,#NE
6584,6584,9,12,21,2026,1,#NE
6585,6585,8,13,13,2026,1,#NE
6586,6586,8,13,13,2026,1,#NE
6587,6587,8,13,7,2026,1,#NE
6588,6588,8,13,12,2026,1,#NE
6589,6589,8,1,21,2026,1,#NE
6590,6590,8,1,21,2026,1,#NE
6591,6591,8,1,21,2026,1,#NE
6592,6592,9,12,21,2026,1,#NE
6593,6593,9,12,21,2026,1,#NE
6594,6594,9,25,27,2026,1,#NE
6595,6595,9,25,27,2026,1,#NE
6596,6596,8,13,11,2026,1,#NE
6597,6597,8,13,24,2026,1,#NE
6598,6598,8,13,25,2026,1,#NE
6599,6599,9,12,21,2026,1,#NE
6600,6600,8,13,25,2026,1,#NE
6601,6601,8,15,4,2026,1,#NE
6602,6602,8,15,4,2026,1,#NE
6603,6603,8,15,13,2026,1,#NE
6604,6604,8,15,4,2026,1,#NE
6605,6605,8,15,4,2026,1,#NE
6606,6606,9,12,8,2026,1,#NE
6607,6607,9,12,8,2026,1,#NE
6608,6608,8,15,19,2026,1,#NE
6609,6609,8,15,19,2026,1,#NE
6610,6610,8,15,19,2026,1,#NE
6611,6611,8,15,19,2026,1,#NE
6612,6612,9,12,8,2026,1,#NE
6613,6613,9,12,8,2026,1,#NE
6614,6614,8,24,30,2026,1,#NE
6615,6615,8,24,30,2026,1,#NE
6616,6616,8,13,26,2026,1,#NE
6617,6617,8,13,4,2026,1,#NE
6618,6618,8,15,19,2026,1,#NE
6619,6619,9,12,8,2026,1,#NE
6620,6620,8,24,6,2026,1,#NE
6621,6621,8,24,6,2026,1,#NE
6622,6622,8,13,16,2026,1,#NE
6623,6623,8,13,16,2026,1,#NE
6624,6624,8,13,16,2026,1,#NE
6625,6625,9,14,21,2026,1,#NE
6626,6626,8,15,9,2026,1,#NE
6627,6627,8,15,9,2026,1,#NE
6628,6628,8,15,6,2026,1,#NE
6629,6629,8,15,23,2026,1,#NE
6630,6630,9,15,2,2026,1,#NE
6631,6631,8,24,6,2026,1,#NE
6632,6632,8,24,6,2026,1,#NE
6633,6633,8,24,7,2026,1,#NE
6634,6634,9,14,3,2026,1,#NE
6635,6635,9,15,2,2026,1,#NE
6636,6636,9,14,21,2026,1,#NE
6637,6637,9,14,15,2026,1,#NE
6638,6638,9,15,28,2026,1,#NE
6639,6639,9,14,15,2026,1,#NE
6640,6640,9,14,15,2026,1,#NE
6641,6641,9,14,15,2026,1,#NE
6642,6642,9,15,17,2026,1,#NE
6643,6643,9,15,13,2026,1,#NE
6644,6644,9,14,14,2026,1,#NE
6645,6645,9,14,14,2026,1,#NE
6646,6646,9,14,14,2026,1,#NE
6647,6647,9,14,14,2026,1,#NE
6648,6648,8,15,30,2026,1,#NE
6649,6649,8,15,28,2026,1,#NE
6650,6650,9,15,13,2026,1,#NE
6651,6651,9,15,13,2026,1,#NE
6652,6652,9,15,13,2026,1,#NE
6653,6653,9,14,20,2026,1,#NE
6654,6654,8,15,17,2026,1,#NE
6655,6655,8,15,2,2026,1,#NE
6656,6656,8,15,2,2026,1,#NE
6657,6657,9,15,24,2026,1,#NE
6658,6658,8,24,9,2026,1,#NE
6659,6659,8,24,9,2026,1,#NE
6660,6660,9,14,20,2026,1,#NE
6661,6661,8,15,29,2026,1,#NE
6662,6662,8,15,29,2026,1,#NE
6663,6663,9,15,24,2026,1,#NE
6664,6664,8,24,22,2026,1,#NE
6665,6665,8,24,22,2026,1,#NE
6666,6666,8,24,22,2026,1,#NE
6667,6667,9,14,24,2026,1,#NE
6668,6668,8,15,14,2026,1,#NE
6669,6669,8,15,14,2026,1,#NE
6670,6670,8,15,14,2026,1,#NE
6671,6671,9,15,25,2026,1,#NE
6672,6672,8,24,22,2026,1,#NE
6673,6673,8,24,26,2026,1,#NE
6674,6674,8,24,2,2026,1,#NE
6675,6675,9,14,25,2026,1,#NE
6676,6676,8,15,14,2026,1,#NE
6677,6677,8,24,2,2026,1,#NE
6678,6678,8,24,28,2026,1,#NE
6679,6679,9,14,9,2026,1,#NE
6680,6680,9,14,9,2026,1,#NE
6681,6681,9,14,9,2026,1,#NE
6682,6682,9,15,6,2026,1,#NE
6683,6683,9,15,6,2026,1,#NE
6684,6684,9,14,9,2026,1,#NE
6685,6685,9,14,9,2026,1,#NE
6686,6686,9,14,9,2026,1,#NE
6687,6687,9,14,13,2026,1,#NE
6688,6688,9,15,6,2026,1,#NE
6689,6689,9,14,13,2026,1,#NE
6690,6690,9,14,13,2026,1,#NE
6691,6691,9,14,13,2026,1,#NE
6692,6692,8,15,21,2026,1,#NE
6693,6693,9,15,15,2026,1,#NE
6694,6694,9,15,15,2026,1,#NE
6695,6695,9,15,15,2026,1,#NE
6696,6696,9,15,15,2026,1,#NE
6697,6697,8,24,17,2026,1,#NE
6698,6698,8,24,28,2026,1,#NE
6699,6699,9,14,27,2026,1,#NE
6700,6700,8,15,15,2026,1,#NE
6701,6701,8,15,15,2026,1,#NE
6702,6702,9,15,15,2026,1,#NE
6703,6703,8,24,15,2026,1,#NE
6704,6704,8,24,15,2026,1,#NE
6705,6705,8,24,15,2026,1,#NE
6706,6706,8,24,15,2026,1,#NE
6707,6707,9,14,27,2026,1,#NE
6708,6708,9,14,27,2026,1,#NE
6709,6709,9,14,27,2026,1,#NE
6710,6710,9,14,29,2026,1,#NE
6711,6711,9,14,29,2026,1,#NE
6712,6712,8,15,27,2026,1,#NE
6713,6713,8,15,27,2026,1,#NE
6714,6714,8,24,15,2026,1,#NE
6715,6715,8,24,15,2026,1,#NE
6716,6716,9,14,6,2026,1,#NE
6717,6717,8,15,22,2026,1,#NE
6718,6718,8,15,22,2026,1,#NE
6719,6719,9,15,27,2026,1,#NE
6720,6720,9,15,27,2026,1,#NE
6721,6721,8,24,24,2026,1,#NE
6722,6722,9,14,22,2026,1,#NE
6723,6723,8,15,24,2026,1,#NE
6724,6724,9,15,27,2026,1,#NE
6725,6725,9,15,27,2026,1,#NE
6726,6726,8,24,24,2026,1,#NE
6727,6727,9,14,22,2026,1,#NE
6728,6728,9,14,22,2026,1,#NE
6729,6729,9,14,26,2026,1,#NE
6730,6730,8,15,24,2026,1,#NE
6731,6731,8,15,24,2026,1,#NE
6732,6732,8,15,7,2026,1,#NE
6733,6733,9,15,14,2026,1,#NE
6734,6734,8,24,14,2026,1,#NE
6735,6735,9,14,26,2026,1,#NE
6736,6736,9,24,19,2026,1,#NE
6737,6737,9,24,19,2026,1,#NE
6738,6738,8,15,7,2026,1,#NE
6739,6739,8,15,7,2026,1,#NE
6740,6740,8,16,26,2026,1,#NE
6741,6741,8,16,22,2026,1,#NE
6742,6742,8,16,26,2026,1,#NE
6743,6743,8,16,4,2026,1,#NE
6744,6744,9,15,14,2026,1,#NE
6745,6745,9,15,14,2026,1,#NE
6746,6746,9,24,19,2026,1,#NE
6747,6747,8,16,4,2026,1,#NE
6748,6748,8,16,5,2026,1,#NE
6749,6749,8,16,5,2026,1,#NE
6750,6750,9,15,14,2026,1,#NE
6751,6751,9,24,9,2026,1,#NE
6752,6752,8,16,28,2026,1,#NE
6753,6753,9,15,14,2026,1,#NE
6754,6754,9,15,14,2026,1,#NE
6755,6755,8,24,19,2026,1,#NE
6756,6756,8,24,19,2026,1,#NE
6757,6757,8,24,19,2026,1,#NE
6758,6758,8,24,16,2026,1,#NE
6759,6759,8,24,16,2026,1,#NE
6760,6760,9,24,9,2026,1,#NE
6761,6761,8,16,15,2026,1,#NE
6762,6762,9,15,9,2026,1,#NE
6763,6763,9,15,9,2026,1,#NE
6764,6764,9,15,9,2026,1,#NE
6765,6765,8,24,4,2026,1,#NE
6766,6766,8,16,7,2026,1,#NE
6767,6767,8,16,7,2026,1,#NE
6768,6768,9,15,21,2026,1,#NE
6769,6769,8,24,4,2026,1,#NE
6770,6770,8,24,21,2026,1,#NE
6771,6771,9,24,13,2026,1,#NE
6772,6772,9,24,13,2026,1,#NE
6773,6773,9,24,13,2026,1,#NE
6774,6774,8,16,14,2026,1,#NE
6775,6775,8,16,9,2026,1,#NE
6776,6776,9,15,21,2026,1,#NE
6777,6777,9,15,20,2026,1,#NE
6778,6778,8,24,21,2026,1,#NE
6779,6779,9,24,13,2026,1,#NE
6780,6780,9,24,13,2026,1,#NE
6781,6781,9,15,20,2026,1,#NE
6782,6782,9,15,20,2026,1,#NE
6783,6783,8,24,21,2026,1,#NE
6784,6784,9,24,13,2026,1,#NE
6785,6785,9,24,13,2026,1,#NE
6786,6786,9,24,13,2026,1,#NE
6787,6787,9,24,13,2026,1,#NE
6788,6788,8,16,16,2026,1,#NE
6789,6789,9,15,29,2026,1,#NE
6790,6790,9,15,29,2026,1,#NE
6791,6791,8,24,20,2026,1,#NE
6792,6792,8,24,20,2026,1,#NE
6793,6793,8,24,20,2026,1,#NE
6794,6794,9,24,24,2026,1,#NE
6795,6795,9,24,24,2026,1,#NE
6796,6796,8,16,13,2026,1,#NE
6797,6797,8,16,27,2026,1,#NE
6798,6798,9,15,29,2026,1,#NE
6799,6799,9,15,29,2026,1,#NE
6800,6800,5,9,4,2026,1,#NE
6801,6801,5,9,14,2026,1,#NE
6802,6802,8,24,20,2026,1,#NE
6803,6803,9,24,24,2026,1,#NE
6804,6804,9,24,24,2026,1,#NE
6805,6805,9,24,24,2026,1,#NE
6806,6806,9,24,25,2026,1,#NE
6807,6807,8,16,27,2026,1,#NE
6808,6808,8,16,19,2026,1,#NE
6809,6809,8,24,27,2026,1,#NE
6810,6810,9,24,11,2026,1,#NE
6811,6811,8,16,19,2026,1,#NE
6812,6812,8,16,19,2026,1,#NE
6813,6813,8,16,20,2026,1,#NE
6814,6814,8,16,20,2026,1,#NE
6815,6815,8,18,29,2026,1,#NE
6816,6816,8,18,16,2026,1,#NE
6817,6817,8,24,13,2026,1,#NE
6818,6818,8,24,13,2026,1,#NE
6819,6819,8,18,6,2026,1,#NE
6820,6820,8,18,6,2026,1,#NE
6821,6821,9,24,27,2026,1,#NE
6822,6822,9,24,27,2026,1,#NE
6823,6823,8,11,6,2026,1,#NE
6824,6824,8,18,13,2026,1,#NE
6825,6825,8,18,24,2026,1,#NE
6826,6826,8,24,13,2026,1,#NE
6827,6827,8,24,13,2026,1,#NE
6828,6828,9,24,27,2026,1,#NE
6829,6829,9,24,27,2026,1,#NE
6830,6830,8,11,29,2026,1,#NE
6831,6831,8,18,24,2026,1,#NE
6832,6832,8,18,9,2026,1,#NE
6833,6833,8,18,9,2026,1,#NE
6834,6834,8,18,9,2026,1,#NE
6835,6835,9,20,21,2026,1,#NE
6836,6836,9,24,27,2026,1,#NE
6837,6837,9,24,27,2026,1,#NE
6838,6838,8,18,7,2026,1,#NE
6839,6839,8,18,27,2026,1,#NE
6840,6840,9,20,21,2026,1,#NE
6841,6841,9,20,21,2026,1,#NE
6842,6842,9,24,27,2026,1,#NE
6843,6843,9,24,30,2026,1,#NE
6844,6844,9,24,21,2026,1,#NE
6845,6845,8,18,3,2026,1,#NE
6846,6846,8,18,21,2026,1,#NE
6847,6847,9,24,21,2026,1,#NE
6848,6848,9,24,21,2026,1,#NE
6849,6849,8,11,7,2026,1,#NE
6850,6850,8,18,22,2026,1,#NE
6851,6851,9,24,21,2026,1,#NE
6852,6852,9,24,3,2026,1,#NE
6853,6853,9,24,21,2026,1,#NE
6854,6854,8,11,21,2026,1,#NE
6855,6855,9,20,21,2026,1,#NE
6856,6856,9,20,21,2026,1,#NE
6857,6857,9,20,21,2026,1,#NE
6858,6858,9,24,14,2026,1,#NE
6859,6859,9,24,14,2026,1,#NE
6860,6860,8,11,3,2026,1,#NE
6861,6861,8,11,21,2026,1,#NE
6862,6862,8,11,27,2026,1,#NE
6863,6863,8,18,2,2026,1,#NE
6864,6864,8,18,15,2026,1,#NE
6865,6865,8,18,15,2026,1,#NE
6866,6866,9,20,21,2026,1,#NE
6867,6867,9,24,14,2026,1,#NE
6868,6868,8,18,14,2026,1,#NE
6869,6869,8,18,14,2026,1,#NE
6870,6870,9,20,27,2026,1,#NE
6871,6871,9,24,14,2026,1,#NE
6872,6872,9,24,14,2026,1,#NE
6873,6873,9,26,6,2026,1,#NE
6874,6874,9,26,6,2026,1,#NE
6875,6875,9,26,6,2026,1,#NE
6876,6876,9,20,27,2026,1,#NE
6877,6877,9,20,27,2026,1,#NE
6878,6878,9,20,27,2026,1,#NE
6879,6879,9,20,27,2026,1,#NE
6880,6880,9,24,14,2026,1,#NE
6881,6881,9,24,14,2026,1,#NE
6882,6882,9,24,15,2026,1,#NE
6883,6883,8,11,15,2026,1,#NE
6884,6884,9,26,6,2026,1,#NE
6885,6885,9,26,6,2026,1,#NE
6886,6886,9,20,27,2026,1,#NE
6887,6887,9,24,15,2026,1,#NE
6888,6888,9,24,15,2026,1,#NE
6889,6889,8,11,15,2026,1,#NE
6890,6890,8,11,15,2026,1,#NE
6891,6891,8,11,2,2026,1,#NE
6892,6892,8,11,2,2026,1,#NE
6893,6893,9,20,27,2026,1,#NE
6894,6894,9,20,22,2026,1,#NE
6895,6895,9,24,15,2026,1,#NE
6896,6896,9,24,15,2026,1,#NE
6897,6897,9,24,15,2026,1,#NE
6898,6898,8,11,2,2026,1,#NE
6899,6899,8,11,24,2026,1,#NE
6900,6900,9,26,19,2026,1,#NE
6901,6901,9,26,19,2026,1,#NE
6902,6902,9,26,19,2026,1,#NE
6903,6903,9,26,19,2026,1,#NE
6904,6904,9,20,22,2026,1,#NE
6905,6905,9,24,15,2026,1,#NE
6906,6906,8,11,25,2026,1,#NE
6907,6907,8,11,11,2026,1,#NE
6908,6908,8,11,24,2026,1,#NE
6909,6909,8,11,25,2026,1,#NE
6910,6910,9,26,2,2026,1,#NE
6911,6911,9,26,2,2026,1,#NE
6912,6912,9,20,26,2026,1,#NE
6913,6913,9,24,16,2026,1,#NE
6914,6914,9,24,16,2026,1,#NE
6915,6915,8,11,14,2026,1,#NE
6916,6916,8,11,14,2026,1,#NE
6917,6917,9,26,2,2026,1,#NE
6918,6918,9,26,2,2026,1,#NE
6919,6919,9,26,30,2026,1,#NE
6920,6920,9,24,16,2026,1,#NE
6921,6921,9,24,16,2026,1,#NE
6922,6922,9,24,16,2026,1,#NE
6923,6923,9,24,16,2026,1,#NE
6924,6924,9,24,29,2026,1,#NE
6925,6925,9,24,29,2026,1,#NE
6926,6926,9,26,27,2026,1,#NE
6927,6927,9,26,27,2026,1,#NE
6928,6928,9,26,27,2026,1,#NE
6929,6929,9,24,22,2026,1,#NE
6930,6930,8,11,20,2026,1,#NE
6931,6931,8,11,20,2026,1,#NE
6932,6932,8,11,20,2026,1,#NE
6933,6933,9,26,16,2026,1,#NE
6934,6934,8,11,17,2026,1,#NE
6935,6935,8,11,17,2026,1,#NE
6936,6936,8,11,17,2026,1,#NE
6937,6937,8,11,17,2026,1,#NE
6938,6938,8,11,17,2026,1,#NE
6939,6939,9,26,16,2026,1,#NE
6940,6940,9,26,29,2026,1,#NE
6941,6941,9,26,29,2026,1,#NE
6942,6942,9,26,29,2026,1,#NE
6943,6943,9,26,29,2026,1,#NE
6944,6944,9,24,6,2026,1,#NE
6945,6945,9,26,20,2026,1,#NE
6946,6946,9,26,20,2026,1,#NE
6947,6947,9,26,15,2026,1,#NE
6948,6948,9,24,6,2026,1,#NE
6949,6949,9,24,6,2026,1,#NE
6950,6950,9,24,6,2026,1,#NE
6951,6951,9,26,15,2026,1,#NE
6952,6952,9,24,6,2026,1,#NE
6953,6953,9,26,11,2026,1,#NE
6954,6954,9,26,24,2026,1,#NE
6955,6955,9,26,15,2026,1,#NE
6956,6956,9,26,25,2026,1,#NE
6957,6957,3,2,5,2026,1,#NE
6958,6958,3,22,19,2026,1,#NE
6959,6959,5,18,21,2026,1,#NE
6960,6960,5,18,6,2026,1,#NE
6961,6961,9,24,20,2026,1,#NE
6962,6962,3,1,1,2026,1,#NE
6963,6963,3,1,10,2026,1,#NE
6964,6964,3,1,27,2026,1,#NE
6965,6965,8,11,17,2026,1,#NE
6966,6966,8,11,26,2026,1,#NE
6967,6967,3,18,22,2026,1,#NE
6968,6968,9,20,30,2026,1,#NE
6969,6969,9,20,4,2026,1,#NE
6970,6970,5,24,3,2026,1,#NE
6971,6971,8,11,22,2026,1,#NE
6972,6972,8,11,22,2026,1,#NE
6973,6973,8,11,22,2026,1,#NE
6974,6974,5,3,4,2026,1,#NE
6975,6975,3,18,16,2026,1,#NE
6976,6976,5,4,4,2026,1,#NE
6977,6977,5,24,23,2026,1,#NE
6978,6978,9,28,14,2026,1,#NE
6979,6979,9,28,14,2026,1,#NE
6980,6980,9,3,14,2026,1,#NE
6981,6981,9,16,14,2026,1,#NE
6982,6982,9,16,14,2026,1,#NE
6983,6983,9,20,4,2026,1,#NE
6984,6984,9,28,14,2026,1,#NE
6985,6985,9,28,14,2026,1,#NE
6986,6986,9,28,28,2026,1,#NE
6987,6987,9,16,14,2026,1,#NE
6988,6988,9,16,14,2026,1,#NE
6989,6989,9,16,14,2026,1,#NE
6990,6990,9,28,17,2026,1,#NE
6991,6991,9,28,17,2026,1,#NE
6992,6992,9,28,21,2026,1,#NE
6993,6993,9,28,21,2026,1,#NE
6994,6994,9,16,27,2026,1,#NE
6995,6995,9,16,27,2026,1,#NE
6996,6996,9,16,27,2026,1,#NE
6997,6997,9,28,15,2026,1,#NE
6998,6998,9,16,30,2026,1,#NE
6999,6999,9,16,6,2026,1,#NE
7000,7000,9,16,6,2026,1,#NE
7001,7001,9,28,5,2026,1,#NE
7002,7002,9,16,6,2026,1,#NE
7003,7003,9,20,4,2026,1,#NE
7004,7004,9,20,4,2026,1,#NE
7005,7005,9,28,20,2026,1,#NE
7006,7006,9,28,20,2026,1,#NE
7007,7007,9,28,20,2026,1,#NE
7008,7008,9,3,14,2026,1,#NE
7009,7009,9,3,22,2026,1,#NE
7010,7010,9,16,6,2026,1,#NE
7011,7011,9,16,19,2026,1,#NE
7012,7012,9,20,4,2026,1,#NE
7013,7013,9,20,2,2026,1,#NE
7014,7014,9,28,6,2026,1,#NE
7015,7015,9,28,6,2026,1,#NE
7016,7016,9,3,22,2026,1,#NE
7017,7017,9,3,26,2026,1,#NE
7018,7018,9,3,15,2026,1,#NE
7019,7019,9,3,15,2026,1,#NE
7020,7020,9,16,24,2026,1,#NE
7021,7021,9,16,24,2026,1,#NE
7022,7022,9,20,2,2026,1,#NE
7023,7023,9,28,29,2026,1,#NE
7024,7024,9,28,16,2026,1,#NE
7025,7025,9,3,15,2026,1,#NE
7026,7026,9,3,15,2026,1,#NE
7027,7027,9,3,15,2026,1,#NE
7028,7028,9,3,15,2026,1,#NE
7029,7029,9,16,24,2026,1,#NE
7030,7030,9,20,2,2026,1,#NE
7031,7031,9,28,29,2026,1,#NE
7032,7032,9,3,15,2026,1,#NE
7033,7033,9,16,13,2026,1,#NE
7034,7034,9,20,2,2026,1,#NE
7035,7035,9,20,2,2026,1,#NE
7036,7036,9,20,2,2026,1,#NE
7037,7037,9,28,11,2026,1,#NE
7038,7038,9,28,11,2026,1,#NE
7039,7039,9,28,25,2026,1,#NE
7040,7040,9,16,16,2026,1,#NE
7041,7041,9,16,16,2026,1,#NE
7042,7042,9,20,2,2026,1,#NE
7043,7043,9,28,27,2026,1,#NE
7044,7044,9,28,27,2026,1,#NE
7045,7045,9,28,27,2026,1,#NE
7046,7046,9,3,6,2026,1,#NE
7047,7047,9,3,6,2026,1,#NE
7048,7048,9,3,29,2026,1,#NE
7049,7049,9,16,16,2026,1,#NE
7050,7050,9,20,6,2026,1,#NE
7051,7051,9,20,6,2026,1,#NE
7052,7052,9,20,6,2026,1,#NE
7053,7053,9,3,16,2026,1,#NE
7054,7054,9,3,29,2026,1,#NE
7055,7055,9,3,29,2026,1,#NE
7056,7056,9,16,16,2026,1,#NE
7057,7057,9,20,6,2026,1,#NE
7058,7058,9,20,6,2026,1,#NE
7059,7059,9,20,6,2026,1,#NE
7060,7060,9,20,6,2026,1,#NE
7061,7061,3,16,12,2026,1,#NE
7062,7062,3,16,4,2026,1,#NE
7063,7063,9,3,29,2026,1,#NE
7064,7064,9,3,16,2026,1,#NE
7065,7065,9,3,2,2026,1,#NE
7066,7066,9,3,2,2026,1,#NE
7067,7067,9,19,21,2026,1,#NE
7068,7068,9,20,6,2026,1,#NE
7069,7069,8,8,9,2026,1,#NE
7070,7070,8,8,9,2026,1,#NE
7071,7071,8,8,9,2026,1,#NE
7072,7072,9,3,2,2026,1,#NE
7073,7073,9,19,21,2026,1,#NE
7074,7074,9,19,21,2026,1,#NE
7075,7075,9,20,6,2026,1,#NE
7076,7076,8,8,27,2026,1,#NE
7077,7077,8,8,26,2026,1,#NE
7078,7078,9,3,1,2026,1,#NE
7079,7079,9,3,1,2026,1,#NE
7080,7080,9,19,21,2026,1,#NE
7081,7081,9,19,21,2026,1,#NE
7082,7082,9,19,21,2026,1,#NE
7083,7083,9,19,21,2026,1,#NE
7084,7084,9,20,8,2026,1,#NE
7085,7085,9,20,8,2026,1,#NE
7086,7086,9,20,8,2026,1,#NE
7087,7087,9,20,8,2026,1,#NE
7088,7088,8,8,17,2026,1,#NE
7089,7089,8,8,17,2026,1,#NE
7090,7090,9,3,1,2026,1,#NE
7091,7091,9,20,8,2026,1,#NE
7092,7092,9,20,8,2026,1,#NE
7093,7093,8,8,7,2026,1,#NE
7094,7094,8,8,8,2026,1,#NE
7095,7095,9,3,23,2026,1,#NE
7096,7096,9,3,9,2026,1,#NE
7097,7097,9,19,6,2026,1,#NE
7098,7098,9,20,8,2026,1,#NE
7099,7099,9,20,8,2026,1,#NE
7100,7100,8,8,8,2026,1,#NE
7101,7101,9,3,9,2026,1,#NE
7102,7102,9,3,9,2026,1,#NE
7103,7103,9,19,6,2026,1,#NE
7104,7104,9,20,8,2026,1,#NE
7105,7105,9,20,1,2026,1,#NE
7106,7106,9,20,1,2026,1,#NE
7107,7107,8,8,14,2026,1,#NE
7108,7108,9,3,20,2026,1,#NE
7109,7109,9,3,20,2026,1,#NE
7110,7110,8,8,25,2026,1,#NE
7111,7111,8,8,24,2026,1,#NE
7112,7112,9,19,26,2026,1,#NE
7113,7113,9,19,26,2026,1,#NE
7114,7114,8,8,5,2026,1,#NE
7115,7115,8,8,5,2026,1,#NE
7116,7116,9,19,26,2026,1,#NE
7117,7117,9,19,17,2026,1,#NE
7118,7118,9,19,17,2026,1,#NE
7119,7119,8,8,2,2026,1,#NE
7120,7120,8,8,20,2026,1,#NE
7121,7121,9,19,7,2026,1,#NE
7122,7122,8,8,19,2026,1,#NE
7123,7123,9,19,7,2026,1,#NE
7124,7124,9,19,7,2026,1,#NE
7125,7125,9,19,7,2026,1,#NE
7126,7126,9,19,27,2026,1,#NE
7127,7127,8,8,6,2026,1,#NE
7128,7128,8,8,6,2026,1,#NE
7129,7129,9,3,19,2026,1,#NE
7130,7130,9,19,27,2026,1,#NE
7131,7131,9,19,27,2026,1,#NE
7132,7132,9,20,1,2026,1,#NE
7133,7133,9,20,1,2026,1,#NE
7134,7134,8,19,21,2026,1,#NE
7135,7135,8,19,21,2026,1,#NE
7136,7136,8,19,21,2026,1,#NE
7137,7137,9,3,27,2026,1,#NE
7138,7138,9,19,9,2026,1,#NE
7139,7139,9,19,9,2026,1,#NE
7140,7140,9,20,1,2026,1,#NE
7141,7141,9,20,1,2026,1,#NE
7142,7142,8,19,21,2026,1,#NE
7143,7143,8,19,3,2026,1,#NE
7144,7144,8,19,3,2026,1,#NE
7145,7145,8,19,21,2026,1,#NE
7146,7146,9,3,13,2026,1,#NE
7147,7147,9,3,13,2026,1,#NE
7148,7148,9,3,13,2026,1,#NE
7149,7149,9,19,9,2026,1,#NE
7150,7150,8,19,9,2026,1,#NE
7151,7151,8,19,9,2026,1,#NE
7152,7152,8,19,9,2026,1,#NE
7153,7153,8,19,9,2026,1,#NE
7154,7154,9,19,9,2026,1,#NE
7155,7155,9,19,9,2026,1,#NE
7156,7156,9,19,9,2026,1,#NE
7157,7157,9,19,9,2026,1,#NE
7158,7158,9,19,9,2026,1,#NE
7159,7159,9,19,9,2026,1,#NE
7160,7160,9,20,11,2026,1,#NE
7161,7161,9,20,24,2026,1,#NE
7162,7162,9,20,24,2026,1,#NE
7163,7163,8,19,9,2026,1,#NE
7164,7164,9,11,6,2026,1,#NE
7165,7165,9,11,6,2026,1,#NE
7166,7166,9,19,16,2026,1,#NE
7167,7167,8,19,28,2026,1,#NE
7168,7168,8,19,28,2026,1,#NE
7169,7169,8,19,17,2026,1,#NE
7170,7170,9,19,16,2026,1,#NE
7171,7171,9,19,29,2026,1,#NE
7172,7172,9,19,16,2026,1,#NE
7173,7173,8,19,7,2026,1,#NE
7174,7174,8,19,7,2026,1,#NE
7175,7175,9,19,16,2026,1,#NE
7176,7176,9,19,16,2026,1,#NE
7177,7177,9,19,29,2026,1,#NE
7178,7178,8,19,7,2026,1,#NE
7179,7179,8,19,7,2026,1,#NE
7180,7180,9,11,19,2026,1,#NE
7181,7181,9,19,16,2026,1,#NE
7182,7182,9,19,29,2026,1,#NE
7183,7183,9,19,29,2026,1,#NE
7184,7184,9,19,15,2026,1,#NE
7185,7185,9,20,24,2026,1,#NE
7186,7186,9,20,24,2026,1,#NE
7187,7187,9,20,24,2026,1,#NE
7188,7188,8,19,30,2026,1,#NE
7189,7189,8,19,27,2026,1,#NE
7190,7190,8,19,27,2026,1,#NE
7191,7191,8,19,27,2026,1,#NE
7192,7192,8,19,27,2026,1,#NE
7193,7193,9,19,15,2026,1,#NE
7194,7194,9,19,15,2026,1,#NE
7195,7195,9,20,24,2026,1,#NE
7196,7196,9,20,24,2026,1,#NE
7197,7197,8,19,16,2026,1,#NE
7198,7198,9,19,15,2026,1,#NE
7199,7199,9,19,15,2026,1,#NE
7200,7200,9,19,15,2026,1,#NE
7201,7201,9,19,15,2026,1,#NE
7202,7202,9,19,15,2026,1,#NE
7203,7203,9,19,15,2026,1,#NE
7204,7204,9,20,13,2026,1,#NE
7205,7205,9,11,17,2026,1,#NE
7206,7206,9,11,17,2026,1,#NE
7207,7207,9,19,11,2026,1,#NE
7208,7208,9,20,13,2026,1,#NE
7209,7209,9,11,10,2026,1,#NE
7210,7210,9,11,10,2026,1,#NE
7211,7211,9,11,27,2026,1,#NE
7212,7212,9,19,24,2026,1,#NE
7213,7213,9,19,24,2026,1,#NE
7214,7214,9,20,13,2026,1,#NE
7215,7215,9,20,13,2026,1,#NE
7216,7216,9,20,13,2026,1,#NE
7217,7217,8,19,15,2026,1,#NE
7218,7218,9,19,24,2026,1,#NE
7219,7219,9,20,13,2026,1,#NE
7220,7220,8,19,20,2026,1,#NE
7221,7221,9,11,14,2026,1,#NE
7222,7222,9,20,14,2026,1,#NE
7223,7223,8,19,20,2026,1,#NE
7224,7224,9,11,22,2026,1,#NE
7225,7225,9,11,26,2026,1,#NE
7226,7226,8,19,19,2026,1,#NE
7227,7227,8,19,19,2026,1,#NE
7228,7228,9,19,14,2026,1,#NE
7229,7229,9,19,14,2026,1,#NE
7230,7230,9,19,14,2026,1,#NE
7231,7231,9,20,14,2026,1,#NE
7232,7232,8,19,24,2026,1,#NE
7233,7233,9,11,22,2026,1,#NE
7234,7234,9,11,24,2026,1,#NE
7235,7235,9,20,14,2026,1,#NE
7236,7236,8,19,24,2026,1,#NE
7237,7237,9,11,24,2026,1,#NE
7238,7238,9,11,24,2026,1,#NE
7239,7239,9,11,11,2026,1,#NE
7240,7240,9,19,8,2026,1,#NE
7241,7241,9,20,19,2026,1,#NE
7242,7242,8,19,26,2026,1,#NE
7243,7243,9,19,2,2026,1,#NE
7244,7244,9,19,2,2026,1,#NE
7245,7245,9,19,2,2026,1,#NE
7246,7246,9,19,2,2026,1,#NE
7247,7247,8,19,13,2026,1,#NE
7248,7248,9,19,2,2026,1,#NE
7249,7249,8,19,14,2026,1,#NE
7250,7250,8,19,14,2026,1,#NE
7251,7251,9,19,13,2026,1,#NE
7252,7252,8,19,14,2026,1,#NE
7253,7253,9,19,20,2026,1,#NE
7254,7254,9,19,20,2026,1,#NE
7255,7255,9,19,20,2026,1,#NE
7256,7256,9,19,20,2026,1,#NE
7257,7257,8,19,6,2026,1,#NE
7258,7258,8,19,6,2026,1,#NE
7259,7259,9,11,2,2026,1,#NE
7260,7260,9,19,20,2026,1,#NE
7261,7261,9,19,20,2026,1,#NE
7262,7262,9,19,20,2026,1,#NE
7263,7263,9,20,19,2026,1,#NE
7264,7264,8,19,6,2026,1,#NE
7265,7265,8,19,6,2026,1,#NE
7266,7266,8,19,6,2026,1,#NE
7267,7267,9,20,19,2026,1,#NE
7268,7268,9,20,19,2026,1,#NE
7269,7269,9,11,29,2026,1,#NE
7270,7270,9,11,29,2026,1,#NE
7271,7271,9,11,29,2026,1,#NE
7272,7272,3,15,22,2026,1,#NE
7273,7273,8,4,6,2026,1,#NE
7274,7274,8,4,6,2026,1,#NE
7275,7275,9,11,9,2026,1,#NE
7276,7276,9,11,9,2026,1,#NE
7277,7277,9,11,9,2026,1,#NE
7278,7278,8,23,4,2026,1,#NE
7279,7279,8,23,6,2026,1,#NE
7280,7280,8,23,22,2026,1,#NE
7281,7281,9,20,20,2026,1,#NE
7282,7282,8,4,12,2026,1,#NE
7283,7283,8,4,29,2026,1,#NE
7284,7284,8,4,29,2026,1,#NE
7285,7285,9,11,9,2026,1,#NE
7286,7286,9,11,20,2026,1,#NE
7287,7287,9,11,20,2026,1,#NE
7288,7288,8,23,9,2026,1,#NE
7289,7289,8,4,13,2026,1,#NE
7290,7290,8,4,11,2026,1,#NE
7291,7291,8,23,3,2026,1,#NE
7292,7292,8,23,21,2026,1,#NE
7293,7293,8,23,14,2026,1,#NE
7294,7294,8,23,14,2026,1,#NE
7295,7295,8,4,24,2026,1,#NE
7296,7296,8,4,7,2026,1,#NE
7297,7297,8,4,4,2026,1,#NE
7298,7298,8,23,29,2026,1,#NE
7299,7299,8,23,29,2026,1,#NE
7300,7300,8,23,29,2026,1,#NE
7301,7301,8,23,28,2026,1,#NE
7302,7302,8,23,28,2026,1,#NE
7303,7303,9,20,20,2026,1,#NE
7304,7304,9,20,20,2026,1,#NE
7305,7305,8,4,14,2026,1,#NE
7306,7306,8,4,20,2026,1,#NE
7307,7307,8,4,20,2026,1,#NE
7308,7308,9,11,20,2026,1,#NE
7309,7309,9,11,20,2026,1,#NE
7310,7310,9,11,20,2026,1,#NE
7311,7311,3,9,30,2026,1,#NE
7312,7312,8,23,24,2026,1,#NE
7313,7313,9,20,20,2026,1,#NE
7314,7314,9,20,20,2026,1,#NE
7315,7315,8,28,29,2026,1,#NE
7316,7316,5,15,30,2026,1,#NE
7317,7317,8,23,13,2026,1,#NE
7318,7318,8,23,13,2026,1,#NE
7319,7319,8,23,13,2026,1,#NE
7320,7320,8,23,13,2026,1,#NE
7321,7321,8,23,15,2026,1,#NE
7322,7322,9,20,20,2026,1,#NE
7323,7323,9,20,20,2026,1,#NE
7324,7324,8,28,27,2026,1,#NE
7325,7325,8,28,22,2026,1,#NE
7326,7326,8,28,26,2026,1,#NE
7327,7327,8,28,26,2026,1,#NE
7328,7328,9,20,20,2026,1,#NE
7329,7329,9,20,20,2026,1,#NE
7330,7330,6,23,13,2026,1,#NE
7331,7331,6,23,19,2026,1,#NE
7332,7332,6,23,14,2026,1,#NE
7333,7333,4,23,9,2026,1,#NE
7334,7334,4,23,28,2026,1,#NE
7335,7335,4,7,29,2026,1,#NE
7336,7336,4,7,9,2026,1,#NE
7337,7337,3,28,4,2026,1,#NE
7338,7338,3,28,9,2026,1,#NE
7339,7339,4,4,13,2026,1,#NE
7340,7340,4,4,23,2026,1,#NE
7341,7341,6,25,29,2026,1,#NE
7342,7342,6,25,28,2026,1,#NE
7343,7343,5,21,22,2026,1,#NE
7344,7344,9,20,29,2026,1,#NE
7345,7345,9,20,16,2026,1,#NE
7346,7346,8,28,15,2026,1,#NE
7347,7347,8,28,5,2026,1,#NE
7348,7348,8,9,27,2026,1,#NE
7349,7349,8,28,13,2026,1,#NE
7350,7350,8,9,27,2026,1,#NE
7351,7351,8,9,20,2026,1,#NE
7352,7352,8,28,19,2026,1,#NE
7353,7353,8,9,15,2026,1,#NE
7354,7354,8,9,17,2026,1,#NE
7355,7355,9,21,11,2026,1,#NE
7356,7356,8,9,24,2026,1,#NE
7357,7357,8,9,25,2026,1,#NE
7358,7358,9,21,25,2026,1,#NE
7359,7359,8,9,5,2026,1,#NE
7360,7360,8,9,29,2026,1,#NE
7361,7361,8,9,7,2026,1,#NE
7362,7362,9,21,6,2026,1,#NE
7363,7363,6,5,12,2026,1,#NE
7364,7364,6,5,20,2026,1,#NE
7365,7365,8,9,7,2026,1,#NE
7366,7366,8,9,7,2026,1,#NE
7367,7367,8,9,7,2026,1,#NE
7368,7368,8,9,30,2026,1,#NE
7369,7369,9,21,6,2026,1,#NE
7370,7370,9,21,14,2026,1,#NE
7371,7371,9,21,14,2026,1,#NE
7372,7372,7,20,24,2026,1,#NE
7373,7373,8,9,14,2026,1,#NE
7374,7374,8,9,14,2026,1,#NE
7375,7375,9,21,14,2026,1,#NE
7376,7376,9,21,14,2026,1,#NE
7377,7377,4,22,19,2026,1,#NE
7378,7378,4,1,27,2026,1,#NE
7379,7379,6,20,27,2026,1,#NE
7380,7380,9,21,17,2026,1,#NE
7381,7381,9,21,17,2026,1,#NE
7382,7382,9,21,17,2026,1,#NE
7383,7383,9,21,17,2026,1,#NE
7384,7384,9,21,17,2026,1,#NE
7385,7385,6,20,18,2026,1,#NE
7386,7386,6,20,13,2026,1,#NE
7387,7387,9,21,16,2026,1,#NE
7388,7388,9,21,16,2026,1,#NE
7389,7389,9,21,29,2026,1,#NE
7390,7390,6,18,30,2026,1,#NE
7391,7391,6,18,22,2026,1,#NE
7392,7392,6,18,22,2026,1,#NE
7393,7393,9,21,30,2026,1,#NE
7394,7394,7,28,29,2026,1,#NE
7395,7395,4,9,30,2026,1,#NE
7396,7396,6,9,9,2026,1,#NE
7397,7397,6,9,22,2026,1,#NE
7398,7398,4,8,9,2026,1,#NE
7399,7399,6,9,14,2026,1,#NE
7400,7400,6,9,16,2026,1,#NE
7401,7401,7,17,12,2026,1,#NE
7402,7402,4,28,9,2026,1,#NE
7403,7403,7,17,9,2026,1,#NE
7404,7404,4,25,13,2026,1,#NE
7405,7405,4,25,30,2026,1,#NE
7406,7406,7,5,8,2026,1,#NE
7407,7407,7,5,21,2026,1,#NE
7408,7408,6,12,2,2026,1,#NE
7409,7409,6,12,16,2026,1,#NE
7410,7410,6,12,19,2026,1,#NE
7411,7411,2,6,2,2026,1,#NE
7412,7412,2,6,12,2026,1,#NE
7413,7413,2,6,30,2026,1,#NE
7414,7414,4,19,30,2026,1,#NE
7415,7415,6,8,2,2026,1,#NE
7416,7416,2,6,9,2026,1,#NE
7417,7417,7,19,30,2026,1,#NE
7418,7418,7,9,9,2026,1,#NE
7419,7419,7,9,14,2026,1,#NE
7420,7420,7,13,17,2026,1,#NE
7421,7421,7,13,12,2026,1,#NE
7422,7422,7,13,19,2026,1,#NE
7423,7423,4,16,29,2026,1,#NE
7424,7424,7,12,20,2026,1,#NE
7425,7425,4,21,14,2026,1,#NE
7426,7426,4,21,19,2026,1,#NE
7427,7427,4,21,1,2026,1,#NE
7428,7428,4,21,6,2026,1,#NE
7429,7429,6,16,30,2026,1,#NE
7430,7430,7,12,22,2026,1,#NE
7431,7431,6,16,12,2026,1,#NE
7432,7432,6,16,14,2026,1,#NE
7433,7433,6,24,16,2026,1,#NE
7434,7434,6,24,6,2026,1,#NE
7435,7435,6,24,23,2026,1,#NE
7436,7436,4,18,24,2026,1,#NE
7437,7437,7,4,19,2026,1,#NE
7438,7438,6,17,23,2026,1,#NE
7439,7439,6,17,30,2026,1,#NE
7440,7440,7,4,27,2026,1,#NE
7441,7441,7,15,22,2026,1,#NE
7442,7442,9,20,5,2026,1,#NE
7443,7443,9,20,5,2026,1,#NE
7444,7444,9,20,5,2026,1,#NE
7445,7445,9,20,15,2026,1,#NE
7446,7446,9,20,15,2026,1,#NE
7447,7447,9,20,15,2026,1,#NE
7448,7448,9,20,15,2026,1,#NE
7449,7449,9,20,15,2026,1,#NE
7450,7450,9,20,28,2026,1,#NE
7451,7451,9,20,28,2026,1,#NE
7452,7452,9,20,28,2026,1,#NE
7453,7453,9,20,28,2026,1,#NE
7454,7454,9,20,28,2026,1,#NE
7455,7455,9,20,9,2026,1,#NE
7456,7456,9,20,9,2026,1,#NE
7457,7457,9,20,9,2026,1,#NE
7458,7458,9,20,9,2026,1,#NE
7459,7459,9,20,9,2026,1,#NE
7460,7460,9,20,9,2026,1,#NE
7461,7461,9,20,9,2026,1,#NE
7462,7462,9,20,9,2026,1,#NE
7463,7463,9,20,9,2026,1,#NE
7464,7464,9,20,9,2026,1,#NE
7465,7465,9,20,9,2026,1,#NE
7466,7466,9,20,9,2026,1,#NE
7467,7467,5,12,23,2026,1,#NE
7468,7468,3,24,23,2026,1,#NE
7469,7469,9,2,4,2026,1,#NE
7470,7470,9,2,4,2026,1,#NE
7471,7471,9,2,14,2026,1,#NE
7472,7472,9,2,14,2026,1,#NE
7473,7473,9,2,14,2026,1,#NE
7474,7474,9,2,24,2026,1,#NE
7475,7475,9,2,6,2026,1,#NE
7476,7476,9,2,6,2026,1,#NE
7477,7477,9,2,6,2026,1,#NE
7478,7478,9,2,21,2026,1,#NE
7479,7479,9,2,21,2026,1,#NE
7480,7480,9,2,16,2026,1,#NE
7481,7481,9,2,16,2026,1,#NE
7482,7482,9,2,16,2026,1,#NE
7483,7483,9,2,29,2026,1,#NE
7484,7484,9,2,16,2026,1,#NE
7485,7485,9,2,29,2026,1,#NE
7486,7486,9,2,28,2026,1,#NE
7487,7487,9,2,17,2026,1,#NE
7488,7488,9,2,7,2026,1,#NE
7489,7489,9,9,1,2026,1,#NE
7490,7490,9,9,1,2026,1,#NE
7491,7491,9,9,1,2026,1,#NE
7492,7492,9,9,22,2026,1,#NE
7493,7493,9,9,26,2026,1,#NE
7494,7494,9,9,22,2026,1,#NE
7495,7495,9,9,22,2026,1,#NE
7496,7496,9,9,26,2026,1,#NE
7497,7497,9,9,21,2026,1,#NE
7498,7498,9,9,14,2026,1,#NE
7499,7499,9,9,21,2026,1,#NE
7500,7500,9,9,21,2026,1,#NE
7501,7501,9,9,14,2026,1,#NE
7502,7502,9,9,14,2026,1,#NE
7503,7503,9,9,14,2026,1,#NE
7504,7504,9,9,14,2026,1,#NE
7505,7505,9,9,14,2026,1,#NE
7506,7506,9,9,29,2026,1,#NE
7507,7507,9,9,16,2026,1,#NE
7508,7508,9,9,15,2026,1,#NE
7509,7509,9,9,15,2026,1,#NE
7510,7510,9,9,27,2026,1,#NE
7511,7511,9,9,27,2026,1,#NE
7512,7512,9,9,4,2026,1,#NE
7513,7513,9,9,9,2026,1,#NE
7514,7514,9,9,9,2026,1,#NE
7515,7515,9,9,9,2026,1,#NE
7516,7516,9,9,28,2026,1,#NE
7517,7517,9,9,28,2026,1,#NE
7518,7518,9,9,5,2026,1,#NE
7519,7519,9,9,5,2026,1,#NE
7520,7520,9,9,19,2026,1,#NE
7521,7521,9,9,19,2026,1,#NE
7522,7522,9,9,19,2026,1,#NE
7523,7523,9,9,19,2026,1,#NE
7524,7524,9,9,6,2026,1,#NE
7525,7525,9,9,6,2026,1,#NE
7526,7526,9,9,6,2026,1,#NE
7527,7527,9,9,6,2026,1,#NE
7528,7528,9,9,13,2026,1,#NE
7529,7529,9,9,13,2026,1,#NE
7530,7530,9,9,13,2026,1,#NE
7531,7531,9,9,13,2026,1,#NE
7532,7532,5,28,9,2026,1,#NE
7533,7533,5,28,24,2026,1,#NE
7534,7534,8,17,7,2026,1,#NE
7535,7535,8,17,7,2026,1,#NE
7536,7536,8,17,7,2026,1,#NE
7537,7537,8,17,7,2026,1,#NE
7538,7538,8,17,6,2026,1,#NE
7539,7539,8,17,6,2026,1,#NE
7540,7540,8,17,6,2026,1,#NE
7541,7541,8,17,12,2026,1,#NE
7542,7542,8,17,15,2026,1,#NE
7543,7543,8,17,22,2026,1,#NE
7544,7544,8,17,22,2026,1,#NE
7545,7545,8,17,22,2026,1,#NE
7546,7546,8,17,26,2026,1,#NE
7547,7547,8,17,22,2026,1,#NE
7548,7548,8,17,26,2026,1,#NE
7549,7549,8,17,26,2026,1,#NE
7550,7550,8,17,21,2026,1,#NE
7551,7551,8,17,21,2026,1,#NE
7552,7552,8,17,21,2026,1,#NE
7553,7553,8,17,3,2026,1,#NE
7554,7554,8,17,14,2026,1,#NE
7555,7555,8,17,14,2026,1,#NE
7556,7556,8,17,9,2026,1,#NE
7557,7557,8,17,9,2026,1,#NE
7558,7558,8,17,9,2026,1,#NE
7559,7559,8,17,2,2026,1,#NE
7560,7560,8,17,2,2026,1,#NE
7561,7561,8,17,2,2026,1,#NE
7562,7562,8,17,20,2026,1,#NE
7563,7563,8,17,20,2026,1,#NE
7564,7564,8,17,20,2026,1,#NE
7565,7565,8,17,25,2026,1,#NE
7566,7566,8,17,19,2026,1,#NE
7567,7567,8,17,19,2026,1,#NE
7568,7568,8,17,19,2026,1,#NE
7569,7569,8,17,19,2026,1,#NE
7570,7570,8,17,28,2026,1,#NE
7571,7571,8,17,17,2026,1,#NE
7572,7572,8,17,28,2026,1,#NE
7573,7573,8,17,17,2026,1,#NE
7574,7574,8,17,17,2026,1,#NE
7575,7575,8,17,27,2026,1,#NE
7576,7576,8,17,27,2026,1,#NE
7577,7577,8,17,16,2026,1,#NE
7578,7578,8,17,29,2026,1,#NE
7579,7579,9,4,26,2026,1,#NE
7580,7580,9,4,24,2026,1,#NE
7581,7581,9,4,25,2026,1,#NE
7582,7582,9,4,14,2026,1,#NE
7583,7583,9,4,29,2026,1,#NE
7584,7584,9,4,29,2026,1,#NE
7585,7585,9,4,29,2026,1,#NE
7586,7586,9,4,13,2026,1,#NE
7587,7587,9,4,20,2026,1,#NE
7588,7588,9,4,20,2026,1,#NE
7589,7589,9,4,9,2026,1,#NE
7590,7590,9,4,27,2026,1,#NE
7591,7591,9,4,27,2026,1,#NE
7592,7592,9,4,27,2026,1,#NE
7593,7593,9,4,6,2026,1,#NE
7594,7594,9,4,6,2026,1,#NE
7595,7595,9,4,6,2026,1,#NE
7596,7596,8,2,14,2026,1,#NE
7597,7597,8,2,17,2026,1,#NE
7598,7598,8,2,24,2026,1,#NE
7599,7599,8,2,20,2026,1,#NE
7600,7600,8,2,20,2026,1,#NE
7601,7601,8,2,29,2026,1,#NE
7602,7602,8,2,16,2026,1,#NE
7603,7603,8,2,7,2026,1,#NE
7604,7604,8,2,7,2026,1,#NE
7605,7605,8,2,21,2026,1,#NE
7606,7606,9,7,20,2026,1,#NE
7607,7607,9,7,20,2026,1,#NE
7608,7608,9,7,23,2026,1,#NE
7609,7609,9,7,21,2026,1,#NE
7610,7610,9,7,21,2026,1,#NE
7611,7611,9,7,21,2026,1,#NE
7612,7612,9,7,21,2026,1,#NE
7613,7613,9,7,8,2026,1,#NE
7614,7614,9,7,8,2026,1,#NE
7615,7615,9,7,8,2026,1,#NE
7616,7616,9,7,8,2026,1,#NE
7617,7617,9,7,9,2026,1,#NE
7618,7618,9,7,29,2026,1,#NE
7619,7619,9,7,29,2026,1,#NE
7620,7620,9,7,16,2026,1,#NE
7621,7621,9,7,29,2026,1,#NE
7622,7622,9,7,14,2026,1,#NE
7623,7623,9,7,14,2026,1,#NE
7624,7624,9,7,14,2026,1,#NE
7625,7625,9,7,29,2026,1,#NE
7626,7626,9,7,29,2026,1,#NE
7627,7627,9,7,16,2026,1,#NE
7628,7628,9,7,14,2026,1,#NE
7629,7629,9,7,14,2026,1,#NE
7630,7630,9,7,14,2026,1,#NE
7631,7631,9,7,29,2026,1,#NE
7632,7632,9,7,6,2026,1,#NE
7633,7633,9,7,24,2026,1,#NE
7634,7634,9,7,24,2026,1,#NE
7635,7635,9,7,24,2026,1,#NE
7636,7636,9,7,24,2026,1,#NE
7637,7637,9,7,19,2026,1,#NE
7638,7638,9,7,19,2026,1,#NE
7639,7639,9,7,19,2026,1,#NE
7640,7640,9,7,28,2026,1,#NE
7641,7641,9,7,28,2026,1,#NE
7642,7642,9,7,13,2026,1,#NE
7643,7643,9,7,13,2026,1,#NE
7644,7644,9,7,27,2026,1,#NE
7645,7645,9,7,27,2026,1,#NE
7646,7646,9,7,27,2026,1,#NE
7647,7647,9,7,27,2026,1,#NE
7648,7648,9,7,27,2026,1,#NE
7649,7649,5,10,3,2026,1,#NE
7650,7650,5,10,14,2026,1,#NE
7651,7651,3,7,23,2026,1,#NE
7652,7652,3,17,22,2026,1,#NE
7653,7653,9,1,16,2026,1,#NE
7654,7654,9,1,29,2026,1,#NE
7655,7655,9,1,29,2026,1,#NE
7656,7656,9,1,16,2026,1,#NE
7657,7657,9,1,16,2026,1,#NE
7658,7658,9,1,11,2026,1,#NE
7659,7659,9,1,24,2026,1,#NE
7660,7660,9,1,20,2026,1,#NE
7661,7661,9,1,20,2026,1,#NE
7662,7662,9,1,20,2026,1,#NE
7663,7663,9,1,20,2026,1,#NE
7664,7664,9,1,20,2026,1,#NE
7665,7665,9,1,6,2026,1,#NE
7666,7666,9,1,6,2026,1,#NE
7667,7667,9,1,9,2026,1,#NE
7668,7668,9,1,14,2026,1,#NE
7669,7669,9,1,3,2026,1,#NE
7670,7670,9,1,3,2026,1,#NE
7671,7671,9,1,22,2026,1,#NE
7672,7672,9,1,28,2026,1,#NE
7673,7673,9,1,17,2026,1,#NE
7674,7674,9,1,13,2026,1,#NE
7675,7675,9,1,13,2026,1,#NE
7676,7676,9,1,27,2026,1,#NE
7677,7677,9,1,27,2026,1,#NE
7678,7678,9,1,15,2026,1,#NE
7679,7679,9,1,15,2026,1,#NE
7680,7680,9,17,9,2026,1,#NE
7681,7681,9,17,9,2026,1,#NE
7682,7682,9,17,9,2026,1,#NE
7683,7683,9,17,9,2026,1,#NE
7684,7684,9,17,9,2026,1,#NE
7685,7685,9,17,9,2026,1,#NE
7686,7686,9,17,9,2026,1,#NE
7687,7687,9,17,14,2026,1,#NE
7688,7688,9,17,14,2026,1,#NE
7689,7689,9,17,6,2026,1,#NE
7690,7690,9,17,6,2026,1,#NE
7691,7691,9,17,6,2026,1,#NE
7692,7692,9,17,6,2026,1,#NE
7693,7693,9,17,6,2026,1,#NE
7694,7694,9,17,6,2026,1,#NE
7695,7695,9,17,6,2026,1,#NE
7696,7696,9,17,6,2026,1,#NE
7697,7697,9,17,15,2026,1,#NE
7698,7698,9,17,15,2026,1,#NE
7699,7699,9,17,15,2026,1,#NE
7700,7700,9,17,15,2026,1,#NE
7701,7701,9,17,15,2026,1,#NE
7702,7702,9,17,7,2026,1,#NE
7703,7703,9,17,15,2026,1,#NE
7704,7704,9,17,15,2026,1,#NE
7705,7705,9,17,15,2026,1,#NE
7706,7706,9,17,16,2026,1,#NE
7707,7707,9,17,29,2026,1,#NE
7708,7708,9,17,29,2026,1,#NE
7709,7709,9,17,16,2026,1,#NE
7710,7710,9,17,25,2026,1,#NE
7711,7711,9,17,25,2026,1,#NE
7712,7712,9,17,24,2026,1,#NE
7713,7713,9,17,24,2026,1,#NE
7714,7714,9,17,19,2026,1,#NE
7715,7715,9,17,19,2026,1,#NE
7716,7716,9,17,19,2026,1,#NE
7717,7717,9,17,22,2026,1,#NE
7718,7718,9,17,22,2026,1,#NE
7719,7719,9,17,22,2026,1,#NE
7720,7720,9,17,26,2026,1,#NE
7721,7721,9,17,26,2026,1,#NE
7722,7722,9,17,26,2026,1,#NE
7723,7723,9,17,20,2026,1,#NE
7724,7724,9,17,20,2026,1,#NE
7725,7725,9,17,28,2026,1,#NE
7726,7726,9,17,2,2026,1,#NE
7727,7727,9,17,2,2026,1,#NE
7728,7728,9,17,2,2026,1,#NE
7729,7729,9,17,27,2026,1,#NE
7730,7730,9,17,27,2026,1,#NE
7731,7731,9,17,27,2026,1,#NE
7732,7732,9,17,27,2026,1,#NE
7733,7733,9,17,13,2026,1,#NE
7734,7734,9,17,13,2026,1,#NE
7735,7735,6,19,14,2026,1,#NE
7736,7736,6,26,15,2026,1,#NE
7737,7737,6,28,24,2026,1,#NE
7738,7738,6,28,27,2026,1,#NE
7739,7739,7,25,12,2026,1,#NE
7740,7740,7,25,30,2026,1,#NE
7741,7741,7,25,30,2026,1,#NE
7742,7742,7,22,16,2026,1,#NE
7743,7743,7,3,14,2026,1,#NE
7744,7744,4,14,8,2026,1,#NE
7745,7745,7,24,23,2026,1,#NE
7746,7746,7,11,22,2026,1,#NE
7747,7747,6,22,7,2026,1,#NE
7748,7748,7,8,23,2026,1,#NE
7749,7749,7,8,24,2026,1,#NE
7750,7750,7,10,25,2026,1,#NE
7751,7751,4,10,14,2026,1,#NE
7752,7752,3,8,20,2026,1,#NE
7753,7753,8,20,7,2026,1,#NE
7754,7754,8,20,7,2026,1,#NE
7755,7755,8,20,8,2026,1,#NE
7756,7756,8,10,15,2026,1,#NE
7757,7757,8,20,16,2026,1,#NE
7758,7758,8,20,29,2026,1,#NE
7759,7759,8,25,17,2026,1,#NE
7760,7760,8,25,28,2026,1,#NE
7761,7761,8,20,14,2026,1,#NE
7762,7762,8,3,28,2026,1,#NE
7763,7763,8,25,7,2026,1,#NE
7764,7764,8,12,20,2026,1,#NE
7765,7765,9,18,14,2026,1,#NE
7766,7766,9,12,29,2026,1,#NE
7767,7767,9,25,1,2026,1,#NE
7768,7768,9,23,21,2026,1,#NE
7769,7769,9,25,26,2026,1,#NE
7770,7770,10,8,28,2026,1,#NE
7771,7771,8,24,1,2026,1,#NE
7772,7772,8,24,1,2026,1,#NE
7773,7773,9,15,17,2026,1,#NE
7774,7774,8,16,4,2026,1,#NE
7775,7775,8,16,2,2026,1,#NE
7776,7776,8,16,2,2026,1,#NE
7777,7777,8,24,21,2026,1,#NE
7778,7778,8,18,8,2026,1,#NE
7779,7779,8,18,8,2026,1,#NE
7780,7780,8,18,8,2026,1,#NE
7781,7781,8,18,8,2026,1,#NE
7782,7782,8,18,8,2026,1,#NE
7783,7783,8,24,5,2026,1,#NE
7784,7784,8,24,5,2026,1,#NE
7785,7785,8,18,21,2026,1,#NE
7786,7786,8,18,5,2026,1,#NE
7787,7787,8,18,4,2026,1,#NE
7788,7788,9,26,22,2026,1,#NE
7789,7789,9,26,22,2026,1,#NE
7790,7790,9,20,27,2026,1,#NE
7791,7791,8,11,4,2026,1,#NE
7792,7792,8,11,14,2026,1,#NE
7793,7793,9,28,5,2026,1,#NE
7794,7794,9,20,2,2026,1,#NE
7795,7795,9,20,6,2026,1,#NE
7796,7796,8,19,5,2026,1,#NE
7797,7797,9,20,24,2026,1,#NE
7798,7798,9,20,25,2026,1,#NE
7799,7799,9,20,7,2026,1,#NE
7800,7800,8,19,29,2026,1,#NE
7801,7801,9,19,14,2026,1,#NE
7802,7802,9,19,8,2026,1,#NE
7803,7803,9,19,2,2026,1,#NE
7804,7804,9,19,5,2026,1,#NE
7805,7805,3,15,5,2026,1,#NE
7806,7806,5,19,12,2026,1,#NE
7807,7807,9,20,16,2026,1,#NE
7808,7808,8,28,24,2026,1,#NE
7809,7809,6,18,5,2026,1,#NE
7810,7810,4,8,1,2026,1,#NE
7811,7811,6,8,1,2026,1,#NE
7812,7812,7,19,12,2026,1,#NE
7813,7813,7,12,12,2026,1,#NE
7814,7814,9,20,5,2026,1,#NE
7815,7815,9,20,17,2026,1,#NE
7816,7816,5,20,12,2026,1,#NE
7817,7817,9,9,25,2026,1,#NE
7818,7818,9,17,8,2026,1,#NE
7819,7819,9,17,8,2026,1,#NE
7820,7820,9,17,8,2026,1,#NE
7821,7821,9,17,8,2026,1,#NE
7822,7822,9,17,8,2026,1,#NE
7823,7823,7,23,11,2026,1,#NE
7824,7824,8,20,8,2026,1,#NE
7825,7825,8,20,14,2026,1,#NE
7826,7826,8,20,21,2026,1,#NE
7827,7827,7,12,21,2026,1,#NE
7828,7828,8,20,20,2026,1,#NE
7829,7829,8,20,13,2026,1,#NE
7830,7830,8,22,19,2026,1,#NE
7831,7831,9,22,9,2026,1,#NE
7832,7832,8,12,29,2026,1,#NE
7833,7833,5,16,6,2026,1,#NE
7834,7834,10,8,20,2026,1,#NE
7835,7835,8,13,29,2026,1,#NE
7836,7836,8,11,24,2026,1,#NE
7837,7837,9,3,2,2026,1,#NE
7838,7838,8,23,14,2026,1,#NE
7839,7839,8,23,14,2026,1,#NE
7840,7840,4,8,27,2026,1,#NE
7841,7841,9,2,21,2026,1,#NE
7842,7842,9,4,14,2026,1,#NE
7843,7843,6,15,15,2026,1,#NE
7844,7844,7,22,14,2026,1,#NE
7845,7845,9,10,29,2026,1,#NE
7846,7846,9,25,2,2026,1,#NE
7847,7847,8,11,29,2026,1,#NE
7848,7848,9,26,14,2026,1,#NE
7849,7849,9,14,6,2026,1,#NE
7850,7850,8,19,21,2026,1,#NE
7851,7851,8,19,28,2026,1,#NE
7852,7852,9,3,27,2026,1,#NE
7853,7853,8,19,20,2026,1,#NE
7854,7854,8,19,20,2026,1,#NE
7855,7855,6,14,1,2026,1,#NE
7856,7856,4,21,12,2026,1,#NE
7857,7857,7,15,28,2026,1,#NE
7858,7858,8,2,28,2026,1,#NE
7859,7859,8,2,17,2026,1,#NE
7860,7860,5,27,30,2026,1,#NE
7861,7861,5,27,19,2026,1,#NE
7862,7862,8,20,8,2026,1,#NE
7863,7863,8,20,4,2026,1,#NE
7864,7864,8,20,14,2026,1,#NE
7865,7865,8,10,6,2026,1,#NE
7866,7866,8,10,16,2026,1,#NE
7867,7867,8,10,4,2026,1,#NE
7868,7868,8,26,28,2026,1,#NE
7869,7869,8,26,21,2026,1,#NE
7870,7870,9,27,4,2026,1,#NE
7871,7871,9,27,4,2026,1,#NE
7872,7872,9,27,4,2026,1,#NE
7873,7873,9,27,16,2026,1,#NE
7874,7874,9,27,29,2026,1,#NE
7875,7875,9,27,4,2026,1,#NE
7876,7876,9,27,4,2026,1,#NE
7877,7877,9,27,4,2026,1,#NE
7878,7878,9,27,16,2026,1,#NE
7879,7879,9,27,16,2026,1,#NE
7880,7880,9,27,4,2026,1,#NE
7881,7881,9,27,29,2026,1,#NE
7882,7882,9,27,16,2026,1,#NE
7883,7883,9,27,29,2026,1,#NE
7884,7884,9,27,16,2026,1,#NE
7885,7885,9,27,16,2026,1,#NE
7886,7886,9,27,16,2026,1,#NE
7887,7887,9,27,4,2026,1,#NE
7888,7888,9,27,16,2026,1,#NE
7889,7889,9,27,16,2026,1,#NE
7890,7890,9,27,29,2026,1,#NE
7891,7891,9,27,29,2026,1,#NE
7892,7892,9,27,29,2026,1,#NE
7893,7893,9,27,29,2026,1,#NE
7894,7894,9,27,16,2026,1,#NE
7895,7895,9,27,16,2026,1,#NE
7896,7896,9,27,8,2026,1,#NE
7897,7897,9,27,8,2026,1,#NE
7898,7898,9,27,8,2026,1,#NE
7899,7899,9,27,8,2026,1,#NE
7900,7900,9,27,8,2026,1,#NE
7901,7901,9,27,8,2026,1,#NE
7902,7902,9,27,8,2026,1,#NE
7903,7903,9,27,12,2026,1,#NE
7904,7904,9,27,12,2026,1,#NE
7905,7905,9,27,24,2026,1,#NE
7906,7906,9,27,24,2026,1,#NE
7907,7907,9,27,11,2026,1,#NE
7908,7908,9,27,24,2026,1,#NE
7909,7909,9,27,11,2026,1,#NE
7910,7910,9,27,24,2026,1,#NE
7911,7911,9,27,11,2026,1,#NE
7912,7912,9,27,24,2026,1,#NE
7913,7913,9,27,24,2026,1,#NE
7914,7914,9,27,7,2026,1,#NE
7915,7915,9,27,7,2026,1,#NE
7916,7916,9,27,7,2026,1,#NE
7917,7917,9,27,7,2026,1,#NE
7918,7918,9,27,7,2026,1,#NE
7919,7919,9,27,7,2026,1,#NE
7920,7920,9,27,7,2026,1,#NE
7921,7921,9,27,7,2026,1,#NE
7922,7922,9,27,7,2026,1,#NE
7923,7923,9,27,7,2026,1,#NE
7924,7924,9,27,7,2026,1,#NE
7925,7925,9,27,7,2026,1,#NE
7926,7926,9,27,7,2026,1,#NE
7927,7927,9,27,7,2026,1,#NE
7928,7928,9,27,13,2026,1,#NE
7929,7929,9,27,13,2026,1,#NE
7930,7930,9,27,22,2026,1,#NE
7931,7931,9,27,22,2026,1,#NE
7932,7932,9,27,22,2026,1,#NE
7933,7933,9,27,22,2026,1,#NE
7934,7934,9,27,22,2026,1,#NE
7935,7935,9,27,26,2026,1,#NE
7936,7936,9,27,15,2026,1,#NE
7937,7937,9,27,15,2026,1,#NE
7938,7938,9,27,15,2026,1,#NE
7939,7939,9,27,15,2026,1,#NE
7940,7940,9,27,15,2026,1,#NE
7941,7941,9,27,15,2026,1,#NE
7942,7942,9,27,15,2026,1,#NE
7943,7943,9,27,15,2026,1,#NE
7944,7944,9,27,15,2026,1,#NE
7945,7945,9,27,15,2026,1,#NE
7946,7946,9,27,15,2026,1,#NE
7947,7947,9,27,15,2026,1,#NE
7948,7948,9,27,1,2026,1,#NE
7949,7949,9,27,27,2026,1,#NE
7950,7950,9,27,1,2026,1,#NE
7951,7951,9,27,1,2026,1,#NE
7952,7952,9,27,27,2026,1,#NE
7953,7953,9,27,27,2026,1,#NE
7954,7954,9,27,6,2026,1,#NE
7955,7955,9,27,1,2026,1,#NE
7956,7956,9,27,27,2026,1,#NE
7957,7957,9,27,27,2026,1,#NE
7958,7958,9,27,6,2026,1,#NE
7959,7959,9,27,6,2026,1,#NE
7960,7960,9,27,6,2026,1,#NE
7961,7961,9,27,6,2026,1,#NE
7962,7962,9,27,6,2026,1,#NE
7963,7963,9,27,6,2026,1,#NE
7964,7964,9,27,6,2026,1,#NE
7965,7965,9,27,6,2026,1,#NE
7966,7966,9,27,17,2026,1,#NE
7967,7967,9,27,17,2026,1,#NE
7968,7968,9,27,17,2026,1,#NE
7969,7969,9,27,17,2026,1,#NE
7970,7970,9,27,17,2026,1,#NE
7971,7971,9,27,17,2026,1,#NE
7972,7972,9,27,5,2026,1,#NE
7973,7973,9,27,28,2026,1,#NE
7974,7974,9,27,28,2026,1,#NE
7975,7975,9,27,17,2026,1,#NE
7976,7976,9,27,9,2026,1,#NE
7977,7977,9,27,9,2026,1,#NE
7978,7978,9,27,9,2026,1,#NE
7979,7979,9,27,9,2026,1,#NE
7980,7980,9,27,9,2026,1,#NE
7981,7981,9,27,9,2026,1,#NE
7982,7982,9,27,9,2026,1,#NE
7983,7983,9,27,9,2026,1,#NE
7984,7984,9,27,9,2026,1,#NE
7985,7985,9,27,9,2026,1,#NE
7986,7986,9,27,9,2026,1,#NE
7987,7987,9,27,9,2026,1,#NE
7988,7988,9,27,2,2026,1,#NE
7989,7989,9,27,2,2026,1,#NE
7990,7990,9,27,2,2026,1,#NE
7991,7991,8,20,5,2026,1,#NE
7992,7992,9,27,20,2026,1,#NE
7993,7993,9,27,20,2026,1,#NE
7994,7994,9,27,20,2026,1,#NE
7995,7995,9,27,20,2026,1,#NE
7996,7996,9,27,3,2026,1,#NE
7997,7997,9,27,3,2026,1,#NE
7998,7998,9,27,21,2026,1,#NE
7999,7999,9,27,21,2026,1,#NE
8000,8000,9,27,21,2026,1,#NE
8001,8001,9,27,21,2026,1,#NE
8002,8002,9,27,21,2026,1,#NE
8003,8003,9,27,21,2026,1,#NE
8004,8004,9,27,21,2026,1,#NE
8005,8005,9,27,21,2026,1,#NE
8006,8006,9,27,21,2026,1,#NE
8007,8007,9,27,21,2026,1,#NE
8008,8008,9,27,14,2026,1,#NE
8009,8009,9,27,14,2026,1,#NE
8010,8010,9,27,14,2026,1,#NE
8011,8011,9,27,14,2026,1,#NE
8012,8012,9,27,14,2026,1,#NE
8013,8013,9,27,14,2026,1,#NE
8014,8014,9,27,14,2026,1,#NE
8015,8015,9,27,14,2026,1,#NE
8016,8016,9,27,14,2026,1,#NE
8017,8017,9,27,14,2026,1,#NE
8018,8018,9,27,14,2026,1,#NE
8019,8019,9,27,14,2026,1,#NE
8020,8020,9,27,14,2026,1,#NE
8021,8021,9,27,14,2026,1,#NE
8022,8022,9,27,19,2026,1,#NE
8023,8023,9,27,19,2026,1,#NE
8024,8024,9,27,19,2026,1,#NE
8025,8025,9,27,19,2026,1,#NE
8026,8026,9,27,19,2026,1,#NE
8027,8027,9,27,19,2026,1,#NE
8028,8028,9,27,19,2026,1,#NE
8029,8029,3,14,1,2026,1,#NE
8030,8030,5,8,5,2026,1,#NE
8031,8031,9,5,1,2026,1,#NE
8032,8032,8,3,30,2026,1,#NE
8033,8033,8,20,27,2026,1,#NE
8034,8034,8,20,28,2026,1,#NE
8035,8035,8,20,20,2026,1,#NE
8036,8036,8,5,6,2026,1,#NE
8037,8037,8,5,6,2026,1,#NE
8038,8038,8,5,9,2026,1,#NE
8039,8039,8,5,9,2026,1,#NE
8040,8040,8,5,4,2026,1,#NE
8041,8041,8,27,9,2026,1,#NE
8042,8042,8,27,9,2026,1,#NE
8043,8043,8,27,9,2026,1,#NE
8044,8044,8,27,9,2026,1,#NE
8045,8045,8,27,9,2026,1,#NE
8046,8046,8,27,9,2026,1,#NE
8047,8047,8,27,9,2026,1,#NE
8048,8048,8,27,9,2026,1,#NE
8049,8049,8,27,9,2026,1,#NE
8050,8050,8,27,5,2026,1,#NE
8051,8051,8,27,5,2026,1,#NE
8052,8052,8,27,5,2026,1,#NE
8053,8053,8,27,21,2026,1,#NE
8054,8054,8,27,21,2026,1,#NE
8055,8055,8,27,21,2026,1,#NE
8056,8056,8,27,21,2026,1,#NE
8057,8057,8,27,21,2026,1,#NE
8058,8058,8,27,21,2026,1,#NE
8059,8059,8,27,21,2026,1,#NE
8060,8060,8,27,21,2026,1,#NE
8061,8061,8,27,21,2026,1,#NE
8062,8062,8,27,21,2026,1,#NE
8063,8063,8,27,13,2026,1,#NE
8064,8064,8,27,13,2026,1,#NE
8065,8065,8,27,13,2026,1,#NE
8066,8066,8,27,13,2026,1,#NE
8067,8067,8,27,24,2026,1,#NE
8068,8068,8,27,24,2026,1,#NE
8069,8069,8,27,24,2026,1,#NE
8070,8070,8,27,24,2026,1,#NE
8071,8071,8,27,24,2026,1,#NE
8072,8072,8,27,19,2026,1,#NE
8073,8073,8,27,19,2026,1,#NE
8074,8074,8,27,19,2026,1,#NE
8075,8075,8,27,19,2026,1,#NE
8076,8076,8,27,19,2026,1,#NE
8077,8077,8,27,19,2026,1,#NE
8078,8078,8,27,19,2026,1,#NE
8079,8079,8,27,19,2026,1,#NE
8080,8080,8,27,19,2026,1,#NE
8081,8081,8,27,30,2026,1,#NE
8082,8082,8,27,6,2026,1,#NE
8083,8083,8,27,6,2026,1,#NE
8084,8084,8,27,6,2026,1,#NE
8085,8085,8,27,6,2026,1,#NE
8086,8086,8,27,6,2026,1,#NE
8087,8087,8,27,27,2026,1,#NE
8088,8088,8,27,27,2026,1,#NE
8089,8089,8,27,27,2026,1,#NE
8090,8090,8,27,26,2026,1,#NE
8091,8091,8,27,26,2026,1,#NE
8092,8092,8,27,22,2026,1,#NE
8093,8093,8,27,22,2026,1,#NE
8094,8094,8,27,22,2026,1,#NE
8095,8095,8,27,22,2026,1,#NE
8096,8096,8,27,22,2026,1,#NE
8097,8097,8,27,7,2026,1,#NE
8098,8098,8,12,17,2026,1,#NE
8099,8099,8,12,28,2026,1,#NE
8100,8100,8,27,7,2026,1,#NE
8101,8101,5,8,21,2026,1,#NE
8102,8102,5,8,12,2026,1,#NE
8103,8103,8,27,7,2026,1,#NE
8104,8104,8,27,7,2026,1,#NE
8105,8105,8,27,7,2026,1,#NE
8106,8106,5,17,30,2026,1,#NE
8107,8107,3,8,19,2026,1,#NE
8108,8108,8,27,7,2026,1,#NE
8109,8109,8,27,7,2026,1,#NE
8110,8110,3,8,12,2026,1,#NE
8111,8111,5,26,27,2026,1,#NE
8112,8112,8,27,2,2026,1,#NE
8113,8113,8,27,2,2026,1,#NE
8114,8114,8,25,3,2026,1,#NE
8115,8115,8,25,22,2026,1,#NE
8116,8116,8,27,2,2026,1,#NE
8117,8117,8,27,2,2026,1,#NE
8118,8118,8,20,7,2026,1,#NE
8119,8119,8,27,2,2026,1,#NE
8120,8120,9,10,8,2026,1,#NE
8121,8121,5,25,14,2026,1,#NE
8122,8122,5,25,23,2026,1,#NE
8123,8123,9,10,4,2026,1,#NE
8124,8124,9,10,4,2026,1,#NE
8125,8125,9,10,4,2026,1,#NE
8126,8126,8,27,2,2026,1,#NE
8127,8127,8,10,3,2026,1,#NE
8128,8128,8,27,2,2026,1,#NE
8129,8129,8,27,2,2026,1,#NE
8130,8130,8,27,2,2026,1,#NE
8131,8131,8,25,15,2026,1,#NE
8132,8132,8,25,22,2026,1,#NE
8133,8133,8,27,2,2026,1,#NE
8134,8134,8,27,2,2026,1,#NE
8135,8135,8,27,15,2026,1,#NE
8136,8136,8,27,15,2026,1,#NE
8137,8137,8,20,7,2026,1,#NE
8138,8138,8,20,8,2026,1,#NE
8139,8139,5,25,22,2026,1,#NE
8140,8140,8,27,15,2026,1,#NE
8141,8141,8,3,19,2026,1,#NE
8142,8142,8,3,27,2026,1,#NE
8143,8143,8,10,6,2026,1,#NE
8144,8144,8,27,15,2026,1,#NE
8145,8145,8,10,6,2026,1,#NE
8146,8146,8,10,6,2026,1,#NE
8147,8147,8,27,15,2026,1,#NE
8148,8148,8,27,15,2026,1,#NE
8149,8149,8,27,15,2026,1,#NE
8150,8150,8,25,15,2026,1,#NE
8151,8151,8,25,4,2026,1,#NE
8152,8152,8,27,4,2026,1,#NE
8153,8153,8,27,4,2026,1,#NE
8154,8154,8,27,4,2026,1,#NE
8155,8155,8,20,8,2026,1,#NE
8156,8156,8,20,8,2026,1,#NE
8157,8157,8,20,8,2026,1,#NE
8158,8158,8,3,27,2026,1,#NE
8159,8159,8,27,15,2026,1,#NE
8160,8160,8,3,7,2026,1,#NE
8161,8161,8,3,7,2026,1,#NE
8162,8162,8,10,15,2026,1,#NE
8163,8163,8,27,4,2026,1,#NE
8164,8164,8,27,4,2026,1,#NE
8165,8165,8,27,4,2026,1,#NE
8166,8166,8,25,4,2026,1,#NE
8167,8167,8,27,4,2026,1,#NE
8168,8168,8,27,4,2026,1,#NE
8169,8169,8,27,4,2026,1,#NE
8170,8170,8,25,4,2026,1,#NE
8171,8171,8,20,8,2026,1,#NE
8172,8172,8,20,8,2026,1,#NE
8173,8173,8,20,16,2026,1,#NE
8174,8174,8,27,20,2026,1,#NE
8175,8175,8,27,20,2026,1,#NE
8176,8176,8,20,29,2026,1,#NE
8177,8177,8,20,29,2026,1,#NE
8178,8178,8,10,15,2026,1,#NE
8179,8179,8,27,20,2026,1,#NE
8180,8180,8,27,17,2026,1,#NE
8181,8181,8,27,28,2026,1,#NE
8182,8182,8,27,17,2026,1,#NE
8183,8183,8,27,17,2026,1,#NE
8184,8184,8,27,17,2026,1,#NE
8185,8185,8,27,28,2026,1,#NE
8186,8186,8,27,17,2026,1,#NE
8187,8187,8,27,28,2026,1,#NE
8188,8188,8,10,19,2026,1,#NE
8189,8189,8,20,29,2026,1,#NE
8190,8190,8,27,28,2026,1,#NE
8191,8191,8,27,17,2026,1,#NE
8192,8192,8,20,4,2026,1,#NE
8193,8193,8,27,20,2026,1,#NE
8194,8194,8,27,20,2026,1,#NE
8195,8195,8,20,4,2026,1,#NE
8196,8196,8,20,4,2026,1,#NE
8197,8197,8,20,4,2026,1,#NE
8198,8198,8,20,4,2026,1,#NE
8199,8199,8,27,20,2026,1,#NE
8200,8200,8,27,20,2026,1,#NE
8201,8201,8,27,20,2026,1,#NE
8202,8202,8,3,13,2026,1,#NE
8203,8203,8,3,4,2026,1,#NE
8204,8204,8,10,24,2026,1,#NE
8205,8205,8,10,25,2026,1,#NE
8206,8206,8,10,24,2026,1,#NE
8207,8207,8,10,24,2026,1,#NE
8208,8208,8,25,17,2026,1,#NE
8209,8209,8,25,17,2026,1,#NE
8210,8210,8,25,9,2026,1,#NE
8211,8211,8,20,4,2026,1,#NE
8212,8212,8,3,16,2026,1,#NE
8213,8213,8,10,11,2026,1,#NE
8214,8214,8,10,13,2026,1,#NE
8215,8215,8,25,9,2026,1,#NE
8216,8216,8,25,9,2026,1,#NE
8217,8217,8,25,9,2026,1,#NE
8218,8218,8,20,14,2026,1,#NE
8219,8219,8,20,14,2026,1,#NE
8220,8220,8,20,14,2026,1,#NE
8221,8221,8,10,13,2026,1,#NE
8222,8222,8,10,9,2026,1,#NE
8223,8223,8,20,14,2026,1,#NE
8224,8224,8,20,14,2026,1,#NE
8225,8225,8,20,14,2026,1,#NE
8226,8226,8,27,14,2026,1,#NE
8227,8227,8,20,14,2026,1,#NE
8228,8228,8,20,14,2026,1,#NE
8229,8229,8,3,9,2026,1,#NE
8230,8230,8,27,14,2026,1,#NE
8231,8231,8,27,14,2026,1,#NE
8232,8232,8,3,23,2026,1,#NE
8233,8233,8,10,9,2026,1,#NE
8234,8234,8,27,14,2026,1,#NE
8235,8235,8,27,14,2026,1,#NE
8236,8236,8,10,9,2026,1,#NE
8237,8237,8,10,9,2026,1,#NE
8238,8238,8,10,9,2026,1,#NE
8239,8239,8,27,14,2026,1,#NE
8240,8240,8,20,22,2026,1,#NE
8241,8241,8,27,1,2026,1,#NE
8242,8242,8,3,14,2026,1,#NE
8243,8243,8,27,1,2026,1,#NE
8244,8244,8,27,1,2026,1,#NE
8245,8245,8,27,1,2026,1,#NE
8246,8246,8,27,1,2026,1,#NE
8247,8247,8,27,1,2026,1,#NE
8248,8248,8,27,1,2026,1,#NE
8249,8249,8,3,28,2026,1,#NE
8250,8250,8,10,28,2026,1,#NE
8251,8251,8,27,1,2026,1,#NE
8252,8252,8,27,1,2026,1,#NE
8253,8253,8,27,1,2026,1,#NE
8254,8254,8,27,1,2026,1,#NE
8255,8255,8,10,17,2026,1,#NE
8256,8256,8,25,14,2026,1,#NE
8257,8257,8,27,1,2026,1,#NE
8258,8258,8,27,1,2026,1,#NE
8259,8259,8,27,1,2026,1,#NE
8260,8260,8,27,1,2026,1,#NE
8261,8261,8,25,14,2026,1,#NE
8262,8262,8,20,26,2026,1,#NE
8263,8263,8,20,22,2026,1,#NE
8264,8264,8,27,12,2026,1,#NE
8265,8265,8,27,12,2026,1,#NE
8266,8266,8,27,16,2026,1,#NE
8267,8267,8,20,21,2026,1,#NE
8268,8268,8,27,29,2026,1,#NE
8269,8269,8,27,16,2026,1,#NE
8270,8270,8,27,16,2026,1,#NE
8271,8271,8,27,29,2026,1,#NE
8272,8272,8,27,29,2026,1,#NE
8273,8273,8,20,21,2026,1,#NE
8274,8274,8,27,29,2026,1,#NE
8275,8275,8,27,29,2026,1,#NE
8276,8276,8,10,4,2026,1,#NE
8277,8277,8,27,29,2026,1,#NE
8278,8278,8,27,16,2026,1,#NE
8279,8279,8,10,4,2026,1,#NE
8280,8280,8,20,21,2026,1,#NE
8281,8281,8,27,29,2026,1,#NE
8282,8282,9,22,15,2026,1,#NE
8283,8283,9,10,6,2026,1,#NE
8284,8284,8,10,22,2026,1,#NE
8285,8285,8,10,26,2026,1,#NE
8286,8286,8,10,22,2026,1,#NE
8287,8287,8,10,22,2026,1,#NE
8288,8288,8,12,27,2026,1,#NE
8289,8289,9,13,25,2026,1,#NE
8290,8290,3,21,4,2026,1,#NE
8291,8291,8,7,27,2026,1,#NE
8292,8292,9,5,19,2026,1,#NE
8293,8293,8,10,27,2026,1,#NE
8294,8294,8,20,6,2026,1,#NE
8295,8295,10,8,26,2026,1,#NE
8296,8296,8,7,4,2026,1,#NE
8297,8297,8,7,6,2026,1,#NE
8298,8298,8,10,27,2026,1,#NE
8299,8299,8,7,13,2026,1,#NE
8300,8300,8,7,29,2026,1,#NE
8301,8301,9,12,5,2026,1,#NE
8302,8302,9,12,5,2026,1,#NE
8303,8303,8,25,2,2026,1,#NE
8304,8304,9,12,27,2026,1,#NE
8305,8305,9,12,26,2026,1,#NE
8306,8306,9,12,13,2026,1,#NE
8307,8307,8,20,6,2026,1,#NE
8308,8308,8,20,6,2026,1,#NE
8309,8309,8,20,6,2026,1,#NE
8310,8310,8,14,20,2026,1,#NE
8311,8311,8,14,19,2026,1,#NE
8312,8312,8,3,24,2026,1,#NE
8313,8313,8,3,6,2026,1,#NE
8314,8314,8,25,2,2026,1,#NE
8315,8315,10,8,21,2026,1,#NE
8316,8316,8,21,29,2026,1,#NE
8317,8317,9,23,6,2026,1,#NE
8318,8318,10,8,2,2026,1,#NE
8319,8319,8,25,7,2026,1,#NE
8320,8320,9,12,6,2026,1,#NE
8321,8321,8,3,15,2026,1,#NE
8322,8322,8,15,13,2026,1,#NE
8323,8323,8,15,4,2026,1,#NE
8324,8324,8,15,9,2026,1,#NE
8325,8325,8,26,9,2026,1,#NE
8326,8326,8,26,9,2026,1,#NE
8327,8327,8,25,7,2026,1,#NE
8328,8328,9,25,27,2026,1,#NE
8329,8329,8,24,2,2026,1,#NE
8330,8330,8,24,2,2026,1,#NE
8331,8331,9,15,15,2026,1,#NE
8332,8332,9,23,24,2026,1,#NE
8333,8333,9,23,25,2026,1,#NE
8334,8334,8,15,29,2026,1,#NE
8335,8335,8,16,26,2026,1,#NE
8336,8336,8,16,2,2026,1,#NE
8337,8337,8,25,27,2026,1,#NE
8338,8338,8,16,25,2026,1,#NE
8339,8339,8,11,8,2026,1,#NE
8340,8340,8,20,5,2026,1,#NE
8341,8341,8,20,5,2026,1,#NE
8342,8342,8,20,5,2026,1,#NE
8343,8343,8,12,19,2026,1,#NE
8344,8344,8,12,19,2026,1,#NE
8345,8345,8,12,19,2026,1,#NE
8346,8346,8,26,24,2026,1,#NE
8347,8347,8,26,27,2026,1,#NE
8348,8348,8,25,27,2026,1,#NE
8349,8349,8,25,27,2026,1,#NE
8350,8350,8,25,6,2026,1,#NE
8351,8351,5,18,2,2026,1,#NE
8352,8352,9,24,3,2026,1,#NE
8353,8353,8,11,27,2026,1,#NE
8354,8354,8,11,2,2026,1,#NE
8355,8355,3,27,23,2026,1,#NE
8356,8356,8,26,13,2026,1,#NE
8357,8357,8,20,5,2026,1,#NE
8358,8358,8,20,15,2026,1,#NE
8359,8359,9,28,22,2026,1,#NE
8360,8360,9,3,11,2026,1,#NE
8361,8361,9,3,11,2026,1,#NE
8362,8362,8,20,15,2026,1,#NE
8363,8363,8,20,15,2026,1,#NE
8364,8364,8,26,15,2026,1,#NE
8365,8365,8,26,15,2026,1,#NE
8366,8366,8,19,5,2026,1,#NE
8367,8367,8,20,15,2026,1,#NE
8368,8368,8,20,15,2026,1,#NE
8369,8369,8,19,5,2026,1,#NE
8370,8370,9,20,2,2026,1,#NE
8371,8371,9,20,6,2026,1,#NE
8372,8372,8,26,20,2026,1,#NE
8373,8373,8,26,2,2026,1,#NE
8374,8374,9,3,13,2026,1,#NE
8375,8375,9,11,10,2026,1,#NE
8376,8376,9,11,27,2026,1,#NE
8377,8377,9,11,22,2026,1,#NE
8378,8378,8,25,13,2026,1,#NE
8379,8379,9,19,21,2026,1,#NE
8380,8380,9,19,27,2026,1,#NE
8381,8381,8,20,15,2026,1,#NE
8382,8382,8,20,15,2026,1,#NE
8383,8383,8,20,15,2026,1,#NE
8384,8384,8,20,15,2026,1,#NE
8385,8385,8,20,27,2026,1,#NE
8386,8386,8,19,16,2026,1,#NE
8387,8387,8,19,29,2026,1,#NE
8388,8388,8,19,14,2026,1,#NE
8389,8389,9,19,2,2026,1,#NE
8390,8390,9,19,2,2026,1,#NE
8391,8391,8,12,6,2026,1,#NE
8392,8392,8,23,4,2026,1,#NE
8393,8393,4,23,12,2026,1,#NE
8394,8394,8,26,6,2026,1,#NE
8395,8395,8,26,6,2026,1,#NE
8396,8396,8,25,16,2026,1,#NE
8397,8397,7,27,7,2026,1,#NE
8398,8398,8,20,27,2026,1,#NE
8399,8399,8,20,27,2026,1,#NE
8400,8400,3,28,5,2026,1,#NE
8401,8401,5,21,4,2026,1,#NE
8402,8402,8,9,20,2026,1,#NE
8403,8403,7,27,13,2026,1,#NE
8404,8404,7,27,23,2026,1,#NE
8405,8405,8,12,6,2026,1,#NE
8406,8406,8,12,6,2026,1,#NE
8407,8407,8,12,6,2026,1,#NE
8408,8408,7,14,1,2026,1,#NE
8409,8409,8,28,7,2026,1,#NE
8410,8410,9,21,22,2026,1,#NE
8411,8411,9,21,21,2026,1,#NE
8412,8412,9,21,21,2026,1,#NE
8413,8413,6,3,26,2026,1,#NE
8414,8414,4,28,5,2026,1,#NE
8415,8415,8,26,21,2026,1,#NE
8416,8416,8,25,20,2026,1,#NE
8417,8417,8,25,20,2026,1,#NE
8418,8418,9,5,22,2026,1,#NE
8419,8419,6,20,5,2026,1,#NE
8420,8420,8,20,27,2026,1,#NE
8421,8421,8,20,27,2026,1,#NE
8422,8422,8,20,27,2026,1,#NE
8423,8423,6,8,5,2026,1,#NE
8424,8424,7,20,5,2026,1,#NE
8425,8425,8,12,6,2026,1,#NE
8426,8426,7,18,2,2026,1,#NE
8427,8427,4,15,5,2026,1,#NE
8428,8428,9,5,22,2026,1,#NE
8429,8429,9,5,22,2026,1,#NE
8430,8430,8,20,9,2026,1,#NE
8431,8431,8,20,9,2026,1,#NE
8432,8432,8,12,6,2026,1,#NE
8433,8433,8,12,6,2026,1,#NE
8434,8434,8,12,6,2026,1,#NE
8435,8435,8,12,6,2026,1,#NE
8436,8436,8,5,17,2026,1,#NE
8437,8437,8,5,28,2026,1,#NE
8438,8438,8,5,28,2026,1,#NE
8439,8439,8,20,9,2026,1,#NE
8440,8440,8,20,9,2026,1,#NE
8441,8441,8,5,17,2026,1,#NE
8442,8442,8,5,28,2026,1,#NE
8443,8443,8,20,9,2026,1,#NE
8444,8444,8,20,9,2026,1,#NE
8445,8445,8,20,9,2026,1,#NE
8446,8446,8,20,9,2026,1,#NE
8447,8447,8,20,9,2026,1,#NE
8448,8448,8,20,9,2026,1,#NE
8449,8449,9,5,22,2026,1,#NE
8450,8450,9,5,22,2026,1,#NE
8451,8451,8,20,28,2026,1,#NE
8452,8452,8,12,8,2026,1,#NE
8453,8453,8,12,8,2026,1,#NE
8454,8454,8,12,8,2026,1,#NE
8455,8455,8,5,22,2026,1,#NE
8456,8456,8,5,22,2026,1,#NE
8457,8457,9,20,19,2026,1,#NE
8458,8458,9,20,5,2026,1,#NE
8459,8459,9,20,15,2026,1,#NE
8460,8460,9,5,7,2026,1,#NE
8461,8461,8,20,28,2026,1,#NE
8462,8462,5,20,5,2026,1,#NE
8463,8463,9,2,21,2026,1,#NE
8464,8464,9,2,21,2026,1,#NE
8465,8465,8,20,28,2026,1,#NE
8466,8466,9,2,28,2026,1,#NE
8467,8467,8,12,9,2026,1,#NE
8468,8468,8,5,22,2026,1,#NE
8469,8469,8,17,21,2026,1,#NE
8470,8470,9,4,15,2026,1,#NE
8471,8471,9,5,8,2026,1,#NE
8472,8472,8,20,28,2026,1,#NE
8473,8473,8,2,28,2026,1,#NE
8474,8474,8,20,28,2026,1,#NE
8475,8475,8,20,17,2026,1,#NE
8476,8476,8,12,9,2026,1,#NE
8477,8477,9,7,24,2026,1,#NE
8478,8478,8,12,9,2026,1,#NE
8479,8479,8,12,9,2026,1,#NE
8480,8480,9,7,28,2026,1,#NE
8481,8481,9,7,27,2026,1,#NE
8482,8482,8,5,27,2026,1,#NE
8483,8483,8,5,27,2026,1,#NE
8484,8484,8,5,27,2026,1,#NE
8485,8485,8,5,27,2026,1,#NE
8486,8486,8,5,27,2026,1,#NE
8487,8487,8,5,27,2026,1,#NE
8488,8488,9,5,8,2026,1,#NE
8489,8489,9,5,8,2026,1,#NE
8490,8490,9,1,1,2026,1,#NE
8491,8491,9,1,27,2026,1,#NE
8492,8492,9,5,8,2026,1,#NE
8493,8493,8,20,17,2026,1,#NE
8494,8494,9,17,16,2026,1,#NE
8495,8495,9,17,2,2026,1,#NE
8496,8496,6,19,20,2026,1,#NE
8497,8497,6,28,5,2026,1,#NE
8498,8498,8,5,22,2026,1,#NE
8499,8499,6,10,6,2026,1,#NE
8500,8500,8,20,20,2026,1,#NE
8501,8501,8,20,20,2026,1,#NE
8502,8502,4,27,12,2026,1,#NE
8503,8503,7,1,28,2026,1,#NE
8504,8504,7,1,28,2026,1,#NE
8505,8505,8,5,27,2026,1,#NE
8506,8506,8,5,27,2026,1,#NE
8507,8507,8,5,22,2026,1,#NE
8508,8508,8,20,20,2026,1,#NE
8509,8509,8,20,20,2026,1,#NE
8510,8510,8,20,20,2026,1,#NE
8511,8511,8,20,13,2026,1,#NE
8512,8512,8,5,2,2026,1,#NE
8513,8513,8,5,2,2026,1,#NE
8514,8514,8,12,9,2026,1,#NE
8515,8515,8,5,6,2026,1,#NE
8516,8516,8,5,6,2026,1,#NE
8517,8517,8,5,6,2026,1,#NE
8518,8518,8,5,6,2026,1,#NE
8519,8519,9,5,8,2026,1,#NE
8520,8520,8,20,13,2026,1,#NE
8521,8521,8,20,13,2026,1,#NE
8522,8522,8,20,13,2026,1,#NE
8523,8523,8,20,13,2026,1,#NE
8524,8524,8,20,13,2026,1,#NE
8525,8525,8,5,6,2026,1,#NE
8526,8526,8,5,6,2026,1,#NE
8527,8527,8,5,6,2026,1,#NE
8528,8528,8,5,6,2026,1,#NE
8529,8529,9,5,1,2026,1,#NE
8530,8530,9,5,4,2026,1,#NE
8531,8531,9,5,4,2026,1,#NE
8532,8532,8,20,24,2026,1,#NE
8533,8533,8,12,20,2026,1,#NE
8534,8534,8,5,6,2026,1,#NE
8535,8535,8,5,14,2026,1,#NE
8536,8536,9,5,4,2026,1,#NE
8537,8537,9,5,4,2026,1,#NE
8538,8538,9,5,4,2026,1,#NE
8539,8539,9,5,4,2026,1,#NE
8540,8540,9,5,21,2026,1,#NE
8541,8541,8,20,24,2026,1,#NE
8542,8542,8,20,24,2026,1,#NE
8543,8543,8,12,20,2026,1,#NE
8544,8544,8,12,2,2026,1,#NE
8545,8545,8,5,14,2026,1,#NE
8546,8546,8,5,14,2026,1,#NE
8547,8547,9,5,21,2026,1,#NE
8548,8548,8,20,24,2026,1,#NE
8549,8549,8,12,2,2026,1,#NE
8550,8550,8,12,2,2026,1,#NE
8551,8551,8,5,14,2026,1,#NE
8552,8552,8,5,13,2026,1,#NE
8553,8553,8,5,13,2026,1,#NE
8554,8554,8,5,13,2026,1,#NE
8555,8555,8,5,13,2026,1,#NE
8556,8556,8,20,2,2026,1,#NE
8557,8557,8,5,20,2026,1,#NE
8558,8558,8,5,20,2026,1,#NE
8559,8559,9,5,21,2026,1,#NE
8560,8560,9,5,21,2026,1,#NE
8561,8561,9,5,21,2026,1,#NE
8562,8562,8,12,2,2026,1,#NE
8563,8563,8,12,2,2026,1,#NE
8564,8564,8,12,2,2026,1,#NE
8565,8565,8,5,20,2026,1,#NE
8566,8566,8,20,19,2026,1,#NE
8567,8567,8,12,2,2026,1,#NE
8568,8568,8,5,7,2026,1,#NE
8569,8569,8,5,7,2026,1,#NE
8570,8570,8,20,19,2026,1,#NE
8571,8571,8,20,19,2026,1,#NE
8572,8572,8,20,19,2026,1,#NE
8573,8573,8,20,19,2026,1,#NE
8574,8574,8,20,19,2026,1,#NE
8575,8575,8,12,30,2026,1,#NE
8576,8576,8,12,13,2026,1,#NE
8577,8577,8,12,13,2026,1,#NE
8578,8578,8,12,13,2026,1,#NE
8579,8579,9,5,21,2026,1,#NE
8580,8580,8,20,19,2026,1,#NE
8581,8581,8,20,19,2026,1,#NE
8582,8582,8,22,9,2026,1,#NE
8583,8583,8,12,13,2026,1,#NE
8584,8584,8,5,19,2026,1,#NE
8585,8585,8,5,19,2026,1,#NE
8586,8586,9,5,2,2026,1,#NE
8587,8587,8,22,27,2026,1,#NE
8588,8588,8,22,17,2026,1,#NE
8589,8589,8,12,13,2026,1,#NE
8590,8590,8,12,13,2026,1,#NE
8591,8591,8,5,29,2026,1,#NE
8592,8592,9,5,2,2026,1,#NE
8593,8593,8,22,15,2026,1,#NE
8594,8594,8,22,15,2026,1,#NE
8595,8595,8,22,15,2026,1,#NE
8596,8596,8,5,16,2026,1,#NE
8597,8597,8,5,16,2026,1,#NE
8598,8598,9,5,2,2026,1,#NE
8599,8599,9,5,2,2026,1,#NE
8600,8600,9,5,2,2026,1,#NE
8601,8601,9,5,2,2026,1,#NE
8602,8602,8,22,19,2026,1,#NE
8603,8603,8,22,19,2026,1,#NE
8604,8604,8,22,22,2026,1,#NE
8605,8605,8,5,16,2026,1,#NE
8606,8606,8,5,9,2026,1,#NE
8607,8607,8,22,13,2026,1,#NE
8608,8608,8,22,4,2026,1,#NE
8609,8609,8,22,4,2026,1,#NE
8610,8610,8,22,4,2026,1,#NE
8611,8611,8,5,9,2026,1,#NE
8612,8612,8,5,9,2026,1,#NE
8613,8613,8,22,24,2026,1,#NE
8614,8614,8,22,24,2026,1,#NE
8615,8615,8,5,4,2026,1,#NE
8616,8616,8,22,24,2026,1,#NE
8617,8617,8,22,20,2026,1,#NE
8618,8618,8,5,24,2026,1,#NE
8619,8619,8,5,24,2026,1,#NE
8620,8620,8,22,20,2026,1,#NE
8621,8621,8,22,20,2026,1,#NE
8622,8622,8,22,29,2026,1,#NE
8623,8623,8,5,25,2026,1,#NE
8624,8624,8,5,25,2026,1,#NE
8625,8625,8,5,25,2026,1,#NE
8626,8626,9,10,21,2026,1,#NE
8627,8627,9,10,21,2026,1,#NE
8628,8628,8,5,24,2026,1,#NE
8629,8629,8,5,21,2026,1,#NE
8630,8630,8,5,21,2026,1,#NE
8631,8631,8,5,3,2026,1,#NE
8632,8632,8,5,21,2026,1,#NE
8633,8633,9,10,21,2026,1,#NE
8634,8634,9,10,21,2026,1,#NE
8635,8635,9,10,21,2026,1,#NE
8636,8636,9,10,9,2026,1,#NE
8637,8637,9,10,9,2026,1,#NE
8638,8638,9,10,9,2026,1,#NE
8639,8639,8,12,13,2026,1,#NE
8640,8640,8,12,13,2026,1,#NE
8641,8641,8,12,17,2026,1,#NE
8642,8642,9,5,24,2026,1,#NE
8643,8643,9,5,11,2026,1,#NE
8644,8644,9,5,24,2026,1,#NE
8645,8645,9,5,11,2026,1,#NE
8646,8646,8,12,28,2026,1,#NE
8647,8647,8,12,17,2026,1,#NE
8648,8648,9,5,24,2026,1,#NE
8649,8649,9,10,9,2026,1,#NE
8650,8650,9,10,8,2026,1,#NE
8651,8651,9,10,8,2026,1,#NE
8652,8652,9,10,8,2026,1,#NE
8653,8653,9,10,8,2026,1,#NE
8654,8654,9,10,8,2026,1,#NE
8655,8655,8,12,17,2026,1,#NE
8656,8656,8,12,17,2026,1,#NE
8657,8657,8,12,17,2026,1,#NE
8658,8658,9,5,24,2026,1,#NE
8659,8659,9,10,8,2026,1,#NE
8660,8660,9,10,8,2026,1,#NE
8661,8661,9,10,8,2026,1,#NE
8662,8662,9,10,20,2026,1,#NE
8663,8663,8,12,28,2026,1,#NE
8664,8664,8,12,28,2026,1,#NE
8665,8665,9,5,27,2026,1,#NE
8666,8666,9,10,20,2026,1,#NE
8667,8667,9,10,29,2026,1,#NE
8668,8668,9,10,29,2026,1,#NE
8669,8669,8,12,14,2026,1,#NE
8670,8670,8,12,14,2026,1,#NE
8671,8671,8,12,14,2026,1,#NE
8672,8672,9,10,29,2026,1,#NE
8673,8673,9,10,29,2026,1,#NE
8674,8674,9,10,5,2026,1,#NE
8675,8675,8,12,14,2026,1,#NE
8676,8676,9,5,27,2026,1,#NE
8677,8677,9,5,27,2026,1,#NE
8678,8678,9,5,27,2026,1,#NE
8679,8679,9,10,5,2026,1,#NE
8680,8680,9,10,5,2026,1,#NE
8681,8681,9,10,5,2026,1,#NE
8682,8682,9,10,1,2026,1,#NE
8683,8683,8,12,14,2026,1,#NE
8684,8684,8,12,14,2026,1,#NE
8685,8685,8,12,14,2026,1,#NE
8686,8686,8,12,14,2026,1,#NE
8687,8687,9,5,27,2026,1,#NE
8688,8688,9,5,27,2026,1,#NE
8689,8689,9,10,1,2026,1,#NE
8690,8690,9,10,1,2026,1,#NE
8691,8691,8,12,21,2026,1,#NE
8692,8692,9,5,27,2026,1,#NE
8693,8693,9,5,27,2026,1,#NE
8694,8694,9,10,1,2026,1,#NE
8695,8695,9,10,1,2026,1,#NE
8696,8696,9,10,1,2026,1,#NE
8697,8697,9,10,1,2026,1,#NE
8698,8698,9,10,1,2026,1,#NE
8699,8699,8,12,21,2026,1,#NE
8700,8700,9,5,20,2026,1,#NE
8701,8701,9,5,20,2026,1,#NE
8702,8702,8,12,21,2026,1,#NE
8703,8703,9,5,20,2026,1,#NE
8704,8704,9,5,20,2026,1,#NE
8705,8705,9,5,6,2026,1,#NE
8706,8706,9,5,6,2026,1,#NE
8707,8707,8,12,15,2026,1,#NE
8708,8708,9,5,6,2026,1,#NE
8709,8709,9,5,6,2026,1,#NE
8710,8710,8,12,15,2026,1,#NE
8711,8711,9,5,6,2026,1,#NE
8712,8712,9,5,6,2026,1,#NE
8713,8713,9,5,6,2026,1,#NE
8714,8714,9,10,24,2026,1,#NE
8715,8715,8,12,15,2026,1,#NE
8716,8716,8,12,15,2026,1,#NE
8717,8717,9,5,6,2026,1,#NE
8718,8718,9,10,11,2026,1,#NE
8719,8719,9,10,24,2026,1,#NE
8720,8720,9,10,25,2026,1,#NE
8721,8721,8,12,26,2026,1,#NE
8722,8722,8,12,22,2026,1,#NE
8723,8723,9,10,6,2026,1,#NE
8724,8724,9,5,13,2026,1,#NE
8725,8725,9,5,13,2026,1,#NE
8726,8726,9,10,27,2026,1,#NE
8727,8727,8,12,26,2026,1,#NE
8728,8728,9,5,13,2026,1,#NE
8729,8729,9,5,13,2026,1,#NE
8730,8730,9,10,27,2026,1,#NE
8731,8731,9,10,27,2026,1,#NE
8732,8732,9,10,27,2026,1,#NE
8733,8733,8,12,24,2026,1,#NE
8734,8734,8,12,24,2026,1,#NE
8735,8735,8,12,25,2026,1,#NE
8736,8736,9,5,13,2026,1,#NE
8737,8737,9,5,29,2026,1,#NE
8738,8738,9,10,6,2026,1,#NE
8739,8739,8,12,25,2026,1,#NE
8740,8740,9,5,29,2026,1,#NE
8741,8741,9,5,29,2026,1,#NE
8742,8742,9,5,16,2026,1,#NE
8743,8743,9,5,16,2026,1,#NE
8744,8744,9,5,29,2026,1,#NE
8745,8745,9,5,29,2026,1,#NE
8746,8746,8,12,24,2026,1,#NE
8747,8747,8,12,24,2026,1,#NE
8748,8748,8,5,21,2026,1,#NE
8749,8749,9,5,29,2026,1,#NE
8750,8750,9,10,17,2026,1,#NE
8751,8751,9,22,2,2026,1,#NE
8752,8752,9,5,29,2026,1,#NE
8753,8753,9,10,28,2026,1,#NE
8754,8754,9,10,28,2026,1,#NE
8755,8755,9,10,14,2026,1,#NE
8756,8756,8,12,16,2026,1,#NE
8757,8757,8,12,16,2026,1,#NE
8758,8758,9,22,9,2026,1,#NE
8759,8759,9,22,9,2026,1,#NE
8760,8760,9,5,29,2026,1,#NE
8761,8761,9,5,19,2026,1,#NE
8762,8762,9,5,19,2026,1,#NE
8763,8763,9,10,17,2026,1,#NE
8764,8764,9,22,22,2026,1,#NE
8765,8765,9,22,19,2026,1,#NE
8766,8766,9,22,6,2026,1,#NE
8767,8767,9,10,14,2026,1,#NE
8768,8768,9,10,14,2026,1,#NE
8769,8769,9,22,6,2026,1,#NE
8770,8770,9,22,6,2026,1,#NE
8771,8771,9,10,22,2026,1,#NE
8772,8772,9,10,22,2026,1,#NE
8773,8773,9,22,6,2026,1,#NE
8774,8774,9,22,17,2026,1,#NE
8775,8775,9,10,26,2026,1,#NE
8776,8776,9,10,22,2026,1,#NE
8777,8777,9,10,15,2026,1,#NE
8778,8778,9,22,17,2026,1,#NE
8779,8779,9,22,17,2026,1,#NE
8780,8780,9,22,17,2026,1,#NE
8781,8781,9,10,15,2026,1,#NE
8782,8782,9,22,27,2026,1,#NE
8783,8783,9,22,24,2026,1,#NE
8784,8784,9,10,15,2026,1,#NE
8785,8785,9,10,15,2026,1,#NE
8786,8786,9,22,24,2026,1,#NE
8787,8787,9,22,11,2026,1,#NE
8788,8788,9,22,8,2026,1,#NE
8789,8789,9,10,19,2026,1,#NE
8790,8790,9,10,19,2026,1,#NE
8791,8791,8,12,29,2026,1,#NE
8792,8792,8,12,29,2026,1,#NE
8793,8793,9,22,15,2026,1,#NE
8794,8794,9,22,15,2026,1,#NE
8795,8795,9,5,19,2026,1,#NE
8796,8796,9,5,19,2026,1,#NE
8797,8797,9,12,11,2026,1,#NE
8798,8798,9,22,20,2026,1,#NE
8799,8799,9,5,14,2026,1,#NE
8800,8800,9,5,14,2026,1,#NE
8801,8801,9,5,14,2026,1,#NE
8802,8802,9,12,24,2026,1,#NE
8803,8803,8,12,29,2026,1,#NE
8804,8804,8,12,16,2026,1,#NE
8805,8805,9,22,15,2026,1,#NE
8806,8806,9,22,20,2026,1,#NE
8807,8807,9,12,24,2026,1,#NE
8808,8808,9,22,14,2026,1,#NE
8809,8809,9,5,14,2026,1,#NE
8810,8810,9,5,14,2026,1,#NE
8811,8811,9,5,14,2026,1,#NE
8812,8812,9,12,25,2026,1,#NE
8813,8813,9,12,25,2026,1,#NE
8814,8814,8,12,27,2026,1,#NE
8815,8815,9,22,16,2026,1,#NE
8816,8816,9,12,5,2026,1,#NE
8817,8817,3,5,29,2026,1,#NE
8818,8818,3,5,12,2026,1,#NE
8819,8819,9,18,6,2026,1,#NE
8820,8820,9,12,5,2026,1,#NE
8821,8821,8,12,27,2026,1,#NE
8822,8822,8,7,22,2026,1,#NE
8823,8823,8,7,22,2026,1,#NE
8824,8824,9,18,6,2026,1,#NE
8825,8825,9,12,5,2026,1,#NE
8826,8826,9,12,27,2026,1,#NE
8827,8827,9,12,27,2026,1,#NE
8828,8828,9,12,10,2026,1,#NE
8829,8829,8,12,4,2026,1,#NE
8830,8830,8,12,4,2026,1,#NE
8831,8831,9,13,24,2026,1,#NE
8832,8832,8,7,27,2026,1,#NE
8833,8833,9,12,27,2026,1,#NE
8834,8834,8,7,20,2026,1,#NE
8835,8835,9,12,10,2026,1,#NE
8836,8836,9,12,26,2026,1,#NE
8837,8837,8,7,8,2026,1,#NE
8838,8838,9,18,24,2026,1,#NE
8839,8839,9,12,22,2026,1,#NE
8840,8840,9,12,22,2026,1,#NE
8841,8841,9,12,26,2026,1,#NE
8842,8842,9,13,17,2026,1,#NE
8843,8843,8,7,19,2026,1,#NE
8844,8844,8,7,4,2026,1,#NE
8845,8845,8,7,21,2026,1,#NE
8846,8846,8,7,21,2026,1,#NE
8847,8847,9,18,21,2026,1,#NE
8848,8848,9,12,26,2026,1,#NE
8849,8849,9,12,26,2026,1,#NE
8850,8850,9,12,26,2026,1,#NE
8851,8851,9,13,27,2026,1,#NE
8852,8852,9,18,14,2026,1,#NE
8853,8853,9,18,14,2026,1,#NE
8854,8854,9,12,22,2026,1,#NE
8855,8855,9,12,14,2026,1,#NE
8856,8856,9,13,27,2026,1,#NE
8857,8857,9,13,27,2026,1,#NE
8858,8858,9,13,22,2026,1,#NE
8859,8859,8,7,6,2026,1,#NE
8860,8860,8,7,6,2026,1,#NE
8861,8861,8,7,6,2026,1,#NE
8862,8862,8,7,6,2026,1,#NE
8863,8863,9,18,20,2026,1,#NE
8864,8864,9,18,20,2026,1,#NE
8865,8865,9,12,14,2026,1,#NE
8866,8866,9,13,22,2026,1,#NE
8867,8867,8,7,9,2026,1,#NE
8868,8868,9,18,16,2026,1,#NE
8869,8869,9,18,16,2026,1,#NE
8870,8870,9,12,14,2026,1,#NE
8871,8871,9,12,14,2026,1,#NE
8872,8872,8,7,28,2026,1,#NE
8873,8873,8,7,28,2026,1,#NE
8874,8874,9,12,14,2026,1,#NE
8875,8875,9,12,14,2026,1,#NE
8876,8876,8,7,13,2026,1,#NE
8877,8877,8,7,13,2026,1,#NE
8878,8878,9,18,16,2026,1,#NE
8879,8879,9,12,14,2026,1,#NE
8880,8880,9,12,14,2026,1,#NE
8881,8881,9,13,13,2026,1,#NE
8882,8882,3,11,24,2026,1,#NE
8883,8883,10,8,22,2026,1,#NE
8884,8884,9,13,2,2026,1,#NE
8885,8885,9,13,2,2026,1,#NE
8886,8886,9,13,2,2026,1,#NE
8887,8887,10,8,22,2026,1,#NE
8888,8888,10,8,22,2026,1,#NE
8889,8889,10,8,22,2026,1,#NE
8890,8890,9,12,20,2026,1,#NE
8891,8891,9,13,29,2026,1,#NE
8892,8892,9,13,29,2026,1,#NE
8893,8893,9,13,29,2026,1,#NE
8894,8894,8,7,24,2026,1,#NE
8895,8895,9,12,13,2026,1,#NE
8896,8896,9,12,20,2026,1,#NE
8897,8897,9,13,21,2026,1,#NE
8898,8898,10,8,7,2026,1,#NE
8899,8899,9,12,13,2026,1,#NE
8900,8900,9,12,13,2026,1,#NE
8901,8901,9,12,13,2026,1,#NE
8902,8902,9,13,21,2026,1,#NE
8903,8903,8,7,29,2026,1,#NE
8904,8904,10,8,7,2026,1,#NE
8905,8905,10,8,4,2026,1,#NE
8906,8906,9,12,13,2026,1,#NE
8907,8907,9,12,13,2026,1,#NE
8908,8908,8,7,29,2026,1,#NE
8909,8909,8,7,2,2026,1,#NE
8910,8910,10,8,4,2026,1,#NE
8911,8911,10,8,4,2026,1,#NE
8912,8912,9,13,21,2026,1,#NE
8913,8913,9,13,21,2026,1,#NE
8914,8914,10,8,5,2026,1,#NE
8915,8915,10,8,5,2026,1,#NE
8916,8916,10,8,5,2026,1,#NE
8917,8917,9,12,13,2026,1,#NE
8918,8918,9,12,6,2026,1,#NE
8919,8919,9,13,9,2026,1,#NE
8920,8920,9,13,9,2026,1,#NE
8921,8921,9,13,9,2026,1,#NE
8922,8922,9,13,9,2026,1,#NE
8923,8923,8,14,1,2026,1,#NE
8924,8924,8,14,1,2026,1,#NE
8925,8925,10,8,5,2026,1,#NE
8926,8926,10,8,5,2026,1,#NE
8927,8927,10,8,19,2026,1,#NE
8928,8928,9,12,6,2026,1,#NE
8929,8929,9,12,6,2026,1,#NE
8930,8930,9,12,6,2026,1,#NE
8931,8931,9,13,4,2026,1,#NE
8932,8932,8,14,7,2026,1,#NE
8933,8933,8,14,14,2026,1,#NE
8934,8934,10,8,19,2026,1,#NE
8935,8935,10,8,13,2026,1,#NE
8936,8936,9,12,6,2026,1,#NE
8937,8937,9,13,6,2026,1,#NE
8938,8938,8,14,5,2026,1,#NE
8939,8939,8,14,20,2026,1,#NE
8940,8940,8,14,25,2026,1,#NE
8941,8941,10,8,13,2026,1,#NE
8942,8942,10,8,13,2026,1,#NE
8943,8943,10,8,13,2026,1,#NE
8944,8944,9,12,6,2026,1,#NE
8945,8945,9,12,16,2026,1,#NE
8946,8946,9,12,29,2026,1,#NE
8947,8947,9,25,6,2026,1,#NE
8948,8948,8,14,24,2026,1,#NE
8949,8949,10,8,13,2026,1,#NE
8950,8950,10,8,27,2026,1,#NE
8951,8951,9,12,29,2026,1,#NE
8952,8952,9,25,6,2026,1,#NE
8953,8953,8,14,13,2026,1,#NE
8954,8954,8,14,29,2026,1,#NE
8955,8955,8,14,21,2026,1,#NE
8956,8956,10,8,27,2026,1,#NE
8957,8957,10,8,27,2026,1,#NE
8958,8958,9,12,29,2026,1,#NE
8959,8959,9,12,16,2026,1,#NE
8960,8960,9,12,16,2026,1,#NE
8961,8961,9,12,16,2026,1,#NE
8962,8962,9,12,29,2026,1,#NE
8963,8963,9,25,24,2026,1,#NE
8964,8964,9,25,24,2026,1,#NE
8965,8965,9,25,24,2026,1,#NE
8966,8966,9,25,24,2026,1,#NE
8967,8967,8,14,21,2026,1,#NE
8968,8968,8,14,21,2026,1,#NE
8969,8969,8,14,17,2026,1,#NE
8970,8970,10,8,24,2026,1,#NE
8971,8971,10,8,25,2026,1,#NE
8972,8972,9,12,29,2026,1,#NE
8973,8973,9,12,29,2026,1,#NE
8974,8974,9,25,24,2026,1,#NE
8975,8975,8,14,27,2026,1,#NE
8976,8976,10,8,14,2026,1,#NE
8977,8977,9,12,19,2026,1,#NE
8978,8978,9,25,16,2026,1,#NE
8979,8979,8,14,9,2026,1,#NE
8980,8980,10,8,14,2026,1,#NE
8981,8981,10,8,21,2026,1,#NE
8982,8982,9,25,16,2026,1,#NE
8983,8983,9,25,29,2026,1,#NE
8984,8984,8,21,7,2026,1,#NE
8985,8985,8,21,30,2026,1,#NE
8986,8986,8,21,22,2026,1,#NE
8987,8987,10,8,21,2026,1,#NE
8988,8988,9,12,19,2026,1,#NE
8989,8989,9,12,16,2026,1,#NE
8990,8990,9,25,16,2026,1,#NE
8991,8991,9,25,13,2026,1,#NE
8992,8992,8,21,22,2026,1,#NE
8993,8993,8,21,25,2026,1,#NE
8994,8994,10,8,21,2026,1,#NE
8995,8995,10,8,20,2026,1,#NE
8996,8996,9,12,19,2026,1,#NE
8997,8997,9,12,19,2026,1,#NE
8998,8998,9,12,19,2026,1,#NE
8999,8999,10,8,20,2026,1,#NE
9000,9000,9,12,17,2026,1,#NE
9001,9001,9,25,13,2026,1,#NE
9002,9002,8,21,29,2026,1,#NE
9003,9003,8,21,16,2026,1,#NE
9004,9004,8,21,17,2026,1,#NE
9005,9005,8,21,8,2026,1,#NE
9006,9006,9,12,17,2026,1,#NE
9007,9007,9,12,17,2026,1,#NE
9008,9008,8,21,4,2026,1,#NE
9009,9009,8,21,13,2026,1,#NE
9010,9010,9,25,7,2026,1,#NE
9011,9011,9,25,14,2026,1,#NE
9012,9012,9,23,6,2026,1,#NE
9013,9013,10,8,15,2026,1,#NE
9014,9014,10,8,15,2026,1,#NE
9015,9015,9,12,28,2026,1,#NE
9016,9016,9,25,14,2026,1,#NE
9017,9017,9,25,14,2026,1,#NE
9018,9018,9,25,14,2026,1,#NE
9019,9019,9,25,14,2026,1,#NE
9020,9020,9,23,6,2026,1,#NE
9021,9021,9,23,6,2026,1,#NE
9022,9022,10,8,15,2026,1,#NE
9023,9023,9,12,9,2026,1,#NE
9024,9024,9,12,9,2026,1,#NE
9025,9025,9,23,9,2026,1,#NE
9026,9026,10,8,16,2026,1,#NE
9027,9027,10,8,16,2026,1,#NE
9028,9028,9,23,15,2026,1,#NE
9029,9029,9,12,9,2026,1,#NE
9030,9030,9,25,20,2026,1,#NE
9031,9031,9,23,15,2026,1,#NE
9032,9032,10,8,2,2026,1,#NE
9033,9033,10,8,2,2026,1,#NE
9034,9034,10,8,2,2026,1,#NE
9035,9035,10,8,2,2026,1,#NE
9036,9036,9,12,9,2026,1,#NE
9037,9037,9,12,9,2026,1,#NE
9038,9038,9,25,20,2026,1,#NE
9039,9039,9,25,20,2026,1,#NE
9040,9040,9,25,15,2026,1,#NE
9041,9041,9,23,21,2026,1,#NE
9042,9042,9,12,15,2026,1,#NE
9043,9043,9,12,15,2026,1,#NE
9044,9044,9,25,15,2026,1,#NE
9045,9045,9,23,21,2026,1,#NE
9046,9046,9,23,21,2026,1,#NE
9047,9047,9,23,21,2026,1,#NE
9048,9048,9,23,14,2026,1,#NE
9049,9049,10,8,8,2026,1,#NE
9050,9050,10,8,8,2026,1,#NE
9051,9051,10,8,8,2026,1,#NE
9052,9052,9,12,15,2026,1,#NE
9053,9053,9,12,15,2026,1,#NE
9054,9054,9,25,15,2026,1,#NE
9055,9055,9,23,14,2026,1,#NE
9056,9056,9,23,14,2026,1,#NE
9057,9057,9,23,14,2026,1,#NE
9058,9058,9,23,14,2026,1,#NE
9059,9059,10,8,28,2026,1,#NE
9060,9060,9,12,15,2026,1,#NE
9061,9061,9,12,15,2026,1,#NE
9062,9062,9,12,15,2026,1,#NE
9063,9063,9,12,15,2026,1,#NE
9064,9064,9,12,15,2026,1,#NE
9065,9065,9,12,15,2026,1,#NE
9066,9066,9,25,22,2026,1,#NE
9067,9067,9,23,14,2026,1,#NE
9068,9068,9,23,27,2026,1,#NE
9069,9069,10,8,28,2026,1,#NE
9070,9070,10,8,28,2026,1,#NE
9071,9071,10,8,28,2026,1,#NE
9072,9072,10,8,17,2026,1,#NE
9073,9073,10,8,17,2026,1,#NE
9074,9074,10,8,6,2026,1,#NE
9075,9075,10,8,6,2026,1,#NE
9076,9076,9,12,15,2026,1,#NE
9077,9077,9,12,15,2026,1,#NE
9078,9078,9,12,15,2026,1,#NE
9079,9079,9,12,15,2026,1,#NE
9080,9080,9,25,22,2026,1,#NE
9081,9081,9,25,22,2026,1,#NE
9082,9082,9,25,22,2026,1,#NE
9083,9083,9,25,22,2026,1,#NE
9084,9084,9,25,22,2026,1,#NE
9085,9085,9,25,28,2026,1,#NE
9086,9086,9,23,27,2026,1,#NE
9087,9087,9,23,27,2026,1,#NE
9088,9088,9,23,16,2026,1,#NE
9089,9089,9,12,15,2026,1,#NE
9090,9090,9,12,15,2026,1,#NE
9091,9091,9,12,15,2026,1,#NE
9092,9092,9,25,9,2026,1,#NE
9093,9093,9,23,29,2026,1,#NE
9094,9094,9,12,15,2026,1,#NE
9095,9095,9,12,1,2026,1,#NE
9096,9096,9,23,13,2026,1,#NE
9097,9097,9,23,13,2026,1,#NE
9098,9098,9,12,1,2026,1,#NE
9099,9099,9,12,1,2026,1,#NE
9100,9100,9,12,1,2026,1,#NE
9101,9101,9,12,1,2026,1,#NE
9102,9102,9,12,1,2026,1,#NE
9103,9103,9,23,25,2026,1,#NE
9104,9104,9,12,1,2026,1,#NE
9105,9105,9,12,1,2026,1,#NE
9106,9106,9,12,1,2026,1,#NE
9107,9107,9,23,1,2026,1,#NE
9108,9108,9,23,1,2026,1,#NE
9109,9109,9,23,1,2026,1,#NE
9110,9110,9,23,24,2026,1,#NE
9111,9111,9,23,25,2026,1,#NE
9112,9112,9,25,9,2026,1,#NE
9113,9113,9,25,9,2026,1,#NE
9114,9114,9,25,9,2026,1,#NE
9115,9115,9,25,9,2026,1,#NE
9116,9116,9,25,17,2026,1,#NE
9117,9117,9,23,24,2026,1,#NE
9118,9118,9,23,24,2026,1,#NE
9119,9119,9,23,1,2026,1,#NE
9120,9120,8,1,29,2026,1,#NE
9121,9121,8,1,29,2026,1,#NE
9122,9122,9,12,2,2026,1,#NE
9123,9123,9,12,2,2026,1,#NE
9124,9124,9,12,2,2026,1,#NE
9125,9125,9,25,17,2026,1,#NE
9126,9126,9,25,17,2026,1,#NE
9127,9127,9,25,17,2026,1,#NE
9128,9128,9,23,1,2026,1,#NE
9129,9129,3,3,8,2026,1,#NE
9130,9130,8,1,22,2026,1,#NE
9131,9131,8,1,11,2026,1,#NE
9132,9132,8,1,24,2026,1,#NE
9133,9133,8,1,25,2026,1,#NE
9134,9134,9,12,2,2026,1,#NE
9135,9135,9,12,2,2026,1,#NE
9136,9136,9,25,21,2026,1,#NE
9137,9137,8,13,21,2026,1,#NE
9138,9138,8,13,21,2026,1,#NE
9139,9139,8,13,14,2026,1,#NE
9140,9140,9,12,2,2026,1,#NE
9141,9141,9,12,2,2026,1,#NE
9142,9142,9,25,21,2026,1,#NE
9143,9143,9,25,21,2026,1,#NE
9144,9144,9,25,2,2026,1,#NE
9145,9145,8,13,13,2026,1,#NE
9146,9146,8,1,27,2026,1,#NE
9147,9147,9,25,27,2026,1,#NE
9148,9148,8,13,13,2026,1,#NE
9149,9149,8,13,7,2026,1,#NE
9150,9150,8,13,12,2026,1,#NE
9151,9151,8,1,9,2026,1,#NE
9152,9152,8,1,21,2026,1,#NE
9153,9153,8,1,15,2026,1,#NE
9154,9154,8,1,15,2026,1,#NE
9155,9155,9,25,27,2026,1,#NE
9156,9156,9,25,27,2026,1,#NE
9157,9157,8,13,24,2026,1,#NE
9158,9158,8,15,13,2026,1,#NE
9159,9159,9,12,21,2026,1,#NE
9160,9160,3,10,12,2026,1,#NE
9161,9161,8,13,1,2026,1,#NE
9162,9162,9,12,8,2026,1,#NE
9163,9163,9,12,8,2026,1,#NE
9164,9164,8,13,9,2026,1,#NE
9165,9165,8,13,9,2026,1,#NE
9166,9166,8,13,17,2026,1,#NE
9167,9167,8,15,19,2026,1,#NE
9168,9168,8,13,4,2026,1,#NE
9169,9169,8,13,4,2026,1,#NE
9170,9170,8,15,19,2026,1,#NE
9171,9171,8,15,9,2026,1,#NE
9172,9172,8,15,9,2026,1,#NE
9173,9173,8,15,9,2026,1,#NE
9174,9174,8,15,9,2026,1,#NE
9175,9175,9,12,8,2026,1,#NE
9176,9176,8,24,6,2026,1,#NE
9177,9177,8,24,6,2026,1,#NE
9178,9178,9,14,21,2026,1,#NE
9179,9179,8,15,6,2026,1,#NE
9180,9180,9,12,8,2026,1,#NE
9181,9181,8,24,6,2026,1,#NE
9182,9182,8,24,7,2026,1,#NE
9183,9183,9,14,21,2026,1,#NE
9184,9184,9,14,3,2026,1,#NE
9185,9185,9,14,21,2026,1,#NE
9186,9186,9,15,2,2026,1,#NE
9187,9187,9,15,2,2026,1,#NE
9188,9188,9,15,2,2026,1,#NE
9189,9189,9,15,2,2026,1,#NE
9190,9190,9,15,2,2026,1,#NE
9191,9191,9,15,2,2026,1,#NE
9192,9192,9,14,21,2026,1,#NE
9193,9193,9,14,21,2026,1,#NE
9194,9194,9,14,15,2026,1,#NE
9195,9195,9,14,15,2026,1,#NE
9196,9196,9,14,15,2026,1,#NE
9197,9197,9,14,15,2026,1,#NE
9198,9198,9,15,17,2026,1,#NE
9199,9199,8,15,28,2026,1,#NE
9200,9200,8,15,28,2026,1,#NE
9201,9201,8,15,17,2026,1,#NE
9202,9202,8,15,28,2026,1,#NE
9203,9203,8,15,17,2026,1,#NE
9204,9204,9,15,13,2026,1,#NE
9205,9205,9,14,14,2026,1,#NE
9206,9206,9,14,14,2026,1,#NE
9207,9207,9,14,20,2026,1,#NE
9208,9208,9,14,20,2026,1,#NE
9209,9209,8,15,28,2026,1,#NE
9210,9210,8,15,2,2026,1,#NE
9211,9211,9,15,25,2026,1,#NE
9212,9212,8,24,9,2026,1,#NE
9213,9213,8,24,9,2026,1,#NE
9214,9214,9,14,20,2026,1,#NE
9215,9215,9,14,20,2026,1,#NE
9216,9216,8,15,16,2026,1,#NE
9217,9217,8,15,29,2026,1,#NE
9218,9218,9,15,24,2026,1,#NE
9219,9219,9,15,24,2026,1,#NE
9220,9220,9,15,24,2026,1,#NE
9221,9221,8,24,22,2026,1,#NE
9222,9222,8,24,22,2026,1,#NE
9223,9223,8,24,22,2026,1,#NE
9224,9224,9,14,25,2026,1,#NE
9225,9225,9,14,24,2026,1,#NE
9226,9226,8,15,14,2026,1,#NE
9227,9227,8,24,2,2026,1,#NE
9228,9228,8,15,20,2026,1,#NE
9229,9229,9,15,24,2026,1,#NE
9230,9230,9,15,6,2026,1,#NE
9231,9231,9,15,6,2026,1,#NE
9232,9232,8,24,2,2026,1,#NE
9233,9233,9,14,1,2026,1,#NE
9234,9234,9,14,9,2026,1,#NE
9235,9235,9,15,6,2026,1,#NE
9236,9236,9,15,6,2026,1,#NE
9237,9237,9,15,15,2026,1,#NE
9238,9238,9,15,15,2026,1,#NE
9239,9239,9,14,13,2026,1,#NE
9240,9240,8,15,20,2026,1,#NE
9241,9241,8,15,15,2026,1,#NE
9242,9242,9,15,15,2026,1,#NE
9243,9243,8,24,28,2026,1,#NE
9244,9244,8,24,28,2026,1,#NE
9245,9245,9,14,27,2026,1,#NE
9246,9246,8,15,15,2026,1,#NE
9247,9247,8,15,15,2026,1,#NE
9248,9248,8,15,15,2026,1,#NE
9249,9249,8,15,15,2026,1,#NE
9250,9250,8,15,27,2026,1,#NE
9251,9251,9,15,15,2026,1,#NE
9252,9252,9,15,22,2026,1,#NE
9253,9253,8,24,15,2026,1,#NE
9254,9254,8,24,15,2026,1,#NE
9255,9255,8,24,15,2026,1,#NE
9256,9256,9,14,27,2026,1,#NE
9257,9257,9,14,29,2026,1,#NE
9258,9258,8,15,27,2026,1,#NE
9259,9259,8,15,27,2026,1,#NE
9260,9260,8,15,27,2026,1,#NE
9261,9261,8,15,27,2026,1,#NE
9262,9262,9,15,22,2026,1,#NE
9263,9263,9,15,22,2026,1,#NE
9264,9264,9,15,26,2026,1,#NE
9265,9265,9,15,22,2026,1,#NE
9266,9266,8,24,15,2026,1,#NE
9267,9267,8,24,15,2026,1,#NE
9268,9268,9,14,6,2026,1,#NE
9269,9269,9,14,6,2026,1,#NE
9270,9270,9,14,6,2026,1,#NE
9271,9271,8,15,22,2026,1,#NE
9272,9272,8,15,26,2026,1,#NE
9273,9273,8,15,22,2026,1,#NE
9274,9274,9,15,27,2026,1,#NE
9275,9275,8,24,24,2026,1,#NE
9276,9276,8,24,24,2026,1,#NE
9277,9277,8,24,24,2026,1,#NE
9278,9278,8,24,24,2026,1,#NE
9279,9279,9,14,22,2026,1,#NE
9280,9280,8,15,22,2026,1,#NE
9281,9281,8,15,24,2026,1,#NE
9282,9282,9,15,27,2026,1,#NE
9283,9283,9,15,27,2026,1,#NE
9284,9284,9,15,27,2026,1,#NE
9285,9285,8,24,24,2026,1,#NE
9286,9286,8,24,24,2026,1,#NE
9287,9287,9,14,26,2026,1,#NE
9288,9288,9,14,26,2026,1,#NE
9289,9289,9,14,26,2026,1,#NE
9290,9290,9,14,22,2026,1,#NE
9291,9291,8,15,7,2026,1,#NE
9292,9292,8,15,7,2026,1,#NE
9293,9293,9,15,27,2026,1,#NE
9294,9294,9,15,27,2026,1,#NE
9295,9295,9,15,14,2026,1,#NE
9296,9296,8,24,14,2026,1,#NE
9297,9297,8,24,14,2026,1,#NE
9298,9298,8,24,14,2026,1,#NE
9299,9299,8,24,14,2026,1,#NE
9300,9300,8,16,22,2026,1,#NE
9301,9301,8,16,26,2026,1,#NE
9302,9302,8,16,4,2026,1,#NE
9303,9303,9,15,14,2026,1,#NE
9304,9304,9,15,14,2026,1,#NE
9305,9305,9,15,14,2026,1,#NE
9306,9306,9,15,14,2026,1,#NE
9307,9307,8,24,14,2026,1,#NE
9308,9308,8,16,4,2026,1,#NE
9309,9309,8,16,5,2026,1,#NE
9310,9310,8,16,5,2026,1,#NE
9311,9311,9,15,14,2026,1,#NE
9312,9312,9,15,14,2026,1,#NE
9313,9313,9,15,14,2026,1,#NE
9314,9314,8,24,19,2026,1,#NE
9315,9315,8,16,17,2026,1,#NE
9316,9316,9,15,4,2026,1,#NE
9317,9317,8,24,19,2026,1,#NE
9318,9318,8,24,16,2026,1,#NE
9319,9319,9,24,9,2026,1,#NE
9320,9320,9,24,9,2026,1,#NE
9321,9321,9,24,9,2026,1,#NE
9322,9322,9,24,9,2026,1,#NE
9323,9323,8,16,15,2026,1,#NE
9324,9324,9,15,9,2026,1,#NE
9325,9325,9,15,9,2026,1,#NE
9326,9326,8,24,16,2026,1,#NE
9327,9327,8,16,7,2026,1,#NE
9328,9328,9,15,21,2026,1,#NE
9329,9329,8,24,4,2026,1,#NE
9330,9330,8,24,4,2026,1,#NE
9331,9331,8,24,4,2026,1,#NE
9332,9332,8,24,21,2026,1,#NE
9333,9333,8,24,21,2026,1,#NE
9334,9334,8,16,9,2026,1,#NE
9335,9335,8,16,9,2026,1,#NE
9336,9336,8,16,9,2026,1,#NE
9337,9337,8,24,21,2026,1,#NE
9338,9338,8,24,21,2026,1,#NE
9339,9339,9,24,13,2026,1,#NE
9340,9340,9,24,13,2026,1,#NE
9341,9341,8,16,8,2026,1,#NE
9342,9342,8,16,24,2026,1,#NE
9343,9343,8,16,24,2026,1,#NE
9344,9344,9,15,20,2026,1,#NE
9345,9345,8,24,21,2026,1,#NE
9346,9346,8,24,20,2026,1,#NE
9347,9347,9,24,13,2026,1,#NE
9348,9348,9,24,13,2026,1,#NE
9349,9349,9,24,13,2026,1,#NE
9350,9350,8,16,24,2026,1,#NE
9351,9351,8,16,16,2026,1,#NE
9352,9352,8,16,16,2026,1,#NE
9353,9353,9,15,16,2026,1,#NE
9354,9354,9,15,16,2026,1,#NE
9355,9355,8,24,20,2026,1,#NE
9356,9356,8,24,20,2026,1,#NE
9357,9357,8,24,20,2026,1,#NE
9358,9358,9,24,11,2026,1,#NE
9359,9359,9,24,11,2026,1,#NE
9360,9360,8,24,20,2026,1,#NE
9361,9361,8,24,20,2026,1,#NE
9362,9362,8,24,20,2026,1,#NE
9363,9363,8,24,27,2026,1,#NE
9364,9364,9,24,24,2026,1,#NE
9365,9365,8,16,27,2026,1,#NE
9366,9366,8,16,27,2026,1,#NE
9367,9367,8,16,27,2026,1,#NE
9368,9368,8,16,27,2026,1,#NE
9369,9369,8,16,19,2026,1,#NE
9370,9370,8,24,27,2026,1,#NE
9371,9371,9,24,25,2026,1,#NE
9372,9372,9,24,24,2026,1,#NE
9373,9373,8,16,20,2026,1,#NE
9374,9374,8,16,20,2026,1,#NE
9375,9375,8,18,16,2026,1,#NE
9376,9376,8,18,20,2026,1,#NE
9377,9377,8,24,27,2026,1,#NE
9378,9378,9,24,27,2026,1,#NE
9379,9379,5,13,4,2026,1,#NE
9380,9380,5,13,14,2026,1,#NE
9381,9381,3,20,7,2026,1,#NE
9382,9382,8,24,13,2026,1,#NE
9383,9383,8,24,13,2026,1,#NE
9384,9384,8,24,13,2026,1,#NE
9385,9385,8,24,13,2026,1,#NE
9386,9386,9,24,27,2026,1,#NE
9387,9387,9,24,27,2026,1,#NE
9388,9388,9,24,27,2026,1,#NE
9389,9389,9,24,27,2026,1,#NE
9390,9390,3,20,12,2026,1,#NE
9391,9391,3,20,23,2026,1,#NE
9392,9392,8,11,6,2026,1,#NE
9393,9393,8,11,6,2026,1,#NE
9394,9394,8,11,6,2026,1,#NE
9395,9395,8,18,13,2026,1,#NE
9396,9396,8,18,13,2026,1,#NE
9397,9397,8,18,25,2026,1,#NE
9398,9398,8,11,29,2026,1,#NE
9399,9399,8,18,25,2026,1,#NE
9400,9400,8,18,9,2026,1,#NE
9401,9401,8,18,9,2026,1,#NE
9402,9402,9,20,21,2026,1,#NE
9403,9403,9,24,27,2026,1,#NE
9404,9404,9,24,27,2026,1,#NE
9405,9405,9,24,27,2026,1,#NE
9406,9406,9,24,27,2026,1,#NE
9407,9407,8,11,8,2026,1,#NE
9408,9408,8,18,7,2026,1,#NE
9409,9409,9,20,21,2026,1,#NE
9410,9410,9,20,3,2026,1,#NE
9411,9411,8,11,13,2026,1,#NE
9412,9412,8,11,13,2026,1,#NE
9413,9413,8,18,27,2026,1,#NE
9414,9414,8,18,3,2026,1,#NE
9415,9415,8,18,21,2026,1,#NE
9416,9416,9,20,21,2026,1,#NE
9417,9417,9,20,21,2026,1,#NE
9418,9418,9,24,21,2026,1,#NE
9419,9419,9,24,21,2026,1,#NE
9420,9420,8,11,7,2026,1,#NE
9421,9421,8,18,22,2026,1,#NE
9422,9422,8,18,26,2026,1,#NE
9423,9423,9,20,21,2026,1,#NE
9424,9424,9,20,21,2026,1,#NE
9425,9425,9,24,21,2026,1,#NE
9426,9426,9,24,14,2026,1,#NE
9427,9427,9,24,14,2026,1,#NE
9428,9428,8,11,21,2026,1,#NE
9429,9429,8,18,2,2026,1,#NE
9430,9430,8,18,2,2026,1,#NE
9431,9431,9,24,14,2026,1,#NE
9432,9432,8,11,27,2026,1,#NE
9433,9433,8,11,27,2026,1,#NE
9434,9434,8,18,14,2026,1,#NE
9435,9435,9,20,27,2026,1,#NE
9436,9436,9,24,14,2026,1,#NE
9437,9437,9,24,14,2026,1,#NE
9438,9438,8,11,9,2026,1,#NE
9439,9439,9,26,6,2026,1,#NE
9440,9440,9,26,6,2026,1,#NE
9441,9441,9,20,27,2026,1,#NE
9442,9442,9,20,27,2026,1,#NE
9443,9443,8,11,15,2026,1,#NE
9444,9444,8,11,15,2026,1,#NE
9445,9445,9,26,6,2026,1,#NE
9446,9446,9,26,14,2026,1,#NE
9447,9447,9,24,15,2026,1,#NE
9448,9448,8,11,2,2026,1,#NE
9449,9449,8,11,2,2026,1,#NE
9450,9450,8,11,2,2026,1,#NE
9451,9451,8,11,2,2026,1,#NE
9452,9452,8,11,2,2026,1,#NE
9453,9453,9,26,14,2026,1,#NE
9454,9454,9,26,14,2026,1,#NE
9455,9455,9,26,14,2026,1,#NE
9456,9456,9,20,22,2026,1,#NE
9457,9457,9,20,26,2026,1,#NE
9458,9458,9,24,15,2026,1,#NE
9459,9459,9,24,15,2026,1,#NE
9460,9460,8,11,2,2026,1,#NE
9461,9461,9,26,19,2026,1,#NE
9462,9462,9,26,19,2026,1,#NE
9463,9463,9,26,19,2026,1,#NE
9464,9464,9,20,26,2026,1,#NE
9465,9465,8,11,24,2026,1,#NE
9466,9466,8,11,11,2026,1,#NE
9467,9467,9,26,2,2026,1,#NE
9468,9468,9,26,2,2026,1,#NE
9469,9469,9,20,22,2026,1,#NE
9470,9470,9,24,16,2026,1,#NE
9471,9471,9,24,16,2026,1,#NE
9472,9472,8,11,14,2026,1,#NE
9473,9473,9,26,2,2026,1,#NE
9474,9474,9,26,2,2026,1,#NE
9475,9475,9,24,16,2026,1,#NE
9476,9476,9,24,16,2026,1,#NE
9477,9477,9,26,27,2026,1,#NE
9478,9478,9,24,16,2026,1,#NE
9479,9479,9,24,16,2026,1,#NE
9480,9480,9,24,22,2026,1,#NE
9481,9481,9,24,22,2026,1,#NE
9482,9482,8,11,20,2026,1,#NE
9483,9483,8,11,20,2026,1,#NE
9484,9484,9,26,27,2026,1,#NE
9485,9485,9,26,16,2026,1,#NE
9486,9486,9,26,29,2026,1,#NE
9487,9487,9,24,22,2026,1,#NE
9488,9488,9,24,22,2026,1,#NE
9489,9489,8,11,17,2026,1,#NE
9490,9490,8,11,17,2026,1,#NE
9491,9491,8,11,28,2026,1,#NE
9492,9492,9,26,16,2026,1,#NE
9493,9493,9,26,29,2026,1,#NE
9494,9494,9,24,6,2026,1,#NE
9495,9495,9,24,6,2026,1,#NE
9496,9496,9,26,29,2026,1,#NE
9497,9497,9,26,20,2026,1,#NE
9498,9498,9,26,20,2026,1,#NE
9499,9499,9,26,20,2026,1,#NE
9500,9500,9,24,6,2026,1,#NE
9501,9501,9,24,6,2026,1,#NE
9502,9502,9,24,6,2026,1,#NE
9503,9503,9,24,6,2026,1,#NE
9504,9504,9,26,24,2026,1,#NE
9505,9505,9,24,6,2026,1,#NE
9506,9506,9,24,6,2026,1,#NE
9507,9507,9,26,15,2026,1,#NE
9508,9508,9,26,24,2026,1,#NE
9509,9509,9,26,24,2026,1,#NE
9510,9510,9,24,20,2026,1,#NE
9511,9511,9,26,24,2026,1,#NE
9512,9512,9,26,25,2026,1,#NE
9513,9513,9,24,20,2026,1,#NE
9514,9514,9,24,20,2026,1,#NE
9515,9515,9,24,20,2026,1,#NE
9516,9516,9,24,20,2026,1,#NE
9517,9517,3,2,30,2026,1,#NE
9518,9518,9,24,20,2026,1,#NE
9519,9519,9,24,20,2026,1,#NE
9520,9520,5,18,9,2026,1,#NE
9521,9521,5,18,2,2026,1,#NE
9522,9522,9,20,4,2026,1,#NE
9523,9523,3,12,7,2026,1,#NE
9524,9524,3,12,27,2026,1,#NE
9525,9525,5,24,6,2026,1,#NE
9526,9526,8,11,26,2026,1,#NE
9527,9527,3,4,29,2026,1,#NE
9528,9528,5,3,26,2026,1,#NE
9529,9529,5,4,6,2026,1,#NE
9530,9530,9,20,4,2026,1,#NE
9531,9531,9,20,4,2026,1,#NE
9532,9532,9,20,4,2026,1,#NE
9533,9533,9,20,4,2026,1,#NE
9534,9534,9,20,4,2026,1,#NE
9535,9535,9,28,14,2026,1,#NE
9536,9536,9,28,14,2026,1,#NE
9537,9537,9,28,14,2026,1,#NE
9538,9538,9,20,4,2026,1,#NE
9539,9539,9,20,4,2026,1,#NE
9540,9540,9,28,14,2026,1,#NE
9541,9541,9,28,17,2026,1,#NE
9542,9542,9,28,21,2026,1,#NE
9543,9543,9,28,21,2026,1,#NE
9544,9544,9,16,26,2026,1,#NE
9545,9545,9,28,21,2026,1,#NE
9546,9546,9,28,21,2026,1,#NE
9547,9547,9,28,21,2026,1,#NE
9548,9548,9,16,27,2026,1,#NE
9549,9549,9,16,30,2026,1,#NE
9550,9550,9,16,6,2026,1,#NE
9551,9551,9,28,4,2026,1,#NE
9552,9552,9,28,4,2026,1,#NE
9553,9553,9,16,6,2026,1,#NE
9554,9554,9,16,6,2026,1,#NE
9555,9555,9,20,4,2026,1,#NE
9556,9556,9,20,4,2026,1,#NE
9557,9557,9,28,20,2026,1,#NE
9558,9558,9,28,20,2026,1,#NE
9559,9559,9,28,20,2026,1,#NE
9560,9560,9,3,14,2026,1,#NE
9561,9561,9,3,14,2026,1,#NE
9562,9562,9,3,14,2026,1,#NE
9563,9563,9,16,6,2026,1,#NE
9564,9564,9,16,19,2026,1,#NE
9565,9565,9,16,19,2026,1,#NE
9566,9566,9,16,19,2026,1,#NE
9567,9567,9,28,6,2026,1,#NE
9568,9568,9,28,6,2026,1,#NE
9569,9569,9,28,6,2026,1,#NE
9570,9570,9,28,6,2026,1,#NE
9571,9571,9,28,6,2026,1,#NE
9572,9572,9,3,22,2026,1,#NE
9573,9573,9,16,19,2026,1,#NE
9574,9574,9,16,11,2026,1,#NE
9575,9575,9,20,2,2026,1,#NE
9576,9576,9,28,6,2026,1,#NE
9577,9577,9,28,16,2026,1,#NE
9578,9578,9,28,29,2026,1,#NE
9579,9579,9,3,15,2026,1,#NE
9580,9580,9,16,24,2026,1,#NE
9581,9581,9,16,11,2026,1,#NE
9582,9582,9,20,2,2026,1,#NE
9583,9583,9,20,2,2026,1,#NE
9584,9584,9,20,2,2026,1,#NE
9585,9585,9,28,29,2026,1,#NE
9586,9586,9,3,6,2026,1,#NE
9587,9587,9,3,6,2026,1,#NE
9588,9588,9,3,6,2026,1,#NE
9589,9589,9,16,25,2026,1,#NE
9590,9590,9,16,13,2026,1,#NE
9591,9591,9,20,2,2026,1,#NE
9592,9592,9,16,16,2026,1,#NE
9593,9593,9,16,16,2026,1,#NE
9594,9594,9,20,2,2026,1,#NE
9595,9595,9,28,27,2026,1,#NE
9596,9596,9,3,6,2026,1,#NE
9597,9597,9,16,16,2026,1,#NE
9598,9598,9,20,6,2026,1,#NE
9599,9599,9,20,6,2026,1,#NE
9600,9600,9,28,9,2026,1,#NE
9601,9601,1,6,2,2026,1,#NE
9602,9602,9,3,29,2026,1,#NE
9603,9603,9,3,29,2026,1,#NE
9604,9604,9,3,29,2026,1,#NE
9605,9605,9,3,29,2026,1,#NE
9606,9606,9,16,16,2026,1,#NE
9607,9607,9,20,6,2026,1,#NE
9608,9608,1,6,10,2026,1,#NE
9609,9609,1,6,14,2026,1,#NE
9610,9610,9,3,2,2026,1,#NE
9611,9611,9,3,2,2026,1,#NE
9612,9612,9,19,21,2026,1,#NE
9613,9613,9,19,3,2026,1,#NE
9614,9614,9,19,21,2026,1,#NE
9615,9615,9,20,6,2026,1,#NE
9616,9616,9,20,6,2026,1,#NE
9617,9617,9,20,6,2026,1,#NE
9618,9618,5,2,6,2026,1,#NE
9619,9619,9,3,24,2026,1,#NE
9620,9620,9,3,24,2026,1,#NE
9621,9621,9,19,21,2026,1,#NE
9622,9622,9,19,21,2026,1,#NE
9623,9623,9,20,8,2026,1,#NE
9624,9624,9,20,8,2026,1,#NE
9625,9625,9,20,8,2026,1,#NE
9626,9626,8,8,27,2026,1,#NE
9627,9627,8,8,27,2026,1,#NE
9628,9628,8,8,22,2026,1,#NE
9629,9629,9,3,24,2026,1,#NE
9630,9630,9,3,11,2026,1,#NE
9631,9631,9,19,21,2026,1,#NE
9632,9632,9,19,21,2026,1,#NE
9633,9633,9,20,8,2026,1,#NE
9634,9634,9,20,8,2026,1,#NE
9635,9635,9,20,8,2026,1,#NE
9636,9636,8,8,15,2026,1,#NE
9637,9637,9,3,1,2026,1,#NE
9638,9638,9,3,1,2026,1,#NE
9639,9639,9,3,1,2026,1,#NE
9640,9640,9,19,6,2026,1,#NE
9641,9641,9,19,6,2026,1,#NE
9642,9642,9,19,6,2026,1,#NE
9643,9643,9,19,6,2026,1,#NE
9644,9644,9,20,8,2026,1,#NE
9645,9645,9,20,8,2026,1,#NE
9646,9646,9,20,8,2026,1,#NE
9647,9647,9,20,8,2026,1,#NE
9648,9648,8,8,15,2026,1,#NE
9649,9649,8,8,7,2026,1,#NE
9650,9650,9,3,9,2026,1,#NE
9651,9651,9,19,6,2026,1,#NE
9652,9652,9,19,6,2026,1,#NE
9653,9653,9,19,6,2026,1,#NE
9654,9654,9,20,8,2026,1,#NE
9655,9655,8,8,30,2026,1,#NE
9656,9656,9,3,9,2026,1,#NE
9657,9657,9,3,9,2026,1,#NE
9658,9658,9,19,6,2026,1,#NE
9659,9659,9,20,8,2026,1,#NE
9660,9660,8,8,13,2026,1,#NE
9661,9661,8,8,14,2026,1,#NE
9662,9662,8,8,14,2026,1,#NE
9663,9663,9,3,20,2026,1,#NE
9664,9664,9,3,20,2026,1,#NE
9665,9665,9,3,20,2026,1,#NE
9666,9666,9,19,26,2026,1,#NE
9667,9667,9,19,22,2026,1,#NE
9668,9668,8,8,16,2026,1,#NE
9669,9669,9,19,26,2026,1,#NE
9670,9670,9,19,22,2026,1,#NE
9671,9671,8,8,5,2026,1,#NE
9672,9672,9,19,28,2026,1,#NE
9673,9673,9,19,28,2026,1,#NE
9674,9674,8,8,2,2026,1,#NE
9675,9675,8,8,2,2026,1,#NE
9676,9676,8,8,20,2026,1,#NE
9677,9677,9,19,7,2026,1,#NE
9678,9678,9,19,7,2026,1,#NE
9679,9679,8,8,19,2026,1,#NE
9680,9680,8,8,19,2026,1,#NE
9681,9681,8,8,4,2026,1,#NE
9682,9682,8,8,4,2026,1,#NE
9683,9683,9,19,7,2026,1,#NE
9684,9684,9,20,1,2026,1,#NE
9685,9685,8,8,4,2026,1,#NE
9686,9686,9,3,27,2026,1,#NE
9687,9687,9,19,27,2026,1,#NE
9688,9688,9,20,1,2026,1,#NE
9689,9689,8,19,21,2026,1,#NE
9690,9690,8,19,3,2026,1,#NE
9691,9691,9,3,27,2026,1,#NE
9692,9692,9,19,23,2026,1,#NE
9693,9693,9,20,1,2026,1,#NE
9694,9694,9,20,1,2026,1,#NE
9695,9695,8,19,21,2026,1,#NE
9696,9696,8,19,21,2026,1,#NE
9697,9697,9,3,13,2026,1,#NE
9698,9698,9,3,13,2026,1,#NE
9699,9699,9,19,9,2026,1,#NE
9700,9700,9,19,9,2026,1,#NE
9701,9701,9,19,9,2026,1,#NE
9702,9702,9,20,1,2026,1,#NE
9703,9703,8,19,9,2026,1,#NE
9704,9704,9,3,13,2026,1,#NE
9705,9705,9,19,9,2026,1,#NE
9706,9706,9,20,24,2026,1,#NE
9707,9707,8,19,9,2026,1,#NE
9708,9708,8,19,9,2026,1,#NE
9709,9709,9,11,6,2026,1,#NE
9710,9710,9,19,29,2026,1,#NE
9711,9711,9,19,29,2026,1,#NE
9712,9712,8,19,9,2026,1,#NE
9713,9713,8,19,17,2026,1,#NE
9714,9714,8,19,28,2026,1,#NE
9715,9715,8,19,17,2026,1,#NE
9716,9716,9,19,29,2026,1,#NE
9717,9717,8,19,7,2026,1,#NE
9718,9718,8,19,7,2026,1,#NE
9719,9719,8,19,7,2026,1,#NE
9720,9720,9,11,6,2026,1,#NE
9721,9721,9,11,6,2026,1,#NE
9722,9722,9,11,6,2026,1,#NE
9723,9723,9,11,19,2026,1,#NE
9724,9724,9,19,16,2026,1,#NE
9725,9725,9,19,16,2026,1,#NE
9726,9726,9,19,29,2026,1,#NE
9727,9727,9,20,24,2026,1,#NE
9728,9728,9,20,24,2026,1,#NE
9729,9729,8,19,7,2026,1,#NE
9730,9730,8,19,27,2026,1,#NE
9731,9731,8,19,27,2026,1,#NE
9732,9732,9,11,19,2026,1,#NE
9733,9733,9,11,19,2026,1,#NE
9734,9734,9,11,19,2026,1,#NE
9735,9735,9,11,19,2026,1,#NE
9736,9736,9,19,15,2026,1,#NE
9737,9737,9,19,15,2026,1,#NE
9738,9738,9,20,24,2026,1,#NE
9739,9739,9,20,25,2026,1,#NE
9740,9740,8,19,16,2026,1,#NE
9741,9741,8,19,29,2026,1,#NE
9742,9742,9,20,13,2026,1,#NE
9743,9743,9,20,13,2026,1,#NE
9744,9744,8,19,16,2026,1,#NE
9745,9745,9,19,15,2026,1,#NE
9746,9746,9,11,17,2026,1,#NE
9747,9747,8,19,15,2026,1,#NE
9748,9748,9,11,27,2026,1,#NE
9749,9749,9,11,27,2026,1,#NE
9750,9750,9,19,24,2026,1,#NE
9751,9751,9,19,11,2026,1,#NE
9752,9752,9,20,13,2026,1,#NE
9753,9753,9,20,13,2026,1,#NE
9754,9754,9,11,27,2026,1,#NE
9755,9755,9,11,14,2026,1,#NE
9756,9756,9,19,24,2026,1,#NE
9757,9757,9,20,14,2026,1,#NE
9758,9758,9,20,14,2026,1,#NE
9759,9759,8,19,20,2026,1,#NE
9760,9760,8,19,20,2026,1,#NE
9761,9761,8,19,20,2026,1,#NE
9762,9762,9,11,14,2026,1,#NE
9763,9763,9,19,24,2026,1,#NE
9764,9764,9,19,24,2026,1,#NE
9765,9765,9,19,14,2026,1,#NE
9766,9766,9,19,14,2026,1,#NE
9767,9767,9,19,14,2026,1,#NE
9768,9768,9,20,14,2026,1,#NE
9769,9769,9,20,14,2026,1,#NE
9770,9770,9,20,14,2026,1,#NE
9771,9771,9,20,14,2026,1,#NE
9772,9772,8,19,19,2026,1,#NE
9773,9773,8,19,19,2026,1,#NE
9774,9774,8,19,19,2026,1,#NE
9775,9775,8,19,11,2026,1,#NE
9776,9776,9,11,22,2026,1,#NE
9777,9777,9,19,14,2026,1,#NE
9778,9778,8,19,19,2026,1,#NE
9779,9779,9,19,14,2026,1,#NE
9780,9780,9,20,14,2026,1,#NE
9781,9781,9,20,14,2026,1,#NE
9782,9782,9,20,14,2026,1,#NE
9783,9783,8,19,24,2026,1,#NE
9784,9784,8,19,24,2026,1,#NE
9785,9785,9,11,22,2026,1,#NE
9786,9786,9,11,22,2026,1,#NE
9787,9787,9,11,22,2026,1,#NE
9788,9788,9,19,14,2026,1,#NE
9789,9789,9,20,14,2026,1,#NE
9790,9790,9,20,14,2026,1,#NE
9791,9791,9,20,14,2026,1,#NE
9792,9792,9,20,14,2026,1,#NE
9793,9793,9,20,14,2026,1,#NE
9794,9794,8,19,24,2026,1,#NE
9795,9795,8,19,25,2026,1,#NE
9796,9796,9,11,11,2026,1,#NE
9797,9797,9,11,24,2026,1,#NE
9798,9798,9,19,30,2026,1,#NE
9799,9799,9,20,19,2026,1,#NE
9800,9800,9,20,19,2026,1,#NE
9801,9801,9,20,19,2026,1,#NE
9802,9802,9,20,19,2026,1,#NE
9803,9803,8,19,22,2026,1,#NE
9804,9804,9,11,24,2026,1,#NE
9805,9805,9,19,2,2026,1,#NE
9806,9806,9,19,2,2026,1,#NE
9807,9807,9,19,2,2026,1,#NE
9808,9808,8,19,13,2026,1,#NE
9809,9809,8,19,13,2026,1,#NE
9810,9810,8,19,13,2026,1,#NE
9811,9811,8,19,13,2026,1,#NE
9812,9812,8,19,13,2026,1,#NE
9813,9813,8,19,14,2026,1,#NE
9814,9814,9,19,13,2026,1,#NE
9815,9815,9,19,13,2026,1,#NE
9816,9816,8,19,14,2026,1,#NE
9817,9817,8,19,14,2026,1,#NE
9818,9818,8,19,14,2026,1,#NE
9819,9819,8,19,14,2026,1,#NE
9820,9820,9,19,13,2026,1,#NE
9821,9821,9,19,13,2026,1,#NE
9822,9822,9,19,13,2026,1,#NE
9823,9823,9,19,20,2026,1,#NE
9824,9824,9,19,20,2026,1,#NE
9825,9825,8,19,6,2026,1,#NE
9826,9826,9,11,13,2026,1,#NE
9827,9827,9,11,13,2026,1,#NE
9828,9828,9,11,2,2026,1,#NE
9829,9829,9,19,20,2026,1,#NE
9830,9830,9,20,19,2026,1,#NE
9831,9831,9,20,19,2026,1,#NE
9832,9832,8,19,6,2026,1,#NE
9833,9833,5,7,9,2026,1,#NE
9834,9834,5,7,14,2026,1,#NE
9835,9835,9,11,2,2026,1,#NE
9836,9836,9,11,2,2026,1,#NE
9837,9837,9,19,20,2026,1,#NE
9838,9838,9,19,20,2026,1,#NE
9839,9839,9,19,20,2026,1,#NE
9840,9840,9,20,19,2026,1,#NE
9841,9841,9,20,19,2026,1,#NE
9842,9842,9,20,19,2026,1,#NE
9843,9843,5,7,29,2026,1,#NE
9844,9844,5,14,16,2026,1,#NE
9845,9845,9,11,29,2026,1,#NE
9846,9846,9,20,19,2026,1,#NE
9847,9847,9,20,19,2026,1,#NE
9848,9848,8,4,6,2026,1,#NE
9849,9849,8,4,6,2026,1,#NE
9850,9850,8,4,15,2026,1,#NE
9851,9851,8,4,15,2026,1,#NE
9852,9852,9,11,9,2026,1,#NE
9853,9853,8,23,6,2026,1,#NE
9854,9854,9,20,20,2026,1,#NE
9855,9855,9,20,20,2026,1,#NE
9856,9856,8,4,29,2026,1,#NE
9857,9857,8,4,22,2026,1,#NE
9858,9858,9,11,20,2026,1,#NE
9859,9859,9,11,20,2026,1,#NE
9860,9860,8,23,27,2026,1,#NE
9861,9861,8,4,13,2026,1,#NE
9862,9862,8,4,13,2026,1,#NE
9863,9863,8,4,11,2026,1,#NE
9864,9864,8,4,25,2026,1,#NE
9865,9865,8,23,21,2026,1,#NE
9866,9866,8,23,21,2026,1,#NE
9867,9867,8,4,7,2026,1,#NE
9868,9868,8,4,4,2026,1,#NE
9869,9869,8,23,14,2026,1,#NE
9870,9870,8,23,29,2026,1,#NE
9871,9871,8,23,29,2026,1,#NE
9872,9872,8,23,29,2026,1,#NE
9873,9873,8,23,17,2026,1,#NE
9874,9874,9,20,20,2026,1,#NE
9875,9875,3,9,24,2026,1,#NE
9876,9876,3,9,6,2026,1,#NE
9877,9877,8,23,24,2026,1,#NE
9878,9878,9,20,20,2026,1,#NE
9879,9879,9,20,20,2026,1,#NE
9880,9880,9,20,20,2026,1,#NE
9881,9881,8,4,9,2026,1,#NE
9882,9882,3,26,14,2026,1,#NE
9883,9883,8,23,13,2026,1,#NE
9884,9884,8,23,15,2026,1,#NE
9885,9885,8,23,15,2026,1,#NE
9886,9886,9,20,20,2026,1,#NE
9887,9887,8,28,27,2026,1,#NE
9888,9888,8,28,22,2026,1,#NE
9889,9889,8,28,26,2026,1,#NE
9890,9890,4,12,29,2026,1,#NE
9891,9891,4,12,27,2026,1,#NE
9892,9892,9,20,20,2026,1,#NE
9893,9893,9,20,16,2026,1,#NE
9894,9894,9,20,16,2026,1,#NE
9895,9895,9,20,16,2026,1,#NE
9896,9896,6,1,24,2026,1,#NE
9897,9897,3,28,21,2026,1,#NE
9898,9898,5,21,1,2026,1,#NE
9899,9899,8,28,21,2026,1,#NE
9900,9900,8,28,15,2026,1,#NE
9901,9901,4,4,14,2026,1,#NE
9902,9902,9,20,29,2026,1,#NE
9903,9903,8,28,14,2026,1,#NE
9904,9904,8,28,14,2026,1,#NE
9905,9905,8,28,14,2026,1,#NE
9906,9906,6,25,13,2026,1,#NE
9907,9907,7,2,5,2026,1,#NE
9908,9908,6,14,2,2026,1,#NE
9909,9909,6,14,5,2026,1,#NE
9910,9910,6,14,19,2026,1,#NE
9911,9911,8,28,25,2026,1,#NE
9912,9912,8,9,27,2026,1,#NE
9913,9913,8,9,27,2026,1,#NE
9914,9914,8,9,20,2026,1,#NE
9915,9915,8,9,15,2026,1,#NE
9916,9916,8,28,13,2026,1,#NE
9917,9917,8,28,19,2026,1,#NE
9918,9918,8,28,19,2026,1,#NE
9919,9919,9,21,25,2026,1,#NE
9920,9920,8,9,28,2026,1,#NE
9921,9921,8,9,28,2026,1,#NE
9922,9922,9,21,24,2026,1,#NE
9923,9923,9,21,25,2026,1,#NE
9924,9924,9,21,24,2026,1,#NE
9925,9925,8,9,11,2026,1,#NE
9926,9926,8,9,24,2026,1,#NE
9927,9927,8,9,25,2026,1,#NE
9928,9928,9,21,25,2026,1,#NE
9929,9929,9,21,23,2026,1,#NE
9930,9930,9,21,22,2026,1,#NE
9931,9931,9,21,26,2026,1,#NE
9932,9932,8,9,2,2026,1,#NE
9933,9933,8,9,22,2026,1,#NE
9934,9934,9,21,26,2026,1,#NE
9935,9935,9,21,21,2026,1,#NE
9936,9936,8,9,16,2026,1,#NE
9937,9937,9,21,3,2026,1,#NE
9938,9938,9,21,21,2026,1,#NE
9939,9939,8,9,19,2026,1,#NE
9940,9940,8,9,19,2026,1,#NE
9941,9941,6,5,22,2026,1,#NE
9942,9942,6,5,15,2026,1,#NE
9943,9943,7,16,4,2026,1,#NE
9944,9944,8,9,7,2026,1,#NE
9945,9945,8,9,7,2026,1,#NE
9946,9946,9,21,14,2026,1,#NE
9947,9947,7,16,29,2026,1,#NE
9948,9948,7,14,27,2026,1,#NE
9949,9949,7,14,14,2026,1,#NE
9950,9950,8,9,14,2026,1,#NE
9951,9951,8,9,14,2026,1,#NE
9952,9952,9,21,14,2026,1,#NE
9953,9953,9,21,14,2026,1,#NE
9954,9954,9,21,14,2026,1,#NE
9955,9955,4,1,21,2026,1,#NE
9956,9956,6,20,14,2026,1,#NE
9957,9957,9,21,29,2026,1,#NE
9958,9958,6,18,6,2026,1,#NE
9959,9959,6,18,9,2026,1,#NE
9960,9960,6,18,14,2026,1,#NE
9961,9961,6,3,4,2026,1,#NE
9962,9962,6,3,6,2026,1,#NE
9963,9963,7,28,15,2026,1,#NE
9964,9964,4,9,16,2026,1,#NE
9965,9965,4,20,22,2026,1,#NE
9966,9966,6,3,29,2026,1,#NE
9967,9967,4,8,25,2026,1,#NE
9968,9968,4,8,30,2026,1,#NE
9969,9969,4,28,20,2026,1,#NE
9970,9970,7,28,4,2026,1,#NE
9971,9971,7,28,14,2026,1,#NE
9972,9972,6,9,14,2026,1,#NE
9973,9973,6,9,16,2026,1,#NE
9974,9974,6,9,18,2026,1,#NE
9975,9975,7,17,16,2026,1,#NE
9976,9976,7,17,23,2026,1,#NE
9977,9977,7,17,14,2026,1,#NE
9978,9978,7,17,19,2026,1,#NE
9979,9979,6,2,30,2026,1,#NE
9980,9980,6,2,27,2026,1,#NE
9981,9981,4,25,9,2026,1,#NE
9982,9982,4,17,7,2026,1,#NE
9983,9983,6,12,9,2026,1,#NE
9984,9984,6,12,6,2026,1,#NE
9985,9985,7,5,24,2026,1,#NE
9986,9986,4,24,30,2026,1,#NE
9987,9987,7,9,28,2026,1,#NE
9988,9988,7,13,1,2026,1,#NE
9989,9989,7,13,29,2026,1,#NE
9990,9990,7,13,16,2026,1,#NE
9991,9991,7,9,6,2026,1,#NE
9992,9992,6,16,20,2026,1,#NE
9993,9993,7,12,6,2026,1,#NE
9994,9994,7,12,19,2026,1,#NE
9995,9995,6,4,12,2026,1,#NE
9996,9996,6,4,19,2026,1,#NE
9997,9997,6,4,20,2026,1,#NE
9998,9998,6,24,20,2026,1,#NE
9999,9999,4,18,29,2026,1,#NE
10000,10000,7,26,6,2026,1,#NE
10001,10001,6,17,14,2026,1,#NE
10002,10002,7,4,20,2026,1,#NE
10003,10003,7,4,29,2026,1,#NE
10004,10004,6,11,10,2026,1,#NE
10005,10005,7,15,13,2026,1,#NE
10006,10006,7,15,14,2026,1,#NE
10007,10007,9,20,16,2026,1,#NE
10008,10008,9,20,16,2026,1,#NE
10009,10009,9,20,5,2026,1,#NE
10010,10010,9,20,5,2026,1,#NE
10011,10011,9,20,5,2026,1,#NE
10012,10012,9,20,5,2026,1,#NE
10013,10013,9,20,5,2026,1,#NE
10014,10014,9,20,5,2026,1,#NE
10015,10015,9,20,5,2026,1,#NE
10016,10016,9,20,5,2026,1,#NE
10017,10017,9,20,5,2026,1,#NE
10018,10018,9,20,5,2026,1,#NE
10019,10019,9,20,15,2026,1,#NE
10020,10020,9,20,15,2026,1,#NE
10021,10021,9,20,15,2026,1,#NE
10022,10022,9,20,15,2026,1,#NE
10023,10023,9,20,15,2026,1,#NE
10024,10024,9,20,15,2026,1,#NE
10025,10025,9,20,28,2026,1,#NE
10026,10026,9,20,17,2026,1,#NE
10027,10027,9,20,28,2026,1,#NE
10028,10028,9,20,17,2026,1,#NE
10029,10029,9,20,28,2026,1,#NE
10030,10030,9,20,28,2026,1,#NE
10031,10031,9,20,9,2026,1,#NE
10032,10032,9,20,9,2026,1,#NE
10033,10033,9,20,9,2026,1,#NE
10034,10034,9,20,9,2026,1,#NE
10035,10035,9,20,9,2026,1,#NE
10036,10036,9,20,9,2026,1,#NE
10037,10037,9,20,9,2026,1,#NE
10038,10038,9,20,12,2026,1,#NE
10039,10039,3,25,23,2026,1,#NE
10040,10040,5,12,14,2026,1,#NE
10041,10041,5,12,23,2026,1,#NE
10042,10042,5,12,24,2026,1,#NE
10043,10043,3,24,21,2026,1,#NE
10044,10044,3,24,6,2026,1,#NE
10045,10045,5,20,30,2026,1,#NE
10046,10046,9,2,4,2026,1,#NE
10047,10047,9,2,24,2026,1,#NE
10048,10048,9,2,24,2026,1,#NE
10049,10049,9,2,11,2026,1,#NE
10050,10050,9,2,25,2026,1,#NE
10051,10051,9,2,6,2026,1,#NE
10052,10052,9,2,6,2026,1,#NE
10053,10053,9,2,6,2026,1,#NE
10054,10054,9,2,6,2026,1,#NE
10055,10055,9,2,21,2026,1,#NE
10056,10056,9,2,21,2026,1,#NE
10057,10057,9,2,21,2026,1,#NE
10058,10058,9,2,28,2026,1,#NE
10059,10059,9,2,28,2026,1,#NE
10060,10060,9,2,17,2026,1,#NE
10061,10061,9,2,28,2026,1,#NE
10062,10062,9,9,1,2026,1,#NE
10063,10063,9,9,1,2026,1,#NE
10064,10064,9,9,1,2026,1,#NE
10065,10065,9,9,1,2026,1,#NE
10066,10066,9,9,7,2026,1,#NE
10067,10067,9,9,22,2026,1,#NE
10068,10068,9,9,22,2026,1,#NE
10069,10069,9,9,22,2026,1,#NE
10070,10070,9,9,21,2026,1,#NE
10071,10071,9,9,21,2026,1,#NE
10072,10072,9,9,21,2026,1,#NE
10073,10073,9,9,14,2026,1,#NE
10074,10074,9,9,21,2026,1,#NE
10075,10075,9,9,16,2026,1,#NE
10076,10076,9,9,16,2026,1,#NE
10077,10077,9,9,16,2026,1,#NE
10078,10078,9,9,16,2026,1,#NE
10079,10079,9,9,15,2026,1,#NE
10080,10080,9,9,15,2026,1,#NE
10081,10081,9,9,15,2026,1,#NE
10082,10082,9,9,15,2026,1,#NE
10083,10083,9,9,15,2026,1,#NE
10084,10084,9,9,15,2026,1,#NE
10085,10085,9,9,27,2026,1,#NE
10086,10086,9,9,27,2026,1,#NE
10087,10087,9,9,4,2026,1,#NE
10088,10088,9,9,4,2026,1,#NE
10089,10089,9,9,4,2026,1,#NE
10090,10090,9,9,4,2026,1,#NE
10091,10091,9,9,9,2026,1,#NE
10092,10092,9,9,9,2026,1,#NE
10093,10093,9,9,9,2026,1,#NE
10094,10094,9,9,28,2026,1,#NE
10095,10095,9,9,28,2026,1,#NE
10096,10096,9,9,28,2026,1,#NE
10097,10097,9,9,5,2026,1,#NE
10098,10098,9,9,5,2026,1,#NE
10099,10099,9,9,5,2026,1,#NE
10100,10100,9,9,5,2026,1,#NE
10101,10101,9,9,19,2026,1,#NE
10102,10102,9,9,19,2026,1,#NE
10103,10103,9,9,19,2026,1,#NE
10104,10104,9,9,19,2026,1,#NE
10105,10105,9,9,19,2026,1,#NE
10106,10106,9,9,6,2026,1,#NE
10107,10107,9,9,6,2026,1,#NE
10108,10108,9,9,6,2026,1,#NE
10109,10109,9,9,6,2026,1,#NE
10110,10110,9,9,13,2026,1,#NE
10111,10111,9,9,13,2026,1,#NE
10112,10112,9,9,13,2026,1,#NE
10113,10113,9,9,24,2026,1,#NE
10114,10114,3,19,13,2026,1,#NE
10115,10115,8,17,7,2026,1,#NE
10116,10116,8,17,7,2026,1,#NE
10117,10117,8,17,7,2026,1,#NE
10118,10118,8,17,6,2026,1,#NE
10119,10119,8,17,6,2026,1,#NE
10120,10120,8,17,6,2026,1,#NE
10121,10121,8,17,15,2026,1,#NE
10122,10122,8,17,15,2026,1,#NE
10123,10123,8,17,15,2026,1,#NE
10124,10124,8,17,15,2026,1,#NE
10125,10125,8,17,26,2026,1,#NE
10126,10126,8,17,21,2026,1,#NE
10127,10127,8,17,21,2026,1,#NE
10128,10128,8,17,3,2026,1,#NE
10129,10129,8,17,3,2026,1,#NE
10130,10130,8,17,21,2026,1,#NE
10131,10131,8,17,14,2026,1,#NE
10132,10132,8,17,14,2026,1,#NE
10133,10133,8,17,9,2026,1,#NE
10134,10134,8,17,9,2026,1,#NE
10135,10135,8,17,2,2026,1,#NE
10136,10136,8,17,2,2026,1,#NE
10137,10137,8,17,2,2026,1,#NE
10138,10138,8,17,2,2026,1,#NE
10139,10139,8,17,13,2026,1,#NE
10140,10140,8,17,13,2026,1,#NE
10141,10141,8,17,20,2026,1,#NE
10142,10142,8,17,20,2026,1,#NE
10143,10143,8,17,20,2026,1,#NE
10144,10144,8,17,20,2026,1,#NE
10145,10145,8,17,20,2026,1,#NE
10146,10146,8,17,20,2026,1,#NE
10147,10147,8,17,20,2026,1,#NE
10148,10148,8,17,20,2026,1,#NE
10149,10149,8,17,20,2026,1,#NE
10150,10150,8,17,20,2026,1,#NE
10151,10151,8,17,25,2026,1,#NE
10152,10152,8,17,24,2026,1,#NE
10153,10153,8,17,24,2026,1,#NE
10154,10154,8,17,11,2026,1,#NE
10155,10155,8,17,19,2026,1,#NE
10156,10156,8,17,19,2026,1,#NE
10157,10157,8,17,17,2026,1,#NE
10158,10158,8,17,27,2026,1,#NE
10159,10159,8,17,27,2026,1,#NE
10160,10160,8,17,27,2026,1,#NE
10161,10161,8,17,29,2026,1,#NE
10162,10162,9,4,11,2026,1,#NE
10163,10163,9,4,11,2026,1,#NE
10164,10164,9,4,24,2026,1,#NE
10165,10165,9,4,24,2026,1,#NE
10166,10166,9,4,24,2026,1,#NE
10167,10167,9,4,24,2026,1,#NE
10168,10168,9,4,14,2026,1,#NE
10169,10169,9,4,14,2026,1,#NE
10170,10170,9,4,14,2026,1,#NE
10171,10171,9,4,14,2026,1,#NE
10172,10172,9,4,29,2026,1,#NE
10173,10173,9,4,29,2026,1,#NE
10174,10174,9,4,29,2026,1,#NE
10175,10175,9,4,20,2026,1,#NE
10176,10176,9,4,20,2026,1,#NE
10177,10177,9,4,20,2026,1,#NE
10178,10178,9,4,20,2026,1,#NE
10179,10179,9,4,12,2026,1,#NE
10180,10180,9,4,9,2026,1,#NE
10181,10181,9,4,9,2026,1,#NE
10182,10182,9,4,9,2026,1,#NE
10183,10183,9,4,27,2026,1,#NE
10184,10184,9,4,27,2026,1,#NE
10185,10185,9,4,27,2026,1,#NE
10186,10186,9,4,6,2026,1,#NE
10187,10187,9,4,15,2026,1,#NE
10188,10188,9,4,15,2026,1,#NE
10189,10189,8,2,6,2026,1,#NE
10190,10190,8,2,6,2026,1,#NE
10191,10191,8,2,14,2026,1,#NE
10192,10192,8,2,14,2026,1,#NE
10193,10193,8,2,14,2026,1,#NE
10194,10194,8,2,14,2026,1,#NE
10195,10195,8,2,2,2026,1,#NE
10196,10196,8,2,24,2026,1,#NE
10197,10197,8,2,20,2026,1,#NE
10198,10198,8,2,9,2026,1,#NE
10199,10199,8,2,4,2026,1,#NE
10200,10200,8,2,4,2026,1,#NE
10201,10201,8,2,21,2026,1,#NE
10202,10202,9,7,26,2026,1,#NE
10203,10203,9,7,22,2026,1,#NE
10204,10204,9,7,22,2026,1,#NE
10205,10205,9,7,20,2026,1,#NE
10206,10206,9,7,20,2026,1,#NE
10207,10207,9,7,20,2026,1,#NE
10208,10208,9,7,30,2026,1,#NE
10209,10209,9,7,21,2026,1,#NE
10210,10210,9,7,21,2026,1,#NE
10211,10211,9,7,21,2026,1,#NE
10212,10212,9,7,21,2026,1,#NE
10213,10213,9,7,21,2026,1,#NE
10214,10214,9,7,21,2026,1,#NE
10215,10215,9,7,8,2026,1,#NE
10216,10216,9,7,8,2026,1,#NE
10217,10217,9,7,8,2026,1,#NE
10218,10218,9,7,9,2026,1,#NE
10219,10219,9,7,9,2026,1,#NE
10220,10220,9,7,29,2026,1,#NE
10221,10221,9,7,14,2026,1,#NE
10222,10222,9,7,29,2026,1,#NE
10223,10223,9,7,16,2026,1,#NE
10224,10224,9,7,14,2026,1,#NE
10225,10225,9,7,14,2026,1,#NE
10226,10226,9,7,14,2026,1,#NE
10227,10227,9,7,16,2026,1,#NE
10228,10228,9,7,29,2026,1,#NE
10229,10229,9,7,29,2026,1,#NE
10230,10230,9,7,6,2026,1,#NE
10231,10231,9,7,6,2026,1,#NE
10232,10232,9,7,15,2026,1,#NE
10233,10233,9,7,24,2026,1,#NE
10234,10234,9,7,24,2026,1,#NE
10235,10235,9,7,24,2026,1,#NE
10236,10236,9,7,24,2026,1,#NE
10237,10237,9,7,24,2026,1,#NE
10238,10238,9,7,19,2026,1,#NE
10239,10239,9,7,19,2026,1,#NE
10240,10240,9,7,19,2026,1,#NE
10241,10241,9,7,19,2026,1,#NE
10242,10242,9,7,17,2026,1,#NE
10243,10243,9,7,27,2026,1,#NE
10244,10244,9,7,27,2026,1,#NE
10245,10245,9,7,27,2026,1,#NE
10246,10246,9,7,27,2026,1,#NE
10247,10247,9,7,27,2026,1,#NE
10248,10248,5,10,6,2026,1,#NE
10249,10249,5,10,14,2026,1,#NE
10250,10250,5,10,30,2026,1,#NE
10251,10251,3,17,12,2026,1,#NE
10252,10252,3,17,20,2026,1,#NE
10253,10253,5,1,27,2026,1,#NE
10254,10254,9,1,16,2026,1,#NE
10255,10255,9,1,29,2026,1,#NE
10256,10256,9,1,24,2026,1,#NE
10257,10257,9,1,24,2026,1,#NE
10258,10258,9,1,24,2026,1,#NE
10259,10259,9,1,6,2026,1,#NE
10260,10260,9,1,6,2026,1,#NE
10261,10261,9,1,6,2026,1,#NE
10262,10262,9,1,9,2026,1,#NE
10263,10263,9,1,9,2026,1,#NE
10264,10264,9,1,14,2026,1,#NE
10265,10265,9,1,21,2026,1,#NE
10266,10266,9,1,21,2026,1,#NE
10267,10267,9,1,22,2026,1,#NE
10268,10268,9,1,28,2026,1,#NE
10269,10269,9,1,28,2026,1,#NE
10270,10270,9,1,13,2026,1,#NE
10271,10271,9,1,13,2026,1,#NE
10272,10272,9,1,27,2026,1,#NE
10273,10273,9,1,27,2026,1,#NE
10274,10274,9,1,27,2026,1,#NE
10275,10275,9,1,27,2026,1,#NE
10276,10276,9,1,27,2026,1,#NE
10277,10277,9,1,15,2026,1,#NE
10278,10278,9,17,9,2026,1,#NE
10279,10279,9,17,9,2026,1,#NE
10280,10280,9,17,9,2026,1,#NE
10281,10281,9,17,9,2026,1,#NE
10282,10282,9,17,9,2026,1,#NE
10283,10283,9,17,9,2026,1,#NE
10284,10284,9,17,9,2026,1,#NE
10285,10285,9,17,9,2026,1,#NE
10286,10286,9,17,9,2026,1,#NE
10287,10287,9,17,9,2026,1,#NE
10288,10288,9,17,9,2026,1,#NE
10289,10289,9,17,9,2026,1,#NE
10290,10290,9,17,9,2026,1,#NE
10291,10291,9,17,14,2026,1,#NE
10292,10292,9,17,14,2026,1,#NE
10293,10293,9,17,14,2026,1,#NE
10294,10294,9,17,14,2026,1,#NE
10295,10295,9,17,6,2026,1,#NE
10296,10296,9,17,15,2026,1,#NE
10297,10297,9,17,15,2026,1,#NE
10298,10298,9,17,15,2026,1,#NE
10299,10299,9,17,15,2026,1,#NE
10300,10300,9,17,15,2026,1,#NE
10301,10301,9,17,29,2026,1,#NE
10302,10302,9,17,16,2026,1,#NE
10303,10303,9,17,29,2026,1,#NE
10304,10304,9,17,29,2026,1,#NE
10305,10305,9,17,29,2026,1,#NE
10306,10306,9,17,16,2026,1,#NE
10307,10307,9,17,16,2026,1,#NE
10308,10308,9,17,25,2026,1,#NE
10309,10309,9,17,25,2026,1,#NE
10310,10310,9,17,24,2026,1,#NE
10311,10311,9,17,24,2026,1,#NE
10312,10312,9,17,19,2026,1,#NE
10313,10313,9,17,19,2026,1,#NE
10314,10314,9,17,19,2026,1,#NE
10315,10315,9,17,19,2026,1,#NE
10316,10316,9,17,19,2026,1,#NE
10317,10317,9,17,19,2026,1,#NE
10318,10318,9,17,19,2026,1,#NE
10319,10319,9,17,19,2026,1,#NE
10320,10320,9,17,26,2026,1,#NE
10321,10321,9,17,22,2026,1,#NE
10322,10322,9,17,22,2026,1,#NE
10323,10323,9,17,20,2026,1,#NE
10324,10324,9,17,20,2026,1,#NE
10325,10325,9,17,20,2026,1,#NE
10326,10326,9,17,20,2026,1,#NE
10327,10327,9,17,20,2026,1,#NE
10328,10328,9,17,20,2026,1,#NE
10329,10329,9,17,17,2026,1,#NE
10330,10330,9,17,17,2026,1,#NE
10331,10331,9,17,2,2026,1,#NE
10332,10332,9,17,2,2026,1,#NE
10333,10333,9,17,2,2026,1,#NE
10334,10334,9,17,2,2026,1,#NE
10335,10335,9,17,27,2026,1,#NE
10336,10336,9,17,27,2026,1,#NE
10337,10337,9,17,27,2026,1,#NE
10338,10338,9,17,27,2026,1,#NE
10339,10339,9,17,27,2026,1,#NE
10340,10340,9,17,27,2026,1,#NE
10341,10341,9,17,13,2026,1,#NE
10342,10342,6,19,27,2026,1,#NE
10343,10343,6,15,22,2026,1,#NE
10344,10344,6,15,30,2026,1,#NE
10345,10345,6,15,14,2026,1,#NE
10346,10346,6,28,15,2026,1,#NE
10347,10347,6,28,9,2026,1,#NE
10348,10348,6,28,14,2026,1,#NE
10349,10349,7,25,23,2026,1,#NE
10350,10350,7,22,27,2026,1,#NE
10351,10351,7,3,26,2026,1,#NE
10352,10352,7,3,21,2026,1,#NE
10353,10353,4,13,27,2026,1,#NE
10354,10354,4,13,9,2026,1,#NE
10355,10355,7,23,20,2026,1,#NE
10356,10356,7,23,14,2026,1,#NE
10357,10357,6,10,20,2026,1,#NE
10358,10358,6,10,16,2026,1,#NE
10359,10359,6,7,9,2026,1,#NE
10360,10360,7,24,14,2026,1,#NE
10361,10361,7,24,24,2026,1,#NE
10362,10362,7,24,20,2026,1,#NE
10363,10363,7,21,14,2026,1,#NE
10364,10364,6,21,30,2026,1,#NE
10365,10365,4,3,23,2026,1,#NE
10366,10366,7,11,23,2026,1,#NE
10367,10367,6,22,20,2026,1,#NE
10368,10368,7,1,16,2026,1,#NE
10369,10369,7,8,21,2026,1,#NE
10370,10370,7,8,12,2026,1,#NE
10371,10371,7,8,20,2026,1,#NE
10372,10372,7,10,28,2026,1,#NE
10373,10373,7,10,20,2026,1,#NE
10374,10374,4,10,21,2026,1,#NE
10375,10375,4,10,13,2026,1,#NE
10376,10376,4,10,20,2026,1,#NE
10377,10377,8,20,7,2026,1,#NE
10378,10378,8,20,7,2026,1,#NE
10379,10379,8,20,8,2026,1,#NE
10380,10380,8,20,4,2026,1,#NE
10381,10381,8,20,4,2026,1,#NE
10382,10382,8,20,21,2026,1,#NE
10383,10383,8,20,12,2026,1,#NE
10384,10384,8,26,28,2026,1,#NE
10385,10385,8,25,6,2026,1,#NE
10386,10386,8,20,5,2026,1,#NE
10387,10387,8,26,22,2026,1,#NE
10388,10388,9,5,2,2026,1,#NE
10389,10389,8,22,19,2026,1,#NE
10390,10390,8,22,22,2026,1,#NE
10391,10391,8,22,8,2026,1,#NE
10392,10392,8,12,12,2026,1,#NE
10393,10393,3,21,12,2026,1,#NE
10394,10394,8,12,27,2026,1,#NE
10395,10395,9,13,24,2026,1,#NE
10396,10396,9,18,2,2026,1,#NE
10397,10397,8,7,13,2026,1,#NE
10398,10398,9,25,1,2026,1,#NE
10399,10399,8,24,1,2026,1,#NE
10400,10400,9,14,27,2026,1,#NE
10401,10401,9,15,8,2026,1,#NE
10402,10402,9,15,8,2026,1,#NE
10403,10403,8,16,2,2026,1,#NE
10404,10404,9,15,21,2026,1,#NE
10405,10405,9,24,5,2026,1,#NE
10406,10406,9,15,29,2026,1,#NE
10407,10407,8,18,8,2026,1,#NE
10408,10408,8,18,8,2026,1,#NE
10409,10409,8,18,5,2026,1,#NE
10410,10410,8,18,5,2026,1,#NE
10411,10411,8,18,4,2026,1,#NE
10412,10412,8,18,4,2026,1,#NE
10413,10413,9,26,22,2026,1,#NE
10414,10414,5,24,12,2026,1,#NE
10415,10415,9,3,14,2026,1,#NE
10416,10416,9,16,6,2026,1,#NE
10417,10417,9,16,19,2026,1,#NE
10418,10418,9,20,2,2026,1,#NE
10419,10419,9,20,6,2026,1,#NE
10420,10420,9,20,6,2026,1,#NE
10421,10421,8,8,15,2026,1,#NE
10422,10422,9,19,28,2026,1,#NE
10423,10423,9,20,1,2026,1,#NE
10424,10424,8,19,17,2026,1,#NE
10425,10425,9,20,13,2026,1,#NE
10426,10426,8,19,20,2026,1,#NE
10427,10427,9,19,8,2026,1,#NE
10428,10428,8,19,13,2026,1,#NE
10429,10429,9,19,13,2026,1,#NE
10430,10430,8,19,14,2026,1,#NE
10431,10431,8,19,6,2026,1,#NE
10432,10432,9,20,19,2026,1,#NE
10433,10433,9,20,16,2026,1,#NE
10434,10434,6,20,12,2026,1,#NE
10435,10435,6,3,26,2026,1,#NE
10436,10436,4,8,18,2026,1,#NE
10437,10437,7,18,5,2026,1,#NE
10438,10438,7,18,8,2026,1,#NE
10439,10439,4,18,5,2026,1,#NE
10440,10440,9,20,17,2026,1,#NE
10441,10441,9,2,4,2026,1,#NE
10442,10442,9,9,4,2026,1,#NE
10443,10443,5,28,5,2026,1,#NE
10444,10444,9,4,13,2026,1,#NE
10445,10445,8,2,28,2026,1,#NE
10446,10446,5,1,16,2026,1,#NE
10447,10447,9,1,15,2026,1,#NE
10448,10448,9,17,8,2026,1,#NE
10449,10449,9,17,8,2026,1,#NE
10450,10450,9,17,8,2026,1,#NE
10451,10451,9,17,8,2026,1,#NE
10452,10452,9,17,8,2026,1,#NE
10453,10453,7,11,4,2026,1,#NE
10454,10454,8,10,19,2026,1,#NE
10455,10455,8,3,28,2026,1,#NE
10456,10456,8,22,2,2026,1,#NE
10457,10457,9,22,14,2026,1,#NE
10458,10458,8,7,19,2026,1,#NE
10459,10459,9,13,16,2026,1,#NE
10460,10460,10,8,20,2026,1,#NE
10461,10461,9,23,29,2026,1,#NE
10462,10462,9,20,4,2026,1,#NE
10463,10463,9,20,6,2026,1,#NE
10464,10464,9,11,27,2026,1,#NE
10465,10465,5,19,9,2026,1,#NE
10466,10466,7,14,25,2026,1,#NE
10467,10467,9,20,12,2026,1,#NE
10468,10468,8,2,4,2026,1,#NE
10469,10469,9,1,14,2026,1,#NE
10470,10470,6,7,12,2026,1,#NE
10471,10471,8,12,15,2026,1,#NE
10472,10472,9,18,20,2026,1,#NE
10473,10473,10,8,21,2026,1,#NE
10474,10474,9,16,13,2026,1,#NE
10475,10475,9,28,28,2026,1,#NE
10476,10476,8,19,17,2026,1,#NE
10477,10477,8,19,29,2026,1,#NE
10478,10478,8,19,14,2026,1,#NE
10479,10479,6,20,15,2026,1,#NE
10480,10480,6,15,28,2026,1,#NE
10481,10481,5,27,30,2026,1,#NE
10482,10482,5,27,7,2026,1,#NE
10483,10483,5,27,26,2026,1,#NE
10484,10484,8,26,28,2026,1,#NE
10485,10485,8,26,21,2026,1,#NE
10486,10486,9,27,4,2026,1,#NE
10487,10487,9,27,4,2026,1,#NE
10488,10488,9,27,29,2026,1,#NE
10489,10489,9,27,4,2026,1,#NE
10490,10490,9,27,16,2026,1,#NE
10491,10491,9,27,29,2026,1,#NE
10492,10492,9,27,4,2026,1,#NE
10493,10493,9,27,4,2026,1,#NE
10494,10494,9,27,4,2026,1,#NE
10495,10495,9,27,16,2026,1,#NE
10496,10496,9,27,29,2026,1,#NE
10497,10497,9,27,4,2026,1,#NE
10498,10498,9,27,4,2026,1,#NE
10499,10499,9,27,4,2026,1,#NE
10500,10500,9,27,4,2026,1,#NE
10501,10501,9,27,4,2026,1,#NE
10502,10502,9,27,29,2026,1,#NE
10503,10503,9,27,29,2026,1,#NE
10504,10504,9,27,16,2026,1,#NE
10505,10505,9,27,23,2026,1,#NE
10506,10506,9,27,8,2026,1,#NE
10507,10507,9,27,8,2026,1,#NE
10508,10508,9,27,8,2026,1,#NE
10509,10509,9,27,8,2026,1,#NE
10510,10510,9,27,8,2026,1,#NE
10511,10511,9,27,8,2026,1,#NE
10512,10512,9,27,8,2026,1,#NE
10513,10513,9,27,8,2026,1,#NE
10514,10514,9,27,8,2026,1,#NE
10515,10515,9,27,8,2026,1,#NE
10516,10516,9,27,8,2026,1,#NE
10517,10517,9,27,8,2026,1,#NE
10518,10518,9,27,8,2026,1,#NE
10519,10519,9,27,12,2026,1,#NE
10520,10520,9,27,12,2026,1,#NE
10521,10521,9,27,11,2026,1,#NE
10522,10522,9,27,24,2026,1,#NE
10523,10523,9,27,24,2026,1,#NE
10524,10524,9,27,24,2026,1,#NE
10525,10525,9,27,24,2026,1,#NE
10526,10526,9,27,24,2026,1,#NE
10527,10527,9,27,24,2026,1,#NE
10528,10528,9,27,24,2026,1,#NE
10529,10529,9,27,24,2026,1,#NE
10530,10530,9,27,24,2026,1,#NE
10531,10531,9,27,24,2026,1,#NE
10532,10532,9,27,24,2026,1,#NE
10533,10533,9,27,24,2026,1,#NE
10534,10534,9,27,24,2026,1,#NE
10535,10535,9,27,7,2026,1,#NE
10536,10536,9,27,7,2026,1,#NE
10537,10537,9,27,13,2026,1,#NE
10538,10538,9,27,13,2026,1,#NE
10539,10539,9,27,13,2026,1,#NE
10540,10540,9,27,7,2026,1,#NE
10541,10541,9,27,13,2026,1,#NE
10542,10542,9,27,13,2026,1,#NE
10543,10543,9,27,13,2026,1,#NE
10544,10544,9,27,22,2026,1,#NE
10545,10545,9,27,22,2026,1,#NE
10546,10546,9,27,26,2026,1,#NE
10547,10547,9,27,22,2026,1,#NE
10548,10548,9,27,22,2026,1,#NE
10549,10549,9,27,22,2026,1,#NE
10550,10550,9,27,22,2026,1,#NE
10551,10551,9,27,22,2026,1,#NE
10552,10552,9,27,22,2026,1,#NE
10553,10553,9,27,15,2026,1,#NE
10554,10554,9,27,15,2026,1,#NE
10555,10555,9,27,15,2026,1,#NE
10556,10556,9,27,15,2026,1,#NE
10557,10557,9,27,15,2026,1,#NE
10558,10558,9,27,15,2026,1,#NE
10559,10559,9,27,15,2026,1,#NE
10560,10560,9,27,27,2026,1,#NE
10561,10561,9,27,27,2026,1,#NE
10562,10562,9,27,27,2026,1,#NE
10563,10563,9,27,27,2026,1,#NE
10564,10564,9,27,6,2026,1,#NE
10565,10565,9,27,1,2026,1,#NE
10566,10566,9,27,27,2026,1,#NE
10567,10567,9,27,27,2026,1,#NE
10568,10568,9,27,27,2026,1,#NE
10569,10569,9,27,6,2026,1,#NE
10570,10570,9,27,6,2026,1,#NE
10571,10571,9,27,6,2026,1,#NE
10572,10572,9,27,6,2026,1,#NE
10573,10573,9,27,6,2026,1,#NE
10574,10574,9,27,6,2026,1,#NE
10575,10575,9,27,6,2026,1,#NE
10576,10576,9,27,6,2026,1,#NE
10577,10577,9,27,6,2026,1,#NE
10578,10578,9,27,6,2026,1,#NE
10579,10579,9,27,5,2026,1,#NE
10580,10580,9,27,5,2026,1,#NE
10581,10581,9,27,5,2026,1,#NE
10582,10582,9,27,28,2026,1,#NE
10583,10583,9,27,28,2026,1,#NE
10584,10584,9,27,17,2026,1,#NE
10585,10585,9,27,5,2026,1,#NE
10586,10586,9,27,5,2026,1,#NE
10587,10587,9,27,5,2026,1,#NE
10588,10588,9,27,5,2026,1,#NE
10589,10589,9,27,5,2026,1,#NE
10590,10590,9,27,28,2026,1,#NE
10591,10591,9,27,28,2026,1,#NE
10592,10592,9,27,17,2026,1,#NE
10593,10593,9,27,28,2026,1,#NE
10594,10594,9,27,28,2026,1,#NE
10595,10595,9,27,28,2026,1,#NE
10596,10596,9,27,17,2026,1,#NE
10597,10597,9,27,28,2026,1,#NE
10598,10598,9,27,17,2026,1,#NE
10599,10599,9,27,9,2026,1,#NE
10600,10600,9,27,9,2026,1,#NE
10601,10601,9,27,9,2026,1,#NE
10602,10602,9,27,9,2026,1,#NE
10603,10603,9,27,9,2026,1,#NE
10604,10604,9,27,9,2026,1,#NE
10605,10605,9,27,9,2026,1,#NE
10606,10606,9,27,9,2026,1,#NE
10607,10607,9,27,9,2026,1,#NE
10608,10608,9,27,9,2026,1,#NE
10609,10609,9,27,9,2026,1,#NE
10610,10610,9,27,9,2026,1,#NE
10611,10611,9,27,9,2026,1,#NE
10612,10612,9,27,2,2026,1,#NE
10613,10613,9,27,2,2026,1,#NE
10614,10614,9,27,2,2026,1,#NE
10615,10615,9,27,2,2026,1,#NE
10616,10616,9,27,2,2026,1,#NE
10617,10617,9,27,2,2026,1,#NE
10618,10618,9,27,20,2026,1,#NE
10619,10619,9,27,20,2026,1,#NE
10620,10620,9,27,20,2026,1,#NE
10621,10621,9,27,20,2026,1,#NE
10622,10622,9,27,20,2026,1,#NE
10623,10623,9,27,20,2026,1,#NE
10624,10624,9,27,20,2026,1,#NE
10625,10625,9,27,20,2026,1,#NE
10626,10626,9,27,20,2026,1,#NE
10627,10627,9,27,20,2026,1,#NE
10628,10628,9,27,20,2026,1,#NE
10629,10629,9,27,20,2026,1,#NE
10630,10630,9,27,20,2026,1,#NE
10631,10631,9,27,20,2026,1,#NE
10632,10632,9,27,3,2026,1,#NE
10633,10633,9,27,21,2026,1,#NE
10634,10634,9,27,21,2026,1,#NE
10635,10635,9,27,21,2026,1,#NE
10636,10636,9,27,21,2026,1,#NE
10637,10637,9,27,21,2026,1,#NE
10638,10638,9,27,21,2026,1,#NE
10639,10639,9,27,21,2026,1,#NE
10640,10640,9,27,21,2026,1,#NE
10641,10641,9,27,21,2026,1,#NE
10642,10642,9,27,21,2026,1,#NE
10643,10643,9,27,21,2026,1,#NE
10644,10644,9,27,21,2026,1,#NE
10645,10645,9,27,30,2026,1,#NE
10646,10646,9,27,14,2026,1,#NE
10647,10647,9,27,14,2026,1,#NE
10648,10648,9,27,14,2026,1,#NE
10649,10649,9,27,14,2026,1,#NE
10650,10650,9,27,14,2026,1,#NE
10651,10651,9,27,14,2026,1,#NE
10652,10652,9,27,14,2026,1,#NE
10653,10653,9,27,14,2026,1,#NE
10654,10654,9,27,14,2026,1,#NE
10655,10655,9,27,14,2026,1,#NE
10656,10656,9,27,14,2026,1,#NE
10657,10657,9,27,14,2026,1,#NE
10658,10658,9,27,14,2026,1,#NE
10659,10659,9,27,14,2026,1,#NE
10660,10660,9,27,14,2026,1,#NE
10661,10661,9,27,14,2026,1,#NE
10662,10662,9,27,14,2026,1,#NE
10663,10663,9,27,19,2026,1,#NE
10664,10664,9,27,19,2026,1,#NE
10665,10665,9,27,19,2026,1,#NE
10666,10666,9,27,19,2026,1,#NE
10667,10667,9,5,4,2026,1,#NE
10668,10668,8,3,9,2026,1,#NE
10669,10669,8,12,19,2026,1,#NE
10670,10670,8,12,8,2026,1,#NE
10671,10671,8,5,26,2026,1,#NE
10672,10672,8,5,1,2026,1,#NE
10673,10673,8,27,9,2026,1,#NE
10674,10674,8,27,9,2026,1,#NE
10675,10675,8,27,9,2026,1,#NE
10676,10676,8,27,9,2026,1,#NE
10677,10677,8,27,9,2026,1,#NE
10678,10678,8,27,9,2026,1,#NE
10679,10679,8,27,9,2026,1,#NE
10680,10680,8,27,9,2026,1,#NE
10681,10681,8,27,9,2026,1,#NE
10682,10682,8,27,9,2026,1,#NE
10683,10683,8,22,2,2026,1,#NE
10684,10684,8,27,5,2026,1,#NE
10685,10685,8,27,21,2026,1,#NE
10686,10686,8,27,21,2026,1,#NE
10687,10687,8,27,21,2026,1,#NE
10688,10688,8,27,3,2026,1,#NE
10689,10689,8,27,21,2026,1,#NE
10690,10690,8,27,21,2026,1,#NE
10691,10691,8,27,21,2026,1,#NE
10692,10692,8,27,13,2026,1,#NE
10693,10693,8,27,13,2026,1,#NE
10694,10694,8,27,13,2026,1,#NE
10695,10695,8,27,13,2026,1,#NE
10696,10696,8,27,13,2026,1,#NE
10697,10697,8,27,13,2026,1,#NE
10698,10698,8,27,13,2026,1,#NE
10699,10699,8,27,13,2026,1,#NE
10700,10700,8,27,13,2026,1,#NE
10701,10701,8,27,13,2026,1,#NE
10702,10702,8,27,24,2026,1,#NE
10703,10703,8,27,24,2026,1,#NE
10704,10704,8,27,24,2026,1,#NE
10705,10705,8,27,24,2026,1,#NE
10706,10706,8,27,24,2026,1,#NE
10707,10707,8,27,24,2026,1,#NE
10708,10708,8,27,24,2026,1,#NE
10709,10709,8,27,24,2026,1,#NE
10710,10710,8,27,24,2026,1,#NE
10711,10711,8,27,24,2026,1,#NE
10712,10712,8,27,24,2026,1,#NE
10713,10713,8,27,24,2026,1,#NE
10714,10714,8,27,25,2026,1,#NE
10715,10715,8,27,19,2026,1,#NE
10716,10716,8,27,19,2026,1,#NE
10717,10717,8,27,19,2026,1,#NE
10718,10718,8,27,19,2026,1,#NE
10719,10719,8,27,19,2026,1,#NE
10720,10720,8,27,19,2026,1,#NE
10721,10721,8,27,19,2026,1,#NE
10722,10722,8,27,19,2026,1,#NE
10723,10723,8,27,19,2026,1,#NE
10724,10724,8,27,6,2026,1,#NE
10725,10725,8,27,6,2026,1,#NE
10726,10726,8,27,6,2026,1,#NE
10727,10727,8,27,6,2026,1,#NE
10728,10728,8,27,6,2026,1,#NE
10729,10729,8,27,27,2026,1,#NE
10730,10730,8,27,27,2026,1,#NE
10731,10731,8,27,27,2026,1,#NE
10732,10732,8,27,27,2026,1,#NE
10733,10733,8,27,27,2026,1,#NE
10734,10734,8,27,27,2026,1,#NE
10735,10735,8,27,27,2026,1,#NE
10736,10736,8,27,22,2026,1,#NE
10737,10737,8,27,26,2026,1,#NE
10738,10738,8,27,22,2026,1,#NE
10739,10739,8,27,22,2026,1,#NE
10740,10740,8,27,7,2026,1,#NE
10741,10741,8,12,17,2026,1,#NE
10742,10742,8,12,17,2026,1,#NE
10743,10743,8,12,21,2026,1,#NE
10744,10744,8,27,7,2026,1,#NE
10745,10745,5,8,9,2026,1,#NE
10746,10746,8,27,7,2026,1,#NE
10747,10747,8,27,7,2026,1,#NE
10748,10748,8,27,7,2026,1,#NE
10749,10749,5,17,30,2026,1,#NE
10750,10750,8,20,7,2026,1,#NE
10751,10751,3,8,16,2026,1,#NE
10752,10752,8,27,7,2026,1,#NE
10753,10753,8,27,7,2026,1,#NE
10754,10754,8,27,7,2026,1,#NE
10755,10755,8,27,2,2026,1,#NE
10756,10756,8,10,21,2026,1,#NE
10757,10757,8,25,3,2026,1,#NE
10758,10758,8,27,2,2026,1,#NE
10759,10759,8,27,2,2026,1,#NE
10760,10760,8,27,2,2026,1,#NE
10761,10761,8,27,2,2026,1,#NE
10762,10762,8,25,22,2026,1,#NE
10763,10763,9,10,29,2026,1,#NE
10764,10764,5,25,7,2026,1,#NE
10765,10765,8,27,2,2026,1,#NE
10766,10766,8,10,21,2026,1,#NE
10767,10767,8,10,21,2026,1,#NE
10768,10768,8,10,21,2026,1,#NE
10769,10769,8,10,30,2026,1,#NE
10770,10770,8,25,22,2026,1,#NE
10771,10771,8,27,2,2026,1,#NE
10772,10772,8,27,2,2026,1,#NE
10773,10773,8,27,2,2026,1,#NE
10774,10774,8,25,22,2026,1,#NE
10775,10775,8,27,2,2026,1,#NE
10776,10776,8,27,2,2026,1,#NE
10777,10777,8,27,15,2026,1,#NE
10778,10778,8,3,8,2026,1,#NE
10779,10779,8,27,15,2026,1,#NE
10780,10780,8,27,15,2026,1,#NE
10781,10781,8,3,19,2026,1,#NE
10782,10782,8,27,15,2026,1,#NE
10783,10783,8,27,15,2026,1,#NE
10784,10784,8,27,15,2026,1,#NE
10785,10785,8,27,15,2026,1,#NE
10786,10786,8,10,6,2026,1,#NE
10787,10787,8,10,6,2026,1,#NE
10788,10788,8,10,6,2026,1,#NE
10789,10789,8,25,15,2026,1,#NE
10790,10790,8,27,15,2026,1,#NE
10791,10791,8,20,8,2026,1,#NE
10792,10792,8,20,8,2026,1,#NE
10793,10793,8,27,4,2026,1,#NE
10794,10794,8,20,8,2026,1,#NE
10795,10795,8,20,8,2026,1,#NE
10796,10796,8,3,27,2026,1,#NE
10797,10797,8,27,4,2026,1,#NE
10798,10798,8,27,4,2026,1,#NE
10799,10799,8,27,4,2026,1,#NE
10800,10800,8,3,7,2026,1,#NE
10801,10801,8,3,7,2026,1,#NE
10802,10802,8,3,7,2026,1,#NE
10803,10803,8,3,7,2026,1,#NE
10804,10804,8,10,6,2026,1,#NE
10805,10805,8,10,15,2026,1,#NE
10806,10806,8,27,4,2026,1,#NE
10807,10807,8,27,4,2026,1,#NE
10808,10808,8,27,4,2026,1,#NE
10809,10809,8,10,15,2026,1,#NE
10810,10810,8,27,4,2026,1,#NE
10811,10811,8,27,4,2026,1,#NE
10812,10812,8,25,4,2026,1,#NE
10813,10813,8,25,30,2026,1,#NE
10814,10814,8,25,17,2026,1,#NE
10815,10815,8,27,4,2026,1,#NE
10816,10816,8,27,4,2026,1,#NE
10817,10817,8,27,28,2026,1,#NE
10818,10818,8,27,17,2026,1,#NE
10819,10819,8,20,8,2026,1,#NE
10820,10820,8,20,8,2026,1,#NE
10821,10821,8,20,8,2026,1,#NE
10822,10822,8,20,16,2026,1,#NE
10823,10823,8,20,16,2026,1,#NE
10824,10824,8,27,20,2026,1,#NE
10825,10825,8,27,17,2026,1,#NE
10826,10826,8,20,29,2026,1,#NE
10827,10827,8,27,28,2026,1,#NE
10828,10828,8,10,29,2026,1,#NE
10829,10829,8,10,29,2026,1,#NE
10830,10830,8,10,19,2026,1,#NE
10831,10831,8,10,19,2026,1,#NE
10832,10832,8,10,19,2026,1,#NE
10833,10833,8,20,29,2026,1,#NE
10834,10834,8,27,17,2026,1,#NE
10835,10835,8,27,17,2026,1,#NE
10836,10836,8,27,20,2026,1,#NE
10837,10837,8,27,20,2026,1,#NE
10838,10838,8,10,19,2026,1,#NE
10839,10839,8,10,14,2026,1,#NE
10840,10840,8,10,14,2026,1,#NE
10841,10841,8,27,20,2026,1,#NE
10842,10842,8,10,14,2026,1,#NE
10843,10843,8,20,4,2026,1,#NE
10844,10844,8,27,20,2026,1,#NE
10845,10845,8,27,20,2026,1,#NE
10846,10846,8,27,20,2026,1,#NE
10847,10847,8,27,20,2026,1,#NE
10848,10848,8,27,20,2026,1,#NE
10849,10849,8,27,20,2026,1,#NE
10850,10850,8,27,20,2026,1,#NE
10851,10851,8,27,20,2026,1,#NE
10852,10852,8,3,4,2026,1,#NE
10853,10853,8,3,4,2026,1,#NE
10854,10854,8,10,14,2026,1,#NE
10855,10855,8,10,24,2026,1,#NE
10856,10856,8,10,24,2026,1,#NE
10857,10857,8,10,24,2026,1,#NE
10858,10858,8,25,17,2026,1,#NE
10859,10859,8,25,28,2026,1,#NE
10860,10860,8,20,14,2026,1,#NE
10861,10861,8,3,2,2026,1,#NE
10862,10862,8,10,24,2026,1,#NE
10863,10863,8,10,13,2026,1,#NE
10864,10864,8,25,9,2026,1,#NE
10865,10865,8,25,12,2026,1,#NE
10866,10866,8,20,14,2026,1,#NE
10867,10867,8,20,14,2026,1,#NE
10868,10868,8,20,14,2026,1,#NE
10869,10869,8,20,14,2026,1,#NE
10870,10870,8,20,14,2026,1,#NE
10871,10871,8,20,14,2026,1,#NE
10872,10872,8,10,13,2026,1,#NE
10873,10873,8,27,14,2026,1,#NE
10874,10874,8,27,14,2026,1,#NE
10875,10875,8,27,14,2026,1,#NE
10876,10876,8,20,14,2026,1,#NE
10877,10877,8,20,14,2026,1,#NE
10878,10878,8,3,9,2026,1,#NE
10879,10879,8,27,14,2026,1,#NE
10880,10880,8,27,14,2026,1,#NE
10881,10881,8,27,14,2026,1,#NE
10882,10882,8,27,14,2026,1,#NE
10883,10883,8,27,14,2026,1,#NE
10884,10884,8,27,14,2026,1,#NE
10885,10885,8,27,14,2026,1,#NE
10886,10886,8,10,9,2026,1,#NE
10887,10887,8,10,9,2026,1,#NE
10888,10888,8,25,24,2026,1,#NE
10889,10889,8,27,14,2026,1,#NE
10890,10890,8,27,1,2026,1,#NE
10891,10891,8,25,24,2026,1,#NE
10892,10892,8,25,25,2026,1,#NE
10893,10893,8,27,1,2026,1,#NE
10894,10894,8,27,1,2026,1,#NE
10895,10895,8,27,1,2026,1,#NE
10896,10896,8,27,1,2026,1,#NE
10897,10897,8,27,1,2026,1,#NE
10898,10898,8,3,28,2026,1,#NE
10899,10899,8,10,28,2026,1,#NE
10900,10900,8,27,1,2026,1,#NE
10901,10901,8,25,11,2026,1,#NE
10902,10902,8,25,14,2026,1,#NE
10903,10903,8,25,14,2026,1,#NE
10904,10904,8,25,14,2026,1,#NE
10905,10905,8,25,14,2026,1,#NE
10906,10906,8,25,14,2026,1,#NE
10907,10907,8,25,14,2026,1,#NE
10908,10908,8,20,22,2026,1,#NE
10909,10909,8,20,22,2026,1,#NE
10910,10910,8,27,16,2026,1,#NE
10911,10911,8,20,21,2026,1,#NE
10912,10912,8,3,22,2026,1,#NE
10913,10913,8,27,16,2026,1,#NE
10914,10914,8,27,29,2026,1,#NE
10915,10915,8,27,29,2026,1,#NE
10916,10916,8,3,26,2026,1,#NE
10917,10917,8,3,24,2026,1,#NE
10918,10918,8,10,7,2026,1,#NE
10919,10919,8,27,16,2026,1,#NE
10920,10920,8,27,29,2026,1,#NE
10921,10921,8,10,7,2026,1,#NE
10922,10922,8,10,7,2026,1,#NE
10923,10923,8,20,21,2026,1,#NE
10924,10924,8,27,29,2026,1,#NE
10925,10925,8,27,29,2026,1,#NE
10926,10926,8,27,29,2026,1,#NE
10927,10927,8,27,16,2026,1,#NE
10928,10928,8,10,4,2026,1,#NE
10929,10929,8,27,16,2026,1,#NE
10930,10930,8,27,16,2026,1,#NE
10931,10931,8,20,21,2026,1,#NE
10932,10932,8,10,20,2026,1,#NE
10933,10933,8,10,20,2026,1,#NE
10934,10934,9,22,25,2026,1,#NE
10935,10935,9,10,6,2026,1,#NE
10936,10936,9,10,22,2026,1,#NE
10937,10937,8,10,22,2026,1,#NE
10938,10938,8,20,21,2026,1,#NE
10939,10939,8,20,21,2026,1,#NE
10940,10940,8,20,21,2026,1,#NE
10941,10941,8,12,26,2026,1,#NE
10942,10942,8,12,16,2026,1,#NE
10943,10943,8,10,27,2026,1,#NE
10944,10944,8,12,4,2026,1,#NE
10945,10945,8,20,6,2026,1,#NE
10946,10946,8,20,6,2026,1,#NE
10947,10947,8,20,6,2026,1,#NE
10948,10948,8,10,27,2026,1,#NE
10949,10949,8,7,7,2026,1,#NE
10950,10950,8,25,2,2026,1,#NE
10951,10951,9,12,6,2026,1,#NE
10952,10952,8,20,6,2026,1,#NE
10953,10953,8,21,21,2026,1,#NE
10954,10954,9,13,27,2026,1,#NE
10955,10955,8,3,24,2026,1,#NE
10956,10956,8,3,6,2026,1,#NE
10957,10957,8,3,6,2026,1,#NE
10958,10958,10,8,21,2026,1,#NE
10959,10959,8,26,14,2026,1,#NE
10960,10960,8,26,19,2026,1,#NE
10961,10961,9,23,21,2026,1,#NE
10962,10962,8,25,7,2026,1,#NE
10963,10963,8,25,7,2026,1,#NE
10964,10964,8,20,6,2026,1,#NE
10965,10965,10,8,28,2026,1,#NE
10966,10966,8,1,28,2026,1,#NE
10967,10967,9,12,19,2026,1,#NE
10968,10968,9,12,9,2026,1,#NE
10969,10969,8,20,6,2026,1,#NE
10970,10970,8,20,6,2026,1,#NE
10971,10971,8,3,15,2026,1,#NE
10972,10972,9,12,8,2026,1,#NE
10973,10973,8,3,15,2026,1,#NE
10974,10974,8,26,19,2026,1,#NE
10975,10975,9,25,20,2026,1,#NE
10976,10976,9,15,13,2026,1,#NE
10977,10977,8,13,28,2026,1,#NE
10978,10978,8,25,27,2026,1,#NE
10979,10979,8,25,27,2026,1,#NE
10980,10980,8,20,5,2026,1,#NE
10981,10981,8,20,5,2026,1,#NE
10982,10982,8,12,19,2026,1,#NE
10983,10983,8,12,19,2026,1,#NE
10984,10984,8,24,2,2026,1,#NE
10985,10985,8,26,24,2026,1,#NE
10986,10986,8,26,24,2026,1,#NE
10987,10987,8,26,27,2026,1,#NE
10988,10988,9,16,14,2026,1,#NE
10989,10989,9,24,9,2026,1,#NE
10990,10990,8,25,6,2026,1,#NE
10991,10991,8,20,5,2026,1,#NE
10992,10992,8,11,2,2026,1,#NE
10993,10993,9,16,14,2026,1,#NE
10994,10994,9,16,14,2026,1,#NE
10995,10995,8,20,5,2026,1,#NE
10996,10996,8,26,16,2026,1,#NE
10997,10997,8,26,16,2026,1,#NE
10998,10998,8,26,29,2026,1,#NE
10999,10999,8,26,29,2026,1,#NE
11000,11000,9,16,13,2026,1,#NE
11001,11001,9,16,13,2026,1,#NE
11002,11002,8,20,15,2026,1,#NE
11003,11003,9,28,16,2026,1,#NE
11004,11004,9,3,9,2026,1,#NE
11005,11005,8,20,15,2026,1,#NE
11006,11006,9,3,9,2026,1,#NE
11007,11007,8,19,5,2026,1,#NE
11008,11008,8,19,17,2026,1,#NE
11009,11009,8,19,17,2026,1,#NE
11010,11010,9,20,25,2026,1,#NE
11011,11011,9,11,17,2026,1,#NE
11012,11012,8,25,13,2026,1,#NE
11013,11013,9,16,16,2026,1,#NE
11014,11014,9,19,6,2026,1,#NE
11015,11015,8,12,19,2026,1,#NE
11016,11016,8,19,22,2026,1,#NE
11017,11017,8,19,13,2026,1,#NE
11018,11018,8,12,19,2026,1,#NE
11019,11019,8,12,6,2026,1,#NE
11020,11020,8,26,4,2026,1,#NE
11021,11021,9,19,5,2026,1,#NE
11022,11022,3,15,5,2026,1,#NE
11023,11023,9,11,16,2026,1,#NE
11024,11024,8,26,7,2026,1,#NE
11025,11025,8,28,16,2026,1,#NE
11026,11026,6,14,6,2026,1,#NE
11027,11027,8,20,27,2026,1,#NE
11028,11028,8,20,27,2026,1,#NE
11029,11029,8,20,27,2026,1,#NE
11030,11030,8,12,6,2026,1,#NE
11031,11031,8,12,6,2026,1,#NE
11032,11032,8,12,6,2026,1,#NE
11033,11033,8,12,6,2026,1,#NE
11034,11034,8,26,7,2026,1,#NE
11035,11035,8,26,3,2026,1,#NE
11036,11036,8,25,20,2026,1,#NE
11037,11037,6,27,30,2026,1,#NE
11038,11038,6,27,10,2026,1,#NE
11039,11039,6,27,15,2026,1,#NE
11040,11040,6,27,15,2026,1,#NE
11041,11041,6,12,13,2026,1,#NE
11042,11042,8,12,6,2026,1,#NE
11043,11043,7,28,26,2026,1,#NE
11044,11044,8,12,6,2026,1,#NE
11045,11045,6,16,14,2026,1,#NE
11046,11046,5,11,10,2026,1,#NE
11047,11047,5,11,9,2026,1,#NE
11048,11048,9,5,26,2026,1,#NE
11049,11049,9,5,22,2026,1,#NE
11050,11050,9,5,22,2026,1,#NE
11051,11051,9,5,22,2026,1,#NE
11052,11052,9,5,22,2026,1,#NE
11053,11053,8,20,27,2026,1,#NE
11054,11054,8,20,9,2026,1,#NE
11055,11055,8,20,9,2026,1,#NE
11056,11056,8,12,6,2026,1,#NE
11057,11057,8,5,17,2026,1,#NE
11058,11058,8,5,17,2026,1,#NE
11059,11059,8,20,9,2026,1,#NE
11060,11060,8,20,9,2026,1,#NE
11061,11061,8,5,28,2026,1,#NE
11062,11062,8,5,17,2026,1,#NE
11063,11063,8,20,9,2026,1,#NE
11064,11064,8,5,15,2026,1,#NE
11065,11065,9,5,22,2026,1,#NE
11066,11066,8,20,28,2026,1,#NE
11067,11067,8,20,17,2026,1,#NE
11068,11068,8,12,8,2026,1,#NE
11069,11069,8,5,27,2026,1,#NE
11070,11070,8,5,27,2026,1,#NE
11071,11071,8,5,26,2026,1,#NE
11072,11072,9,5,22,2026,1,#NE
11073,11073,9,20,14,2026,1,#NE
11074,11074,9,20,15,2026,1,#NE
11075,11075,9,20,15,2026,1,#NE
11076,11076,9,20,9,2026,1,#NE
11077,11077,9,5,26,2026,1,#NE
11078,11078,9,2,28,2026,1,#NE
11079,11079,8,20,17,2026,1,#NE
11080,11080,9,9,9,2026,1,#NE
11081,11081,9,9,5,2026,1,#NE
11082,11082,8,12,8,2026,1,#NE
11083,11083,8,12,9,2026,1,#NE
11084,11084,8,17,4,2026,1,#NE
11085,11085,8,17,4,2026,1,#NE
11086,11086,8,17,5,2026,1,#NE
11087,11087,8,17,5,2026,1,#NE
11088,11088,8,5,22,2026,1,#NE
11089,11089,8,5,26,2026,1,#NE
11090,11090,8,17,14,2026,1,#NE
11091,11091,8,17,13,2026,1,#NE
11092,11092,9,5,8,2026,1,#NE
11093,11093,9,5,8,2026,1,#NE
11094,11094,9,5,8,2026,1,#NE
11095,11095,9,5,8,2026,1,#NE
11096,11096,8,2,2,2026,1,#NE
11097,11097,8,2,5,2026,1,#NE
11098,11098,8,12,9,2026,1,#NE
11099,11099,8,12,9,2026,1,#NE
11100,11100,9,7,25,2026,1,#NE
11101,11101,9,7,24,2026,1,#NE
11102,11102,8,12,9,2026,1,#NE
11103,11103,8,5,27,2026,1,#NE
11104,11104,9,1,20,2026,1,#NE
11105,11105,9,1,3,2026,1,#NE
11106,11106,9,1,1,2026,1,#NE
11107,11107,9,1,13,2026,1,#NE
11108,11108,9,17,29,2026,1,#NE
11109,11109,9,5,8,2026,1,#NE
11110,11110,9,5,8,2026,1,#NE
11111,11111,9,17,11,2026,1,#NE
11112,11112,9,17,5,2026,1,#NE
11113,11113,8,20,17,2026,1,#NE
11114,11114,9,17,2,2026,1,#NE
11115,11115,9,17,27,2026,1,#NE
11116,11116,6,28,26,2026,1,#NE
11117,11117,7,23,22,2026,1,#NE
11118,11118,7,23,25,2026,1,#NE
11119,11119,8,5,26,2026,1,#NE
11120,11120,8,5,22,2026,1,#NE
11121,11121,8,20,20,2026,1,#NE
11122,11122,8,20,20,2026,1,#NE
11123,11123,4,27,23,2026,1,#NE
11124,11124,8,20,20,2026,1,#NE
11125,11125,8,20,20,2026,1,#NE
11126,11126,7,11,22,2026,1,#NE
11127,11127,8,5,27,2026,1,#NE
11128,11128,8,5,2,2026,1,#NE
11129,11129,8,5,2,2026,1,#NE
11130,11130,8,20,20,2026,1,#NE
11131,11131,8,5,2,2026,1,#NE
11132,11132,8,5,2,2026,1,#NE
11133,11133,8,20,13,2026,1,#NE
11134,11134,8,20,13,2026,1,#NE
11135,11135,8,5,2,2026,1,#NE
11136,11136,8,12,9,2026,1,#NE
11137,11137,8,12,9,2026,1,#NE
11138,11138,8,12,9,2026,1,#NE
11139,11139,8,5,6,2026,1,#NE
11140,11140,8,5,6,2026,1,#NE
11141,11141,8,5,6,2026,1,#NE
11142,11142,8,5,6,2026,1,#NE
11143,11143,9,5,8,2026,1,#NE
11144,11144,9,5,8,2026,1,#NE
11145,11145,8,20,13,2026,1,#NE
11146,11146,8,20,13,2026,1,#NE
11147,11147,8,5,6,2026,1,#NE
11148,11148,8,5,6,2026,1,#NE
11149,11149,8,5,6,2026,1,#NE
11150,11150,9,5,1,2026,1,#NE
11151,11151,8,20,13,2026,1,#NE
11152,11152,8,20,24,2026,1,#NE
11153,11153,8,20,24,2026,1,#NE
11154,11154,8,12,20,2026,1,#NE
11155,11155,8,12,20,2026,1,#NE
11156,11156,8,5,6,2026,1,#NE
11157,11157,8,5,14,2026,1,#NE
11158,11158,8,5,14,2026,1,#NE
11159,11159,8,5,14,2026,1,#NE
11160,11160,9,5,4,2026,1,#NE
11161,11161,9,5,4,2026,1,#NE
11162,11162,9,5,4,2026,1,#NE
11163,11163,9,5,21,2026,1,#NE
11164,11164,8,12,20,2026,1,#NE
11165,11165,8,12,2,2026,1,#NE
11166,11166,8,5,14,2026,1,#NE
11167,11167,8,5,14,2026,1,#NE
11168,11168,8,5,14,2026,1,#NE
11169,11169,8,5,14,2026,1,#NE
11170,11170,8,5,14,2026,1,#NE
11171,11171,9,5,3,2026,1,#NE
11172,11172,9,5,21,2026,1,#NE
11173,11173,8,20,24,2026,1,#NE
11174,11174,8,20,24,2026,1,#NE
11175,11175,8,12,2,2026,1,#NE
11176,11176,8,12,2,2026,1,#NE
11177,11177,8,12,2,2026,1,#NE
11178,11178,8,12,2,2026,1,#NE
11179,11179,8,20,23,2026,1,#NE
11180,11180,8,20,2,2026,1,#NE
11181,11181,8,5,13,2026,1,#NE
11182,11182,8,5,13,2026,1,#NE
11183,11183,8,5,13,2026,1,#NE
11184,11184,8,20,2,2026,1,#NE
11185,11185,8,20,2,2026,1,#NE
11186,11186,8,20,2,2026,1,#NE
11187,11187,8,5,13,2026,1,#NE
11188,11188,8,5,13,2026,1,#NE
11189,11189,8,20,2,2026,1,#NE
11190,11190,8,20,2,2026,1,#NE
11191,11191,8,20,2,2026,1,#NE
11192,11192,8,5,13,2026,1,#NE
11193,11193,8,5,20,2026,1,#NE
11194,11194,8,5,20,2026,1,#NE
11195,11195,9,5,21,2026,1,#NE
11196,11196,9,5,21,2026,1,#NE
11197,11197,8,20,2,2026,1,#NE
11198,11198,8,20,2,2026,1,#NE
11199,11199,8,20,19,2026,1,#NE
11200,11200,8,20,19,2026,1,#NE
11201,11201,8,12,2,2026,1,#NE
11202,11202,8,12,2,2026,1,#NE
11203,11203,8,12,2,2026,1,#NE
11204,11204,9,5,21,2026,1,#NE
11205,11205,9,5,21,2026,1,#NE
11206,11206,9,5,3,2026,1,#NE
11207,11207,9,5,21,2026,1,#NE
11208,11208,8,12,2,2026,1,#NE
11209,11209,8,12,2,2026,1,#NE
11210,11210,8,20,19,2026,1,#NE
11211,11211,8,12,2,2026,1,#NE
11212,11212,8,12,30,2026,1,#NE
11213,11213,8,12,30,2026,1,#NE
11214,11214,8,5,19,2026,1,#NE
11215,11215,8,5,19,2026,1,#NE
11216,11216,8,5,19,2026,1,#NE
11217,11217,8,5,19,2026,1,#NE
11218,11218,8,5,19,2026,1,#NE
11219,11219,9,5,21,2026,1,#NE
11220,11220,9,5,3,2026,1,#NE
11221,11221,9,5,2,2026,1,#NE
11222,11222,9,5,2,2026,1,#NE
11223,11223,9,5,2,2026,1,#NE
11224,11224,8,22,9,2026,1,#NE
11225,11225,8,12,13,2026,1,#NE
11226,11226,8,12,13,2026,1,#NE
11227,11227,8,5,19,2026,1,#NE
11228,11228,8,5,19,2026,1,#NE
11229,11229,8,5,19,2026,1,#NE
11230,11230,8,5,19,2026,1,#NE
11231,11231,8,22,28,2026,1,#NE
11232,11232,8,12,13,2026,1,#NE
11233,11233,9,5,2,2026,1,#NE
11234,11234,9,5,2,2026,1,#NE
11235,11235,9,5,2,2026,1,#NE
11236,11236,8,22,6,2026,1,#NE
11237,11237,8,22,15,2026,1,#NE
11238,11238,8,5,29,2026,1,#NE
11239,11239,8,5,16,2026,1,#NE
11240,11240,9,5,2,2026,1,#NE
11241,11241,8,22,22,2026,1,#NE
11242,11242,8,22,22,2026,1,#NE
11243,11243,8,5,29,2026,1,#NE
11244,11244,8,22,13,2026,1,#NE
11245,11245,8,22,13,2026,1,#NE
11246,11246,8,5,9,2026,1,#NE
11247,11247,8,5,11,2026,1,#NE
11248,11248,8,22,2,2026,1,#NE
11249,11249,8,22,2,2026,1,#NE
11250,11250,8,22,2,2026,1,#NE
11251,11251,8,5,25,2026,1,#NE
11252,11252,8,5,24,2026,1,#NE
11253,11253,8,22,20,2026,1,#NE
11254,11254,9,10,21,2026,1,#NE
11255,11255,8,5,3,2026,1,#NE
11256,11256,8,5,21,2026,1,#NE
11257,11257,9,10,21,2026,1,#NE
11258,11258,9,10,9,2026,1,#NE
11259,11259,9,10,9,2026,1,#NE
11260,11260,9,10,9,2026,1,#NE
11261,11261,9,10,9,2026,1,#NE
11262,11262,8,12,28,2026,1,#NE
11263,11263,8,12,28,2026,1,#NE
11264,11264,8,12,28,2026,1,#NE
11265,11265,8,12,17,2026,1,#NE
11266,11266,9,10,9,2026,1,#NE
11267,11267,9,10,8,2026,1,#NE
11268,11268,9,10,8,2026,1,#NE
11269,11269,9,10,8,2026,1,#NE
11270,11270,9,10,8,2026,1,#NE
11271,11271,9,10,8,2026,1,#NE
11272,11272,8,12,17,2026,1,#NE
11273,11273,8,12,28,2026,1,#NE
11274,11274,9,5,24,2026,1,#NE
11275,11275,9,10,20,2026,1,#NE
11276,11276,9,10,20,2026,1,#NE
11277,11277,9,10,20,2026,1,#NE
11278,11278,8,12,14,2026,1,#NE
11279,11279,9,10,29,2026,1,#NE
11280,11280,9,10,29,2026,1,#NE
11281,11281,9,10,29,2026,1,#NE
11282,11282,9,10,29,2026,1,#NE
11283,11283,9,10,29,2026,1,#NE
11284,11284,9,10,29,2026,1,#NE
11285,11285,9,10,29,2026,1,#NE
11286,11286,8,12,14,2026,1,#NE
11287,11287,8,12,14,2026,1,#NE
11288,11288,8,12,14,2026,1,#NE
11289,11289,9,5,27,2026,1,#NE
11290,11290,9,10,5,2026,1,#NE
11291,11291,9,10,5,2026,1,#NE
11292,11292,8,12,14,2026,1,#NE
11293,11293,8,12,14,2026,1,#NE
11294,11294,9,5,27,2026,1,#NE
11295,11295,9,5,27,2026,1,#NE
11296,11296,8,12,14,2026,1,#NE
11297,11297,8,12,21,2026,1,#NE
11298,11298,9,5,27,2026,1,#NE
11299,11299,9,5,27,2026,1,#NE
11300,11300,9,5,27,2026,1,#NE
11301,11301,9,5,27,2026,1,#NE
11302,11302,9,10,1,2026,1,#NE
11303,11303,9,10,1,2026,1,#NE
11304,11304,8,12,21,2026,1,#NE
11305,11305,8,12,21,2026,1,#NE
11306,11306,8,12,21,2026,1,#NE
11307,11307,9,5,27,2026,1,#NE
11308,11308,9,5,20,2026,1,#NE
11309,11309,9,5,20,2026,1,#NE
11310,11310,9,10,1,2026,1,#NE
11311,11311,8,12,21,2026,1,#NE
11312,11312,9,5,6,2026,1,#NE
11313,11313,9,5,6,2026,1,#NE
11314,11314,9,10,4,2026,1,#NE
11315,11315,9,10,4,2026,1,#NE
11316,11316,8,12,15,2026,1,#NE
11317,11317,9,5,6,2026,1,#NE
11318,11318,9,10,4,2026,1,#NE
11319,11319,9,10,4,2026,1,#NE
11320,11320,9,10,30,2026,1,#NE
11321,11321,9,10,24,2026,1,#NE
11322,11322,9,10,24,2026,1,#NE
11323,11323,8,12,15,2026,1,#NE
11324,11324,9,5,6,2026,1,#NE
11325,11325,9,5,6,2026,1,#NE
11326,11326,9,10,24,2026,1,#NE
11327,11327,9,5,6,2026,1,#NE
11328,11328,9,5,6,2026,1,#NE
11329,11329,9,10,24,2026,1,#NE
11330,11330,8,12,22,2026,1,#NE
11331,11331,8,12,22,2026,1,#NE
11332,11332,8,12,26,2026,1,#NE
11333,11333,9,10,25,2026,1,#NE
11334,11334,9,10,6,2026,1,#NE
11335,11335,9,10,6,2026,1,#NE
11336,11336,9,10,6,2026,1,#NE
11337,11337,8,12,26,2026,1,#NE
11338,11338,8,12,26,2026,1,#NE
11339,11339,8,12,26,2026,1,#NE
11340,11340,9,5,13,2026,1,#NE
11341,11341,9,10,6,2026,1,#NE
11342,11342,9,10,27,2026,1,#NE
11343,11343,8,12,26,2026,1,#NE
11344,11344,8,12,22,2026,1,#NE
11345,11345,9,5,13,2026,1,#NE
11346,11346,9,5,13,2026,1,#NE
11347,11347,9,10,27,2026,1,#NE
11348,11348,9,10,27,2026,1,#NE
11349,11349,9,10,27,2026,1,#NE
11350,11350,9,10,27,2026,1,#NE
11351,11351,9,10,27,2026,1,#NE
11352,11352,9,10,6,2026,1,#NE
11353,11353,8,12,24,2026,1,#NE
11354,11354,8,12,24,2026,1,#NE
11355,11355,9,10,6,2026,1,#NE
11356,11356,9,10,6,2026,1,#NE
11357,11357,9,10,17,2026,1,#NE
11358,11358,9,10,14,2026,1,#NE
11359,11359,9,10,14,2026,1,#NE
11360,11360,8,12,24,2026,1,#NE
11361,11361,8,12,24,2026,1,#NE
11362,11362,8,5,3,2026,1,#NE
11363,11363,9,5,29,2026,1,#NE
11364,11364,9,5,29,2026,1,#NE
11365,11365,9,5,29,2026,1,#NE
11366,11366,8,12,24,2026,1,#NE
11367,11367,9,22,2,2026,1,#NE
11368,11368,9,5,29,2026,1,#NE
11369,11369,9,10,28,2026,1,#NE
11370,11370,9,10,17,2026,1,#NE
11371,11371,8,12,7,2026,1,#NE
11372,11372,8,12,7,2026,1,#NE
11373,11373,8,12,29,2026,1,#NE
11374,11374,8,12,29,2026,1,#NE
11375,11375,9,5,19,2026,1,#NE
11376,11376,9,5,19,2026,1,#NE
11377,11377,9,5,19,2026,1,#NE
11378,11378,9,22,9,2026,1,#NE
11379,11379,9,22,9,2026,1,#NE
11380,11380,9,10,28,2026,1,#NE
11381,11381,9,10,28,2026,1,#NE
11382,11382,9,22,19,2026,1,#NE
11383,11383,9,22,6,2026,1,#NE
11384,11384,9,22,6,2026,1,#NE
11385,11385,9,22,6,2026,1,#NE
11386,11386,9,22,6,2026,1,#NE
11387,11387,9,10,26,2026,1,#NE
11388,11388,9,10,26,2026,1,#NE
11389,11389,9,22,17,2026,1,#NE
11390,11390,9,10,22,2026,1,#NE
11391,11391,9,10,15,2026,1,#NE
11392,11392,9,10,15,2026,1,#NE
11393,11393,9,22,28,2026,1,#NE
11394,11394,9,22,27,2026,1,#NE
11395,11395,9,10,15,2026,1,#NE
11396,11396,9,22,27,2026,1,#NE
11397,11397,9,22,27,2026,1,#NE
11398,11398,9,22,27,2026,1,#NE
11399,11399,9,22,24,2026,1,#NE
11400,11400,9,22,25,2026,1,#NE
11401,11401,9,22,24,2026,1,#NE
11402,11402,9,22,24,2026,1,#NE
11403,11403,9,22,24,2026,1,#NE
11404,11404,9,22,11,2026,1,#NE
11405,11405,9,10,19,2026,1,#NE
11406,11406,9,22,8,2026,1,#NE
11407,11407,9,22,8,2026,1,#NE
11408,11408,9,22,8,2026,1,#NE
11409,11409,9,10,19,2026,1,#NE
11410,11410,9,12,25,2026,1,#NE
11411,11411,8,12,29,2026,1,#NE
11412,11412,8,12,16,2026,1,#NE
11413,11413,9,22,15,2026,1,#NE
11414,11414,9,22,15,2026,1,#NE
11415,11415,9,5,19,2026,1,#NE
11416,11416,9,5,19,2026,1,#NE
11417,11417,8,12,16,2026,1,#NE
11418,11418,9,22,15,2026,1,#NE
11419,11419,9,22,15,2026,1,#NE
11420,11420,9,22,15,2026,1,#NE
11421,11421,9,22,20,2026,1,#NE
11422,11422,9,22,20,2026,1,#NE
11423,11423,9,5,14,2026,1,#NE
11424,11424,9,5,14,2026,1,#NE
11425,11425,9,5,14,2026,1,#NE
11426,11426,9,12,24,2026,1,#NE
11427,11427,9,12,24,2026,1,#NE
11428,11428,8,12,29,2026,1,#NE
11429,11429,9,22,20,2026,1,#NE
11430,11430,9,5,14,2026,1,#NE
11431,11431,9,5,14,2026,1,#NE
11432,11432,9,22,14,2026,1,#NE
11433,11433,9,22,14,2026,1,#NE
11434,11434,9,22,14,2026,1,#NE
11435,11435,9,22,14,2026,1,#NE
11436,11436,9,5,14,2026,1,#NE
11437,11437,9,12,24,2026,1,#NE
11438,11438,9,12,24,2026,1,#NE
11439,11439,8,12,27,2026,1,#NE
11440,11440,8,12,27,2026,1,#NE
11441,11441,9,22,14,2026,1,#NE
11442,11442,9,5,14,2026,1,#NE
11443,11443,9,12,24,2026,1,#NE
11444,11444,9,12,5,2026,1,#NE
11445,11445,9,12,5,2026,1,#NE
11446,11446,9,12,5,2026,1,#NE
11447,11447,9,12,5,2026,1,#NE
11448,11448,8,12,27,2026,1,#NE
11449,11449,8,12,27,2026,1,#NE
11450,11450,3,5,30,2026,1,#NE
11451,11451,3,5,4,2026,1,#NE
11452,11452,3,21,22,2026,1,#NE
11453,11453,9,18,6,2026,1,#NE
11454,11454,9,18,6,2026,1,#NE
11455,11455,9,18,6,2026,1,#NE
11456,11456,9,18,6,2026,1,#NE
11457,11457,9,12,5,2026,1,#NE
11458,11458,9,12,5,2026,1,#NE
11459,11459,8,12,27,2026,1,#NE
11460,11460,8,12,27,2026,1,#NE
11461,11461,8,12,27,2026,1,#NE
11462,11462,8,12,27,2026,1,#NE
11463,11463,5,16,27,2026,1,#NE
11464,11464,5,16,12,2026,1,#NE
11465,11465,9,12,5,2026,1,#NE
11466,11466,9,18,6,2026,1,#NE
11467,11467,9,18,6,2026,1,#NE
11468,11468,9,12,27,2026,1,#NE
11469,11469,9,12,27,2026,1,#NE
11470,11470,8,7,27,2026,1,#NE
11471,11471,8,7,27,2026,1,#NE
11472,11472,9,18,24,2026,1,#NE
11473,11473,9,18,24,2026,1,#NE
11474,11474,9,12,27,2026,1,#NE
11475,11475,9,12,27,2026,1,#NE
11476,11476,9,12,27,2026,1,#NE
11477,11477,9,13,24,2026,1,#NE
11478,11478,9,13,24,2026,1,#NE
11479,11479,9,12,27,2026,1,#NE
11480,11480,9,12,26,2026,1,#NE
11481,11481,9,12,26,2026,1,#NE
11482,11482,8,7,19,2026,1,#NE
11483,11483,8,7,19,2026,1,#NE
11484,11484,8,7,19,2026,1,#NE
11485,11485,9,18,24,2026,1,#NE
11486,11486,9,12,26,2026,1,#NE
11487,11487,9,13,24,2026,1,#NE
11488,11488,9,13,17,2026,1,#NE
11489,11489,9,13,17,2026,1,#NE
11490,11490,8,7,19,2026,1,#NE
11491,11491,8,7,4,2026,1,#NE
11492,11492,9,18,21,2026,1,#NE
11493,11493,9,12,26,2026,1,#NE
11494,11494,8,7,21,2026,1,#NE
11495,11495,8,7,21,2026,1,#NE
11496,11496,8,7,21,2026,1,#NE
11497,11497,8,7,3,2026,1,#NE
11498,11498,9,18,14,2026,1,#NE
11499,11499,9,18,14,2026,1,#NE
11500,11500,9,18,14,2026,1,#NE
11501,11501,9,18,14,2026,1,#NE
11502,11502,9,18,14,2026,1,#NE
11503,11503,9,18,20,2026,1,#NE
11504,11504,9,12,22,2026,1,#NE
11505,11505,9,13,27,2026,1,#NE
11506,11506,9,13,22,2026,1,#NE
11507,11507,8,7,6,2026,1,#NE
11508,11508,9,18,20,2026,1,#NE
11509,11509,9,12,14,2026,1,#NE
11510,11510,9,12,14,2026,1,#NE
11511,11511,9,12,14,2026,1,#NE
11512,11512,9,12,14,2026,1,#NE
11513,11513,9,12,14,2026,1,#NE
11514,11514,9,12,14,2026,1,#NE
11515,11515,9,12,14,2026,1,#NE
11516,11516,9,13,22,2026,1,#NE
11517,11517,9,13,22,2026,1,#NE
11518,11518,8,7,6,2026,1,#NE
11519,11519,9,12,14,2026,1,#NE
11520,11520,9,12,14,2026,1,#NE
11521,11521,9,12,14,2026,1,#NE
11522,11522,9,12,14,2026,1,#NE
11523,11523,8,7,17,2026,1,#NE
11524,11524,8,7,17,2026,1,#NE
11525,11525,8,7,17,2026,1,#NE
11526,11526,9,12,14,2026,1,#NE
11527,11527,8,7,13,2026,1,#NE
11528,11528,8,7,13,2026,1,#NE
11529,11529,9,18,16,2026,1,#NE
11530,11530,9,18,16,2026,1,#NE
11531,11531,9,18,16,2026,1,#NE
11532,11532,9,18,16,2026,1,#NE
11533,11533,9,18,16,2026,1,#NE
11534,11534,9,18,16,2026,1,#NE
11535,11535,9,12,14,2026,1,#NE
11536,11536,9,12,14,2026,1,#NE
11537,11537,9,12,14,2026,1,#NE
11538,11538,9,13,2,2026,1,#NE
11539,11539,8,7,28,2026,1,#NE
11540,11540,8,7,28,2026,1,#NE
11541,11541,8,7,28,2026,1,#NE
11542,11542,9,12,7,2026,1,#NE
11543,11543,9,12,20,2026,1,#NE
11544,11544,9,13,2,2026,1,#NE
11545,11545,9,13,2,2026,1,#NE
11546,11546,9,13,2,2026,1,#NE
11547,11547,9,13,2,2026,1,#NE
11548,11548,8,7,14,2026,1,#NE
11549,11549,8,7,14,2026,1,#NE
11550,11550,9,12,20,2026,1,#NE
11551,11551,9,12,20,2026,1,#NE
11552,11552,9,12,20,2026,1,#NE
11553,11553,9,12,20,2026,1,#NE
11554,11554,9,12,20,2026,1,#NE
11555,11555,9,13,16,2026,1,#NE
11556,11556,9,13,29,2026,1,#NE
11557,11557,8,7,14,2026,1,#NE
11558,11558,8,7,14,2026,1,#NE
11559,11559,8,7,24,2026,1,#NE
11560,11560,10,8,9,2026,1,#NE
11561,11561,10,8,9,2026,1,#NE
11562,11562,10,8,9,2026,1,#NE
11563,11563,9,12,13,2026,1,#NE
11564,11564,9,12,20,2026,1,#NE
11565,11565,9,13,14,2026,1,#NE
11566,11566,8,7,24,2026,1,#NE
11567,11567,8,7,25,2026,1,#NE
11568,11568,9,12,20,2026,1,#NE
11569,11569,9,12,13,2026,1,#NE
11570,11570,9,12,13,2026,1,#NE
11571,11571,9,13,21,2026,1,#NE
11572,11572,8,7,16,2026,1,#NE
11573,11573,8,7,29,2026,1,#NE
11574,11574,10,8,4,2026,1,#NE
11575,11575,10,8,4,2026,1,#NE
11576,11576,10,8,4,2026,1,#NE
11577,11577,10,8,4,2026,1,#NE
11578,11578,9,12,13,2026,1,#NE
11579,11579,9,12,13,2026,1,#NE
11580,11580,9,13,14,2026,1,#NE
11581,11581,9,13,14,2026,1,#NE
11582,11582,9,13,14,2026,1,#NE
11583,11583,8,7,2,2026,1,#NE
11584,11584,8,7,2,2026,1,#NE
11585,11585,10,8,4,2026,1,#NE
11586,11586,9,12,13,2026,1,#NE
11587,11587,9,13,21,2026,1,#NE
11588,11588,9,13,14,2026,1,#NE
11589,11589,9,13,9,2026,1,#NE
11590,11590,8,7,15,2026,1,#NE
11591,11591,8,7,15,2026,1,#NE
11592,11592,8,7,15,2026,1,#NE
11593,11593,8,7,15,2026,1,#NE
11594,11594,8,14,4,2026,1,#NE
11595,11595,10,8,5,2026,1,#NE
11596,11596,10,8,5,2026,1,#NE
11597,11597,10,8,5,2026,1,#NE
11598,11598,9,12,6,2026,1,#NE
11599,11599,9,12,6,2026,1,#NE
11600,11600,9,13,9,2026,1,#NE
11601,11601,9,13,9,2026,1,#NE
11602,11602,9,13,9,2026,1,#NE
11603,11603,9,13,9,2026,1,#NE
11604,11604,10,8,5,2026,1,#NE
11605,11605,10,8,19,2026,1,#NE
11606,11606,9,12,6,2026,1,#NE
11607,11607,9,13,4,2026,1,#NE
11608,11608,9,13,4,2026,1,#NE
11609,11609,8,14,14,2026,1,#NE
11610,11610,8,14,14,2026,1,#NE
11611,11611,10,8,19,2026,1,#NE
11612,11612,10,8,19,2026,1,#NE
11613,11613,10,8,13,2026,1,#NE
11614,11614,9,12,6,2026,1,#NE
11615,11615,9,13,6,2026,1,#NE
11616,11616,8,14,20,2026,1,#NE
11617,11617,10,8,13,2026,1,#NE
11618,11618,10,8,13,2026,1,#NE
11619,11619,10,8,13,2026,1,#NE
11620,11620,9,12,6,2026,1,#NE
11621,11621,9,12,29,2026,1,#NE
11622,11622,9,25,6,2026,1,#NE
11623,11623,8,14,2,2026,1,#NE
11624,11624,8,14,2,2026,1,#NE
11625,11625,10,8,13,2026,1,#NE
11626,11626,10,8,27,2026,1,#NE
11627,11627,10,8,27,2026,1,#NE
11628,11628,9,12,16,2026,1,#NE
11629,11629,9,12,16,2026,1,#NE
11630,11630,9,25,6,2026,1,#NE
11631,11631,8,14,13,2026,1,#NE
11632,11632,9,25,24,2026,1,#NE
11633,11633,9,25,24,2026,1,#NE
11634,11634,8,14,22,2026,1,#NE
11635,11635,8,14,22,2026,1,#NE
11636,11636,9,12,16,2026,1,#NE
11637,11637,9,12,16,2026,1,#NE
11638,11638,9,25,24,2026,1,#NE
11639,11639,9,25,24,2026,1,#NE
11640,11640,10,8,14,2026,1,#NE
11641,11641,10,8,14,2026,1,#NE
11642,11642,9,12,19,2026,1,#NE
11643,11643,9,25,29,2026,1,#NE
11644,11644,9,25,16,2026,1,#NE
11645,11645,8,14,19,2026,1,#NE
11646,11646,8,14,9,2026,1,#NE
11647,11647,10,8,14,2026,1,#NE
11648,11648,10,8,14,2026,1,#NE
11649,11649,10,8,21,2026,1,#NE
11650,11650,10,8,21,2026,1,#NE
11651,11651,9,25,29,2026,1,#NE
11652,11652,9,25,29,2026,1,#NE
11653,11653,8,21,7,2026,1,#NE
11654,11654,8,21,7,2026,1,#NE
11655,11655,8,21,30,2026,1,#NE
11656,11656,8,21,22,2026,1,#NE
11657,11657,10,8,21,2026,1,#NE
11658,11658,9,12,29,2026,1,#NE
11659,11659,9,25,16,2026,1,#NE
11660,11660,9,25,13,2026,1,#NE
11661,11661,8,21,11,2026,1,#NE
11662,11662,8,21,24,2026,1,#NE
11663,11663,8,21,24,2026,1,#NE
11664,11664,8,21,19,2026,1,#NE
11665,11665,8,21,19,2026,1,#NE
11666,11666,8,21,19,2026,1,#NE
11667,11667,10,8,21,2026,1,#NE
11668,11668,10,8,20,2026,1,#NE
11669,11669,10,8,20,2026,1,#NE
11670,11670,9,12,19,2026,1,#NE
11671,11671,9,12,19,2026,1,#NE
11672,11672,9,12,19,2026,1,#NE
11673,11673,9,12,19,2026,1,#NE
11674,11674,9,25,13,2026,1,#NE
11675,11675,9,25,13,2026,1,#NE
11676,11676,8,21,3,2026,1,#NE
11677,11677,8,21,21,2026,1,#NE
11678,11678,8,21,14,2026,1,#NE
11679,11679,8,21,14,2026,1,#NE
11680,11680,10,8,20,2026,1,#NE
11681,11681,10,8,20,2026,1,#NE
11682,11682,10,8,20,2026,1,#NE
11683,11683,9,12,19,2026,1,#NE
11684,11684,9,12,17,2026,1,#NE
11685,11685,9,25,13,2026,1,#NE
11686,11686,9,25,13,2026,1,#NE
11687,11687,9,25,13,2026,1,#NE
11688,11688,9,25,7,2026,1,#NE
11689,11689,8,21,14,2026,1,#NE
11690,11690,8,21,16,2026,1,#NE
11691,11691,9,12,28,2026,1,#NE
11692,11692,8,21,4,2026,1,#NE
11693,11693,9,12,17,2026,1,#NE
11694,11694,9,12,17,2026,1,#NE
11695,11695,8,21,9,2026,1,#NE
11696,11696,9,12,17,2026,1,#NE
11697,11697,9,12,28,2026,1,#NE
11698,11698,9,12,17,2026,1,#NE
11699,11699,9,25,7,2026,1,#NE
11700,11700,9,25,7,2026,1,#NE
11701,11701,8,21,9,2026,1,#NE
11702,11702,8,21,2,2026,1,#NE
11703,11703,8,21,2,2026,1,#NE
11704,11704,10,8,15,2026,1,#NE
11705,11705,9,12,17,2026,1,#NE
11706,11706,9,12,17,2026,1,#NE
11707,11707,9,12,9,2026,1,#NE
11708,11708,9,25,14,2026,1,#NE
11709,11709,9,23,6,2026,1,#NE
11710,11710,9,23,6,2026,1,#NE
11711,11711,9,23,6,2026,1,#NE
11712,11712,10,8,16,2026,1,#NE
11713,11713,10,8,16,2026,1,#NE
11714,11714,9,12,9,2026,1,#NE
11715,11715,9,25,14,2026,1,#NE
11716,11716,9,25,14,2026,1,#NE
11717,11717,9,25,14,2026,1,#NE
11718,11718,9,25,14,2026,1,#NE
11719,11719,9,25,14,2026,1,#NE
11720,11720,9,25,14,2026,1,#NE
11721,11721,9,23,9,2026,1,#NE
11722,11722,9,23,9,2026,1,#NE
11723,11723,10,8,29,2026,1,#NE
11724,11724,10,8,29,2026,1,#NE
11725,11725,10,8,29,2026,1,#NE
11726,11726,10,8,2,2026,1,#NE
11727,11727,9,12,9,2026,1,#NE
11728,11728,9,12,9,2026,1,#NE
11729,11729,9,12,9,2026,1,#NE
11730,11730,9,23,15,2026,1,#NE
11731,11731,9,23,15,2026,1,#NE
11732,11732,9,23,15,2026,1,#NE
11733,11733,9,23,15,2026,1,#NE
11734,11734,9,23,15,2026,1,#NE
11735,11735,9,12,9,2026,1,#NE
11736,11736,9,12,9,2026,1,#NE
11737,11737,9,12,9,2026,1,#NE
11738,11738,9,25,14,2026,1,#NE
11739,11739,9,25,1,2026,1,#NE
11740,11740,9,23,4,2026,1,#NE
11741,11741,10,8,2,2026,1,#NE
11742,11742,9,12,9,2026,1,#NE
11743,11743,9,12,9,2026,1,#NE
11744,11744,9,25,15,2026,1,#NE
11745,11745,9,23,21,2026,1,#NE
11746,11746,9,23,21,2026,1,#NE
11747,11747,10,8,2,2026,1,#NE
11748,11748,10,8,2,2026,1,#NE
11749,11749,10,8,8,2026,1,#NE
11750,11750,9,12,9,2026,1,#NE
11751,11751,9,12,9,2026,1,#NE
11752,11752,9,25,15,2026,1,#NE
11753,11753,9,25,15,2026,1,#NE
11754,11754,9,25,15,2026,1,#NE
11755,11755,9,23,21,2026,1,#NE
11756,11756,10,8,8,2026,1,#NE
11757,11757,10,8,8,2026,1,#NE
11758,11758,9,12,15,2026,1,#NE
11759,11759,9,12,15,2026,1,#NE
11760,11760,9,23,14,2026,1,#NE
11761,11761,9,23,14,2026,1,#NE
11762,11762,10,8,17,2026,1,#NE
11763,11763,9,12,15,2026,1,#NE
11764,11764,9,12,15,2026,1,#NE
11765,11765,9,12,15,2026,1,#NE
11766,11766,9,25,22,2026,1,#NE
11767,11767,9,23,14,2026,1,#NE
11768,11768,9,23,27,2026,1,#NE
11769,11769,9,23,27,2026,1,#NE
11770,11770,10,8,6,2026,1,#NE
11771,11771,9,12,15,2026,1,#NE
11772,11772,9,12,15,2026,1,#NE
11773,11773,9,12,15,2026,1,#NE
11774,11774,9,12,15,2026,1,#NE
11775,11775,9,23,27,2026,1,#NE
11776,11776,10,8,6,2026,1,#NE
11777,11777,5,22,20,2026,1,#NE
11778,11778,9,12,15,2026,1,#NE
11779,11779,9,23,29,2026,1,#NE
11780,11780,8,1,17,2026,1,#NE
11781,11781,9,12,1,2026,1,#NE
11782,11782,9,25,9,2026,1,#NE
11783,11783,9,23,29,2026,1,#NE
11784,11784,9,23,29,2026,1,#NE
11785,11785,9,23,13,2026,1,#NE
11786,11786,9,23,13,2026,1,#NE
11787,11787,9,23,24,2026,1,#NE
11788,11788,9,23,25,2026,1,#NE
11789,11789,9,23,25,2026,1,#NE
11790,11790,9,12,1,2026,1,#NE
11791,11791,9,12,1,2026,1,#NE
11792,11792,9,23,1,2026,1,#NE
11793,11793,9,12,1,2026,1,#NE
11794,11794,9,12,1,2026,1,#NE
11795,11795,9,12,2,2026,1,#NE
11796,11796,9,12,2,2026,1,#NE
11797,11797,9,12,2,2026,1,#NE
11798,11798,9,25,28,2026,1,#NE
11799,11799,9,23,24,2026,1,#NE
11800,11800,9,23,1,2026,1,#NE
11801,11801,9,23,1,2026,1,#NE
11802,11802,8,1,13,2026,1,#NE
11803,11803,8,1,2,2026,1,#NE
11804,11804,8,1,16,2026,1,#NE
11805,11805,8,1,16,2026,1,#NE
11806,11806,9,12,2,2026,1,#NE
11807,11807,9,12,2,2026,1,#NE
11808,11808,9,12,2,2026,1,#NE
11809,11809,9,25,17,2026,1,#NE
11810,11810,9,23,24,2026,1,#NE
11811,11811,3,3,29,2026,1,#NE
11812,11812,9,12,2,2026,1,#NE
11813,11813,9,12,2,2026,1,#NE
11814,11814,9,12,2,2026,1,#NE
11815,11815,9,12,2,2026,1,#NE
11816,11816,9,25,17,2026,1,#NE
11817,11817,9,25,21,2026,1,#NE
11818,11818,9,25,3,2026,1,#NE
11819,11819,8,13,21,2026,1,#NE
11820,11820,8,13,14,2026,1,#NE
11821,11821,8,13,14,2026,1,#NE
11822,11822,8,13,14,2026,1,#NE
11823,11823,8,1,14,2026,1,#NE
11824,11824,8,1,14,2026,1,#NE
11825,11825,8,1,14,2026,1,#NE
11826,11826,8,1,14,2026,1,#NE
11827,11827,9,12,2,2026,1,#NE
11828,11828,9,25,21,2026,1,#NE
11829,11829,8,13,13,2026,1,#NE
11830,11830,8,13,13,2026,1,#NE
11831,11831,9,12,21,2026,1,#NE
11832,11832,9,25,27,2026,1,#NE
11833,11833,9,25,27,2026,1,#NE
11834,11834,8,13,7,2026,1,#NE
11835,11835,8,13,12,2026,1,#NE
11836,11836,8,1,9,2026,1,#NE
11837,11837,9,12,3,2026,1,#NE
11838,11838,9,25,27,2026,1,#NE
11839,11839,9,25,27,2026,1,#NE
11840,11840,3,10,24,2026,1,#NE
11841,11841,8,13,6,2026,1,#NE
11842,11842,8,1,15,2026,1,#NE
11843,11843,8,15,13,2026,1,#NE
11844,11844,8,15,13,2026,1,#NE
11845,11845,8,15,13,2026,1,#NE
11846,11846,9,12,21,2026,1,#NE
11847,11847,5,5,22,2026,1,#NE
11848,11848,5,5,24,2026,1,#NE
11849,11849,8,13,27,2026,1,#NE
11850,11850,8,13,27,2026,1,#NE
11851,11851,8,13,1,2026,1,#NE
11852,11852,8,15,4,2026,1,#NE
11853,11853,8,15,13,2026,1,#NE
11854,11854,9,12,8,2026,1,#NE
11855,11855,9,12,8,2026,1,#NE
11856,11856,8,13,9,2026,1,#NE
11857,11857,8,13,17,2026,1,#NE
11858,11858,8,13,17,2026,1,#NE
11859,11859,8,15,19,2026,1,#NE
11860,11860,8,15,19,2026,1,#NE
11861,11861,9,12,8,2026,1,#NE
11862,11862,9,12,8,2026,1,#NE
11863,11863,9,12,8,2026,1,#NE
11864,11864,8,24,30,2026,1,#NE
11865,11865,8,24,6,2026,1,#NE
11866,11866,8,24,6,2026,1,#NE
11867,11867,8,24,6,2026,1,#NE
11868,11868,8,24,6,2026,1,#NE
11869,11869,8,24,6,2026,1,#NE
11870,11870,8,24,6,2026,1,#NE
11871,11871,8,13,22,2026,1,#NE
11872,11872,8,13,22,2026,1,#NE
11873,11873,8,15,9,2026,1,#NE
11874,11874,8,15,9,2026,1,#NE
11875,11875,9,12,8,2026,1,#NE
11876,11876,9,12,8,2026,1,#NE
11877,11877,8,24,6,2026,1,#NE
11878,11878,8,13,16,2026,1,#NE
11879,11879,8,13,29,2026,1,#NE
11880,11880,8,15,23,2026,1,#NE
11881,11881,9,15,2,2026,1,#NE
11882,11882,8,24,7,2026,1,#NE
11883,11883,8,24,7,2026,1,#NE
11884,11884,9,14,21,2026,1,#NE
11885,11885,9,14,21,2026,1,#NE
11886,11886,9,14,21,2026,1,#NE
11887,11887,9,14,21,2026,1,#NE
11888,11888,9,15,28,2026,1,#NE
11889,11889,9,15,28,2026,1,#NE
11890,11890,9,14,15,2026,1,#NE
11891,11891,9,14,15,2026,1,#NE
11892,11892,9,15,13,2026,1,#NE
11893,11893,9,14,14,2026,1,#NE
11894,11894,9,14,14,2026,1,#NE
11895,11895,8,15,28,2026,1,#NE
11896,11896,8,15,17,2026,1,#NE
11897,11897,8,15,28,2026,1,#NE
11898,11898,9,15,13,2026,1,#NE
11899,11899,9,15,13,2026,1,#NE
11900,11900,8,24,9,2026,1,#NE
11901,11901,9,14,14,2026,1,#NE
11902,11902,9,14,14,2026,1,#NE
11903,11903,8,15,2,2026,1,#NE
11904,11904,8,15,2,2026,1,#NE
11905,11905,9,15,13,2026,1,#NE
11906,11906,9,15,24,2026,1,#NE
11907,11907,9,15,24,2026,1,#NE
11908,11908,9,15,24,2026,1,#NE
11909,11909,8,24,9,2026,1,#NE
11910,11910,8,24,9,2026,1,#NE
11911,11911,8,24,9,2026,1,#NE
11912,11912,9,14,20,2026,1,#NE
11913,11913,9,14,20,2026,1,#NE
11914,11914,8,15,2,2026,1,#NE
11915,11915,9,15,24,2026,1,#NE
11916,11916,9,15,24,2026,1,#NE
11917,11917,8,24,22,2026,1,#NE
11918,11918,8,24,22,2026,1,#NE
11919,11919,9,14,11,2026,1,#NE
11920,11920,9,14,11,2026,1,#NE
11921,11921,8,15,29,2026,1,#NE
11922,11922,8,15,14,2026,1,#NE
11923,11923,8,15,14,2026,1,#NE
11924,11924,9,15,25,2026,1,#NE
11925,11925,8,24,22,2026,1,#NE
11926,11926,9,14,24,2026,1,#NE
11927,11927,9,14,24,2026,1,#NE
11928,11928,8,15,14,2026,1,#NE
11929,11929,8,15,20,2026,1,#NE
11930,11930,9,15,6,2026,1,#NE
11931,11931,8,24,2,2026,1,#NE
11932,11932,8,24,2,2026,1,#NE
11933,11933,8,24,17,2026,1,#NE
11934,11934,9,15,6,2026,1,#NE
11935,11935,9,15,6,2026,1,#NE
11936,11936,9,15,6,2026,1,#NE
11937,11937,9,14,9,2026,1,#NE
11938,11938,9,14,9,2026,1,#NE
11939,11939,9,15,15,2026,1,#NE
11940,11940,8,24,28,2026,1,#NE
11941,11941,9,14,13,2026,1,#NE
11942,11942,9,14,27,2026,1,#NE
11943,11943,8,15,15,2026,1,#NE
11944,11944,9,15,15,2026,1,#NE
11945,11945,9,15,26,2026,1,#NE
11946,11946,9,15,26,2026,1,#NE
11947,11947,8,24,15,2026,1,#NE
11948,11948,9,14,27,2026,1,#NE
11949,11949,9,14,27,2026,1,#NE
11950,11950,9,14,29,2026,1,#NE
11951,11951,9,15,26,2026,1,#NE
11952,11952,9,15,22,2026,1,#NE
11953,11953,9,15,26,2026,1,#NE
11954,11954,8,24,15,2026,1,#NE
11955,11955,8,24,15,2026,1,#NE
11956,11956,8,24,15,2026,1,#NE
11957,11957,9,14,6,2026,1,#NE
11958,11958,9,14,6,2026,1,#NE
11959,11959,8,15,22,2026,1,#NE
11960,11960,8,15,26,2026,1,#NE
11961,11961,8,15,22,2026,1,#NE
11962,11962,9,15,27,2026,1,#NE
11963,11963,9,15,27,2026,1,#NE
11964,11964,8,24,25,2026,1,#NE
11965,11965,9,14,6,2026,1,#NE
11966,11966,9,14,6,2026,1,#NE
11967,11967,8,15,24,2026,1,#NE
11968,11968,8,15,24,2026,1,#NE
11969,11969,9,15,27,2026,1,#NE
11970,11970,8,24,25,2026,1,#NE
11971,11971,8,24,24,2026,1,#NE
11972,11972,8,24,24,2026,1,#NE
11973,11973,9,14,22,2026,1,#NE
11974,11974,8,15,25,2026,1,#NE
11975,11975,9,24,19,2026,1,#NE
11976,11976,9,24,19,2026,1,#NE
11977,11977,8,16,26,2026,1,#NE
11978,11978,9,15,14,2026,1,#NE
11979,11979,9,15,14,2026,1,#NE
11980,11980,9,15,14,2026,1,#NE
11981,11981,8,24,14,2026,1,#NE
11982,11982,8,24,14,2026,1,#NE
11983,11983,8,24,19,2026,1,#NE
11984,11984,9,24,19,2026,1,#NE
11985,11985,9,24,9,2026,1,#NE
11986,11986,9,15,14,2026,1,#NE
11987,11987,8,24,19,2026,1,#NE
11988,11988,8,24,19,2026,1,#NE
11989,11989,9,24,9,2026,1,#NE
11990,11990,9,24,9,2026,1,#NE
11991,11991,9,24,9,2026,1,#NE
11992,11992,9,24,9,2026,1,#NE
11993,11993,8,16,17,2026,1,#NE
11994,11994,9,15,14,2026,1,#NE
11995,11995,9,15,4,2026,1,#NE
11996,11996,9,15,4,2026,1,#NE
11997,11997,8,24,19,2026,1,#NE
11998,11998,8,24,16,2026,1,#NE
11999,11999,9,24,9,2026,1,#NE
12000,12000,9,24,9,2026,1,#NE
12001,12001,9,24,9,2026,1,#NE
12002,12002,8,16,15,2026,1,#NE
12003,12003,8,16,15,2026,1,#NE
12004,12004,8,16,15,2026,1,#NE
12005,12005,9,15,9,2026,1,#NE
12006,12006,9,15,9,2026,1,#NE
12007,12007,9,15,9,2026,1,#NE
12008,12008,8,24,16,2026,1,#NE
12009,12009,8,24,4,2026,1,#NE
12010,12010,8,24,4,2026,1,#NE
12011,12011,8,24,4,2026,1,#NE
12012,12012,8,16,14,2026,1,#NE
12013,12013,8,24,4,2026,1,#NE
12014,12014,9,24,13,2026,1,#NE
12015,12015,8,16,14,2026,1,#NE
12016,12016,8,16,9,2026,1,#NE
12017,12017,9,15,20,2026,1,#NE
12018,12018,8,16,9,2026,1,#NE
12019,12019,8,16,8,2026,1,#NE
12020,12020,9,15,20,2026,1,#NE
12021,12021,9,15,20,2026,1,#NE
12022,12022,8,24,21,2026,1,#NE
12023,12023,8,24,20,2026,1,#NE
12024,12024,9,24,13,2026,1,#NE
12025,12025,9,24,13,2026,1,#NE
12026,12026,9,24,13,2026,1,#NE
12027,12027,8,16,29,2026,1,#NE
12028,12028,9,15,29,2026,1,#NE
12029,12029,8,24,20,2026,1,#NE
12030,12030,8,24,20,2026,1,#NE
12031,12031,9,24,24,2026,1,#NE
12032,12032,8,16,13,2026,1,#NE
12033,12033,9,15,29,2026,1,#NE
12034,12034,9,15,16,2026,1,#NE
12035,12035,9,15,29,2026,1,#NE
12036,12036,5,9,9,2026,1,#NE
12037,12037,5,9,6,2026,1,#NE
12038,12038,5,9,19,2026,1,#NE
12039,12039,8,24,20,2026,1,#NE
12040,12040,8,24,20,2026,1,#NE
12041,12041,8,16,27,2026,1,#NE
12042,12042,8,16,27,2026,1,#NE
12043,12043,8,16,27,2026,1,#NE
12044,12044,8,16,19,2026,1,#NE
12045,12045,5,9,20,2026,1,#NE
12046,12046,8,24,27,2026,1,#NE
12047,12047,8,24,27,2026,1,#NE
12048,12048,9,24,24,2026,1,#NE
12049,12049,8,16,19,2026,1,#NE
12050,12050,8,16,20,2026,1,#NE
12051,12051,8,18,20,2026,1,#NE
12052,12052,8,24,27,2026,1,#NE
12053,12053,8,24,13,2026,1,#NE
12054,12054,9,24,24,2026,1,#NE
12055,12055,9,24,24,2026,1,#NE
12056,12056,9,24,24,2026,1,#NE
12057,12057,9,24,25,2026,1,#NE
12058,12058,5,13,22,2026,1,#NE
12059,12059,5,13,17,2026,1,#NE
12060,12060,5,13,19,2026,1,#NE
12061,12061,8,18,20,2026,1,#NE
12062,12062,8,18,20,2026,1,#NE
12063,12063,8,18,6,2026,1,#NE
12064,12064,8,18,6,2026,1,#NE
12065,12065,8,18,6,2026,1,#NE
12066,12066,8,24,13,2026,1,#NE
12067,12067,8,24,13,2026,1,#NE
12068,12068,8,24,13,2026,1,#NE
12069,12069,9,24,27,2026,1,#NE
12070,12070,9,24,27,2026,1,#NE
12071,12071,9,24,27,2026,1,#NE
12072,12072,8,11,6,2026,1,#NE
12073,12073,8,18,13,2026,1,#NE
12074,12074,8,18,24,2026,1,#NE
12075,12075,8,18,24,2026,1,#NE
12076,12076,8,18,24,2026,1,#NE
12077,12077,8,24,13,2026,1,#NE
12078,12078,8,24,13,2026,1,#NE
12079,12079,9,24,27,2026,1,#NE
12080,12080,9,24,27,2026,1,#NE
12081,12081,8,11,16,2026,1,#NE
12082,12082,8,11,29,2026,1,#NE
12083,12083,9,20,3,2026,1,#NE
12084,12084,9,24,27,2026,1,#NE
12085,12085,8,11,30,2026,1,#NE
12086,12086,8,18,27,2026,1,#NE
12087,12087,9,20,21,2026,1,#NE
12088,12088,9,20,21,2026,1,#NE
12089,12089,9,20,21,2026,1,#NE
12090,12090,9,20,21,2026,1,#NE
12091,12091,9,24,21,2026,1,#NE
12092,12092,8,11,13,2026,1,#NE
12093,12093,8,11,13,2026,1,#NE
12094,12094,8,18,27,2026,1,#NE
12095,12095,9,20,21,2026,1,#NE
12096,12096,9,24,21,2026,1,#NE
12097,12097,9,24,21,2026,1,#NE
12098,12098,9,20,21,2026,1,#NE
12099,12099,9,20,21,2026,1,#NE
12100,12100,9,24,21,2026,1,#NE
12101,12101,9,24,21,2026,1,#NE
12102,12102,8,11,19,2026,1,#NE
12103,12103,8,11,19,2026,1,#NE
12104,12104,9,20,21,2026,1,#NE
12105,12105,9,20,21,2026,1,#NE
12106,12106,9,20,21,2026,1,#NE
12107,12107,9,24,7,2026,1,#NE
12108,12108,9,24,14,2026,1,#NE
12109,12109,9,24,14,2026,1,#NE
12110,12110,8,11,3,2026,1,#NE
12111,12111,8,11,21,2026,1,#NE
12112,12112,8,11,21,2026,1,#NE
12113,12113,9,24,14,2026,1,#NE
12114,12114,9,24,14,2026,1,#NE
12115,12115,8,11,27,2026,1,#NE
12116,12116,8,18,14,2026,1,#NE
12117,12117,9,20,27,2026,1,#NE
12118,12118,9,20,27,2026,1,#NE
12119,12119,9,24,14,2026,1,#NE
12120,12120,8,11,9,2026,1,#NE
12121,12121,8,11,9,2026,1,#NE
12122,12122,8,11,9,2026,1,#NE
12123,12123,9,26,6,2026,1,#NE
12124,12124,9,20,27,2026,1,#NE
12125,12125,9,24,14,2026,1,#NE
12126,12126,8,11,9,2026,1,#NE
12127,12127,8,11,15,2026,1,#NE
12128,12128,9,26,6,2026,1,#NE
12129,12129,9,26,14,2026,1,#NE
12130,12130,9,26,14,2026,1,#NE
12131,12131,9,20,27,2026,1,#NE
12132,12132,9,20,27,2026,1,#NE
12133,12133,9,20,27,2026,1,#NE
12134,12134,9,20,27,2026,1,#NE
12135,12135,9,24,15,2026,1,#NE
12136,12136,8,11,2,2026,1,#NE
12137,12137,9,26,14,2026,1,#NE
12138,12138,9,26,14,2026,1,#NE
12139,12139,9,20,27,2026,1,#NE
12140,12140,9,24,15,2026,1,#NE
12141,12141,9,24,15,2026,1,#NE
12142,12142,9,26,19,2026,1,#NE
12143,12143,9,26,19,2026,1,#NE
12144,12144,9,20,22,2026,1,#NE
12145,12145,9,20,26,2026,1,#NE
12146,12146,9,24,15,2026,1,#NE
12147,12147,9,24,15,2026,1,#NE
12148,12148,9,26,19,2026,1,#NE
12149,12149,9,26,2,2026,1,#NE
12150,12150,9,26,2,2026,1,#NE
12151,12151,9,20,26,2026,1,#NE
12152,12152,9,20,22,2026,1,#NE
12153,12153,9,24,29,2026,1,#NE
12154,12154,9,24,16,2026,1,#NE
12155,12155,9,24,16,2026,1,#NE
12156,12156,8,11,24,2026,1,#NE
12157,12157,8,11,14,2026,1,#NE
12158,12158,9,26,2,2026,1,#NE
12159,12159,9,26,2,2026,1,#NE
12160,12160,9,24,29,2026,1,#NE
12161,12161,9,24,16,2026,1,#NE
12162,12162,9,24,22,2026,1,#NE
12163,12163,9,24,22,2026,1,#NE
12164,12164,8,11,20,2026,1,#NE
12165,12165,9,24,22,2026,1,#NE
12166,12166,9,24,22,2026,1,#NE
12167,12167,9,24,22,2026,1,#NE
12168,12168,9,26,29,2026,1,#NE
12169,12169,9,24,6,2026,1,#NE
12170,12170,9,26,20,2026,1,#NE
12171,12171,9,24,6,2026,1,#NE
12172,12172,9,24,6,2026,1,#NE
12173,12173,9,26,25,2026,1,#NE
12174,12174,9,26,15,2026,1,#NE
12175,12175,9,26,11,2026,1,#NE
12176,12176,9,24,20,2026,1,#NE
12177,12177,3,2,21,2026,1,#NE
12178,12178,3,22,14,2026,1,#NE
12179,12179,9,24,20,2026,1,#NE
12180,12180,9,24,20,2026,1,#NE
12181,12181,3,1,16,2026,1,#NE
12182,12182,3,12,10,2026,1,#NE
12183,12183,8,11,28,2026,1,#NE
12184,12184,8,11,17,2026,1,#NE
12185,12185,5,18,22,2026,1,#NE
12186,12186,9,20,30,2026,1,#NE
12187,12187,3,12,24,2026,1,#NE
12188,12188,3,12,14,2026,1,#NE
12189,12189,5,24,9,2026,1,#NE
12190,12190,5,24,22,2026,1,#NE
12191,12191,5,3,14,2026,1,#NE
12192,12192,5,4,12,2026,1,#NE
12193,12193,9,20,4,2026,1,#NE
12194,12194,9,20,4,2026,1,#NE
12195,12195,5,3,8,2026,1,#NE
12196,12196,9,3,14,2026,1,#NE
12197,12197,9,3,14,2026,1,#NE
12198,12198,9,3,14,2026,1,#NE
12199,12199,9,16,14,2026,1,#NE
12200,12200,9,20,4,2026,1,#NE
12201,12201,9,20,4,2026,1,#NE
12202,12202,9,28,17,2026,1,#NE
12203,12203,9,28,17,2026,1,#NE
12204,12204,9,16,14,2026,1,#NE
12205,12205,9,16,14,2026,1,#NE
12206,12206,9,16,14,2026,1,#NE
12207,12207,9,28,17,2026,1,#NE
12208,12208,9,28,17,2026,1,#NE
12209,12209,9,28,28,2026,1,#NE
12210,12210,9,28,21,2026,1,#NE
12211,12211,9,16,26,2026,1,#NE
12212,12212,9,16,22,2026,1,#NE
12213,12213,9,16,26,2026,1,#NE
12214,12214,9,16,27,2026,1,#NE
12215,12215,9,28,21,2026,1,#NE
12216,12216,9,28,21,2026,1,#NE
12217,12217,9,28,21,2026,1,#NE
12218,12218,9,28,21,2026,1,#NE
12219,12219,9,28,21,2026,1,#NE
12220,12220,9,28,15,2026,1,#NE
12221,12221,9,16,6,2026,1,#NE
12222,12222,9,16,6,2026,1,#NE
12223,12223,9,28,15,2026,1,#NE
12224,12224,9,28,4,2026,1,#NE
12225,12225,9,16,6,2026,1,#NE
12226,12226,9,16,6,2026,1,#NE
12227,12227,9,16,6,2026,1,#NE
12228,12228,9,20,4,2026,1,#NE
12229,12229,9,20,4,2026,1,#NE
12230,12230,9,28,20,2026,1,#NE
12231,12231,9,3,14,2026,1,#NE
12232,12232,9,3,14,2026,1,#NE
12233,12233,9,20,4,2026,1,#NE
12234,12234,9,20,2,2026,1,#NE
12235,12235,9,3,26,2026,1,#NE
12236,12236,9,3,26,2026,1,#NE
12237,12237,9,3,26,2026,1,#NE
12238,12238,9,20,2,2026,1,#NE
12239,12239,9,28,6,2026,1,#NE
12240,12240,9,3,15,2026,1,#NE
12241,12241,9,16,24,2026,1,#NE
12242,12242,9,16,24,2026,1,#NE
12243,12243,9,16,24,2026,1,#NE
12244,12244,9,20,2,2026,1,#NE
12245,12245,9,28,29,2026,1,#NE
12246,12246,9,28,16,2026,1,#NE
12247,12247,9,28,16,2026,1,#NE
12248,12248,9,3,15,2026,1,#NE
12249,12249,9,3,6,2026,1,#NE
12250,12250,9,3,6,2026,1,#NE
12251,12251,9,3,6,2026,1,#NE
12252,12252,9,16,13,2026,1,#NE
12253,12253,9,20,2,2026,1,#NE
12254,12254,9,20,2,2026,1,#NE
12255,12255,9,20,2,2026,1,#NE
12256,12256,9,28,11,2026,1,#NE
12257,12257,9,28,25,2026,1,#NE
12258,12258,9,28,24,2026,1,#NE
12259,12259,9,16,13,2026,1,#NE
12260,12260,9,16,16,2026,1,#NE
12261,12261,9,16,16,2026,1,#NE
12262,12262,9,20,2,2026,1,#NE
12263,12263,9,20,2,2026,1,#NE
12264,12264,9,20,6,2026,1,#NE
12265,12265,9,28,27,2026,1,#NE
12266,12266,9,3,6,2026,1,#NE
12267,12267,9,3,6,2026,1,#NE
12268,12268,9,16,16,2026,1,#NE
12269,12269,9,20,6,2026,1,#NE
12270,12270,9,28,9,2026,1,#NE
12271,12271,9,28,9,2026,1,#NE
12272,12272,9,28,27,2026,1,#NE
12273,12273,9,3,16,2026,1,#NE
12274,12274,9,16,16,2026,1,#NE
12275,12275,9,16,16,2026,1,#NE
12276,12276,9,19,21,2026,1,#NE
12277,12277,9,20,6,2026,1,#NE
12278,12278,9,3,29,2026,1,#NE
12279,12279,9,19,21,2026,1,#NE
12280,12280,9,19,21,2026,1,#NE
12281,12281,9,20,6,2026,1,#NE
12282,12282,5,2,5,2026,1,#NE
12283,12283,9,3,2,2026,1,#NE
12284,12284,9,3,2,2026,1,#NE
12285,12285,9,3,2,2026,1,#NE
12286,12286,9,19,21,2026,1,#NE
12287,12287,9,19,21,2026,1,#NE
12288,12288,9,19,21,2026,1,#NE
12289,12289,9,20,6,2026,1,#NE
12290,12290,9,20,8,2026,1,#NE
12291,12291,8,8,27,2026,1,#NE
12292,12292,8,8,27,2026,1,#NE
12293,12293,8,8,27,2026,1,#NE
12294,12294,9,3,24,2026,1,#NE
12295,12295,9,3,24,2026,1,#NE
12296,12296,9,19,3,2026,1,#NE
12297,12297,9,20,8,2026,1,#NE
12298,12298,9,20,8,2026,1,#NE
12299,12299,9,20,8,2026,1,#NE
12300,12300,8,8,15,2026,1,#NE
12301,12301,9,3,1,2026,1,#NE
12302,12302,9,3,1,2026,1,#NE
12303,12303,9,3,1,2026,1,#NE
12304,12304,9,3,1,2026,1,#NE
12305,12305,9,19,6,2026,1,#NE
12306,12306,9,19,6,2026,1,#NE
12307,12307,9,19,6,2026,1,#NE
12308,12308,9,19,6,2026,1,#NE
12309,12309,9,20,8,2026,1,#NE
12310,12310,9,20,8,2026,1,#NE
12311,12311,8,8,8,2026,1,#NE
12312,12312,9,3,1,2026,1,#NE
12313,12313,9,19,6,2026,1,#NE
12314,12314,9,19,6,2026,1,#NE
12315,12315,9,19,6,2026,1,#NE
12316,12316,9,19,6,2026,1,#NE
12317,12317,9,20,8,2026,1,#NE
12318,12318,9,20,8,2026,1,#NE
12319,12319,9,20,8,2026,1,#NE
12320,12320,8,8,21,2026,1,#NE
12321,12321,9,3,9,2026,1,#NE
12322,12322,9,3,9,2026,1,#NE
12323,12323,9,19,6,2026,1,#NE
12324,12324,9,19,26,2026,1,#NE
12325,12325,9,19,26,2026,1,#NE
12326,12326,9,20,8,2026,1,#NE
12327,12327,9,20,1,2026,1,#NE
12328,12328,8,8,14,2026,1,#NE
12329,12329,9,3,20,2026,1,#NE
12330,12330,9,19,26,2026,1,#NE
12331,12331,9,19,26,2026,1,#NE
12332,12332,9,19,26,2026,1,#NE
12333,12333,9,19,26,2026,1,#NE
12334,12334,8,8,24,2026,1,#NE
12335,12335,8,8,12,2026,1,#NE
12336,12336,9,19,26,2026,1,#NE
12337,12337,9,19,26,2026,1,#NE
12338,12338,9,19,26,2026,1,#NE
12339,12339,9,19,26,2026,1,#NE
12340,12340,8,8,29,2026,1,#NE
12341,12341,9,19,17,2026,1,#NE
12342,12342,8,8,2,2026,1,#NE
12343,12343,8,8,2,2026,1,#NE
12344,12344,8,8,20,2026,1,#NE
12345,12345,9,19,7,2026,1,#NE
12346,12346,9,19,7,2026,1,#NE
12347,12347,9,19,7,2026,1,#NE
12348,12348,9,19,7,2026,1,#NE
12349,12349,8,8,20,2026,1,#NE
12350,12350,8,8,19,2026,1,#NE
12351,12351,8,8,19,2026,1,#NE
12352,12352,9,19,7,2026,1,#NE
12353,12353,9,20,1,2026,1,#NE
12354,12354,9,20,1,2026,1,#NE
12355,12355,9,20,1,2026,1,#NE
12356,12356,8,19,21,2026,1,#NE
12357,12357,9,3,19,2026,1,#NE
12358,12358,9,20,1,2026,1,#NE
12359,12359,9,20,1,2026,1,#NE
12360,12360,9,20,1,2026,1,#NE
12361,12361,8,19,3,2026,1,#NE
12362,12362,9,3,27,2026,1,#NE
12363,12363,9,3,27,2026,1,#NE
12364,12364,9,3,27,2026,1,#NE
12365,12365,9,19,27,2026,1,#NE
12366,12366,9,19,23,2026,1,#NE
12367,12367,9,19,9,2026,1,#NE
12368,12368,9,20,1,2026,1,#NE
12369,12369,9,20,1,2026,1,#NE
12370,12370,8,19,3,2026,1,#NE
12371,12371,8,19,21,2026,1,#NE
12372,12372,8,19,5,2026,1,#NE
12373,12373,9,3,13,2026,1,#NE
12374,12374,9,3,13,2026,1,#NE
12375,12375,9,19,9,2026,1,#NE
12376,12376,9,19,9,2026,1,#NE
12377,12377,9,19,9,2026,1,#NE
12378,12378,9,19,9,2026,1,#NE
12379,12379,9,19,9,2026,1,#NE
12380,12380,9,19,9,2026,1,#NE
12381,12381,9,19,9,2026,1,#NE
12382,12382,9,20,1,2026,1,#NE
12383,12383,9,20,25,2026,1,#NE
12384,12384,8,19,5,2026,1,#NE
12385,12385,9,3,13,2026,1,#NE
12386,12386,9,11,6,2026,1,#NE
12387,12387,9,11,6,2026,1,#NE
12388,12388,9,20,24,2026,1,#NE
12389,12389,8,19,9,2026,1,#NE
12390,12390,9,11,6,2026,1,#NE
12391,12391,9,11,6,2026,1,#NE
12392,12392,9,19,16,2026,1,#NE
12393,12393,9,19,16,2026,1,#NE
12394,12394,8,19,7,2026,1,#NE
12395,12395,9,19,16,2026,1,#NE
12396,12396,9,20,24,2026,1,#NE
12397,12397,9,20,24,2026,1,#NE
12398,12398,9,20,24,2026,1,#NE
12399,12399,8,19,7,2026,1,#NE
12400,12400,8,19,7,2026,1,#NE
12401,12401,9,11,19,2026,1,#NE
12402,12402,9,11,19,2026,1,#NE
12403,12403,9,11,19,2026,1,#NE
12404,12404,9,19,16,2026,1,#NE
12405,12405,9,19,29,2026,1,#NE
12406,12406,9,20,24,2026,1,#NE
12407,12407,9,20,11,2026,1,#NE
12408,12408,9,11,19,2026,1,#NE
12409,12409,9,11,19,2026,1,#NE
12410,12410,9,11,17,2026,1,#NE
12411,12411,9,11,28,2026,1,#NE
12412,12412,9,19,15,2026,1,#NE
12413,12413,9,19,15,2026,1,#NE
12414,12414,9,19,15,2026,1,#NE
12415,12415,9,19,15,2026,1,#NE
12416,12416,9,20,24,2026,1,#NE
12417,12417,8,19,29,2026,1,#NE
12418,12418,8,19,29,2026,1,#NE
12419,12419,8,19,29,2026,1,#NE
12420,12420,8,19,16,2026,1,#NE
12421,12421,9,19,15,2026,1,#NE
12422,12422,9,19,15,2026,1,#NE
12423,12423,9,19,15,2026,1,#NE
12424,12424,9,19,15,2026,1,#NE
12425,12425,9,20,13,2026,1,#NE
12426,12426,8,19,29,2026,1,#NE
12427,12427,8,19,29,2026,1,#NE
12428,12428,8,19,27,2026,1,#NE
12429,12429,8,19,27,2026,1,#NE
12430,12430,9,19,15,2026,1,#NE
12431,12431,9,19,15,2026,1,#NE
12432,12432,9,20,13,2026,1,#NE
12433,12433,9,20,13,2026,1,#NE
12434,12434,9,20,13,2026,1,#NE
12435,12435,8,19,27,2026,1,#NE
12436,12436,8,19,15,2026,1,#NE
12437,12437,8,19,15,2026,1,#NE
12438,12438,9,11,17,2026,1,#NE
12439,12439,9,19,24,2026,1,#NE
12440,12440,9,19,24,2026,1,#NE
12441,12441,9,19,24,2026,1,#NE
12442,12442,9,19,11,2026,1,#NE
12443,12443,9,20,13,2026,1,#NE
12444,12444,9,20,13,2026,1,#NE
12445,12445,9,20,13,2026,1,#NE
12446,12446,9,20,13,2026,1,#NE
12447,12447,8,19,15,2026,1,#NE
12448,12448,8,19,15,2026,1,#NE
12449,12449,8,19,15,2026,1,#NE
12450,12450,8,19,15,2026,1,#NE
12451,12451,9,11,17,2026,1,#NE
12452,12452,9,11,27,2026,1,#NE
12453,12453,9,11,27,2026,1,#NE
12454,12454,9,11,27,2026,1,#NE
12455,12455,9,19,24,2026,1,#NE
12456,12456,9,19,24,2026,1,#NE
12457,12457,9,20,13,2026,1,#NE
12458,12458,9,20,13,2026,1,#NE
12459,12459,8,19,15,2026,1,#NE
12460,12460,8,19,15,2026,1,#NE
12461,12461,8,19,15,2026,1,#NE
12462,12462,8,19,20,2026,1,#NE
12463,12463,8,19,20,2026,1,#NE
12464,12464,8,19,20,2026,1,#NE
12465,12465,8,19,20,2026,1,#NE
12466,12466,9,11,27,2026,1,#NE
12467,12467,9,19,24,2026,1,#NE
12468,12468,9,19,24,2026,1,#NE
12469,12469,9,19,24,2026,1,#NE
12470,12470,9,20,13,2026,1,#NE
12471,12471,8,19,20,2026,1,#NE
12472,12472,8,19,20,2026,1,#NE
12473,12473,8,19,20,2026,1,#NE
12474,12474,9,11,14,2026,1,#NE
12475,12475,9,11,14,2026,1,#NE
12476,12476,9,19,14,2026,1,#NE
12477,12477,9,20,14,2026,1,#NE
12478,12478,9,20,14,2026,1,#NE
12479,12479,8,19,19,2026,1,#NE
12480,12480,8,19,24,2026,1,#NE
12481,12481,8,19,24,2026,1,#NE
12482,12482,9,11,22,2026,1,#NE
12483,12483,9,19,14,2026,1,#NE
12484,12484,8,19,19,2026,1,#NE
12485,12485,8,19,19,2026,1,#NE
12486,12486,9,19,14,2026,1,#NE
12487,12487,9,19,14,2026,1,#NE
12488,12488,9,19,14,2026,1,#NE
12489,12489,9,20,14,2026,1,#NE
12490,12490,9,20,14,2026,1,#NE
12491,12491,9,20,14,2026,1,#NE
12492,12492,8,19,19,2026,1,#NE
12493,12493,8,19,24,2026,1,#NE
12494,12494,8,19,24,2026,1,#NE
12495,12495,8,19,24,2026,1,#NE
12496,12496,8,19,24,2026,1,#NE
12497,12497,9,20,14,2026,1,#NE
12498,12498,8,19,19,2026,1,#NE
12499,12499,8,19,24,2026,1,#NE
12500,12500,9,11,24,2026,1,#NE
12501,12501,9,11,24,2026,1,#NE
12502,12502,9,19,8,2026,1,#NE
12503,12503,9,19,30,2026,1,#NE
12504,12504,9,20,19,2026,1,#NE
12505,12505,9,20,19,2026,1,#NE
12506,12506,8,19,22,2026,1,#NE
12507,12507,8,19,22,2026,1,#NE
12508,12508,8,19,22,2026,1,#NE
12509,12509,8,19,22,2026,1,#NE
12510,12510,8,19,22,2026,1,#NE
12511,12511,9,11,24,2026,1,#NE
12512,12512,9,11,24,2026,1,#NE
12513,12513,9,11,11,2026,1,#NE
12514,12514,9,11,13,2026,1,#NE
12515,12515,9,19,2,2026,1,#NE
12516,12516,8,19,13,2026,1,#NE
12517,12517,8,19,13,2026,1,#NE
12518,12518,9,19,2,2026,1,#NE
12519,12519,9,19,2,2026,1,#NE
12520,12520,8,19,13,2026,1,#NE
12521,12521,9,19,13,2026,1,#NE
12522,12522,9,19,13,2026,1,#NE
12523,12523,8,19,14,2026,1,#NE
12524,12524,9,19,20,2026,1,#NE
12525,12525,9,19,20,2026,1,#NE
12526,12526,9,19,20,2026,1,#NE
12527,12527,8,19,6,2026,1,#NE
12528,12528,9,11,13,2026,1,#NE
12529,12529,9,11,13,2026,1,#NE
12530,12530,9,11,13,2026,1,#NE
12531,12531,9,11,2,2026,1,#NE
12532,12532,9,20,19,2026,1,#NE
12533,12533,9,20,19,2026,1,#NE
12534,12534,9,20,19,2026,1,#NE
12535,12535,8,19,6,2026,1,#NE
12536,12536,9,11,2,2026,1,#NE
12537,12537,9,11,2,2026,1,#NE
12538,12538,9,19,20,2026,1,#NE
12539,12539,9,19,20,2026,1,#NE
12540,12540,9,19,20,2026,1,#NE
12541,12541,9,20,19,2026,1,#NE
12542,12542,5,7,26,2026,1,#NE
12543,12543,5,7,30,2026,1,#NE
12544,12544,9,11,29,2026,1,#NE
12545,12545,9,19,5,2026,1,#NE
12546,12546,3,15,23,2026,1,#NE
12547,12547,9,20,19,2026,1,#NE
12548,12548,9,20,19,2026,1,#NE
12549,12549,8,4,6,2026,1,#NE
12550,12550,8,4,15,2026,1,#NE
12551,12551,8,4,15,2026,1,#NE
12552,12552,9,11,9,2026,1,#NE
12553,12553,9,11,9,2026,1,#NE
12554,12554,9,20,19,2026,1,#NE
12555,12555,9,20,19,2026,1,#NE
12556,12556,9,20,20,2026,1,#NE
12557,12557,8,4,29,2026,1,#NE
12558,12558,9,11,20,2026,1,#NE
12559,12559,8,23,27,2026,1,#NE
12560,12560,8,23,27,2026,1,#NE
12561,12561,8,23,27,2026,1,#NE
12562,12562,8,4,13,2026,1,#NE
12563,12563,8,23,21,2026,1,#NE
12564,12564,8,4,4,2026,1,#NE
12565,12565,8,23,14,2026,1,#NE
12566,12566,9,20,20,2026,1,#NE
12567,12567,8,4,14,2026,1,#NE
12568,12568,8,4,20,2026,1,#NE
12569,12569,9,11,20,2026,1,#NE
12570,12570,3,9,27,2026,1,#NE
12571,12571,8,23,24,2026,1,#NE
12572,12572,8,23,13,2026,1,#NE
12573,12573,9,20,20,2026,1,#NE
12574,12574,3,23,27,2026,1,#NE
12575,12575,5,15,13,2026,1,#NE
12576,12576,3,28,5,2026,1,#NE
12577,12577,9,20,20,2026,1,#NE
12578,12578,9,20,20,2026,1,#NE
12579,12579,8,28,27,2026,1,#NE
12580,12580,8,28,22,2026,1,#NE
12581,12581,4,12,30,2026,1,#NE
12582,12582,9,20,20,2026,1,#NE
12583,12583,6,23,29,2026,1,#NE
12584,12584,6,23,2,2026,1,#NE
12585,12585,9,20,29,2026,1,#NE
12586,12586,3,28,22,2026,1,#NE
12587,12587,5,21,15,2026,1,#NE
12588,12588,9,20,29,2026,1,#NE
12589,12589,9,20,29,2026,1,#NE
12590,12590,8,28,15,2026,1,#NE
12591,12591,5,19,24,2026,1,#NE
12592,12592,9,20,16,2026,1,#NE
12593,12593,9,20,16,2026,1,#NE
12594,12594,9,20,29,2026,1,#NE
12595,12595,9,20,29,2026,1,#NE
12596,12596,8,28,15,2026,1,#NE
12597,12597,8,28,5,2026,1,#NE
12598,12598,8,28,14,2026,1,#NE
12599,12599,8,28,24,2026,1,#NE
12600,12600,7,2,27,2026,1,#NE
12601,12601,6,14,21,2026,1,#NE
12602,12602,5,23,29,2026,1,#NE
12603,12603,5,23,14,2026,1,#NE
12604,12604,8,9,27,2026,1,#NE
12605,12605,8,9,27,2026,1,#NE
12606,12606,8,28,13,2026,1,#NE
12607,12607,8,28,13,2026,1,#NE
12608,12608,8,9,15,2026,1,#NE
12609,12609,8,28,13,2026,1,#NE
12610,12610,8,28,19,2026,1,#NE
12611,12611,8,28,19,2026,1,#NE
12612,12612,8,9,15,2026,1,#NE
12613,12613,8,9,17,2026,1,#NE
12614,12614,8,9,24,2026,1,#NE
12615,12615,9,21,26,2026,1,#NE
12616,12616,9,21,26,2026,1,#NE
12617,12617,8,9,2,2026,1,#NE
12618,12618,8,9,22,2026,1,#NE
12619,12619,8,9,22,2026,1,#NE
12620,12620,9,21,22,2026,1,#NE
12621,12621,9,21,22,2026,1,#NE
12622,12622,8,9,16,2026,1,#NE
12623,12623,8,9,29,2026,1,#NE
12624,12624,8,9,16,2026,1,#NE
12625,12625,9,21,21,2026,1,#NE
12626,12626,8,9,19,2026,1,#NE
12627,12627,8,9,4,2026,1,#NE
12628,12628,9,21,21,2026,1,#NE
12629,12629,9,21,6,2026,1,#NE
12630,12630,9,21,6,2026,1,#NE
12631,12631,9,21,6,2026,1,#NE
12632,12632,7,16,6,2026,1,#NE
12633,12633,8,9,7,2026,1,#NE
12634,12634,8,9,9,2026,1,#NE
12635,12635,9,21,6,2026,1,#NE
12636,12636,9,21,14,2026,1,#NE
12637,12637,7,16,19,2026,1,#NE
12638,12638,7,20,27,2026,1,#NE
12639,12639,8,9,9,2026,1,#NE
12640,12640,8,9,9,2026,1,#NE
12641,12641,8,9,9,2026,1,#NE
12642,12642,9,21,17,2026,1,#NE
12643,12643,9,21,17,2026,1,#NE
12644,12644,6,18,16,2026,1,#NE
12645,12645,9,21,29,2026,1,#NE
12646,12646,9,21,16,2026,1,#NE
12647,12647,9,21,16,2026,1,#NE
12648,12648,9,21,29,2026,1,#NE
12649,12649,6,3,23,2026,1,#NE
12650,12650,7,20,22,2026,1,#NE
12651,12651,7,20,14,2026,1,#NE
12652,12652,7,20,30,2026,1,#NE
12653,12653,7,20,23,2026,1,#NE
12654,12654,7,20,5,2026,1,#NE
12655,12655,7,28,15,2026,1,#NE
12656,12656,4,20,9,2026,1,#NE
12657,12657,4,20,23,2026,1,#NE
12658,12658,4,8,23,2026,1,#NE
12659,12659,4,28,6,2026,1,#NE
12660,12660,7,28,22,2026,1,#NE
12661,12661,7,28,26,2026,1,#NE
12662,12662,7,28,27,2026,1,#NE
12663,12663,7,17,30,2026,1,#NE
12664,12664,7,7,23,2026,1,#NE
12665,12665,7,17,22,2026,1,#NE
12666,12666,4,17,26,2026,1,#NE
12667,12667,4,17,27,2026,1,#NE
12668,12668,4,17,20,2026,1,#NE
12669,12669,7,5,22,2026,1,#NE
12670,12670,4,24,16,2026,1,#NE
12671,12671,2,6,10,2026,1,#NE
12672,12672,2,6,23,2026,1,#NE
12673,12673,7,18,2,2026,1,#NE
12674,12674,7,18,22,2026,1,#NE
12675,12675,7,18,14,2026,1,#NE
12676,12676,7,18,16,2026,1,#NE
12677,12677,4,19,28,2026,1,#NE
12678,12678,4,24,20,2026,1,#NE
12679,12679,6,8,14,2026,1,#NE
12680,12680,7,13,22,2026,1,#NE
12681,12681,4,16,4,2026,1,#NE
12682,12682,6,13,20,2026,1,#NE
12683,12683,7,12,30,2026,1,#NE
12684,12684,4,21,23,2026,1,#NE
12685,12685,6,16,4,2026,1,#NE
12686,12686,4,16,30,2026,1,#NE
12687,12687,7,12,9,2026,1,#NE
12688,12688,7,12,23,2026,1,#NE
12689,12689,7,12,23,2026,1,#NE
12690,12690,6,16,9,2026,1,#NE
12691,12691,4,15,14,2026,1,#NE
12692,12692,4,18,9,2026,1,#NE
12693,12693,7,26,15,2026,1,#NE
12694,12694,7,26,27,2026,1,#NE
12695,12695,6,17,12,2026,1,#NE
12696,12696,6,17,19,2026,1,#NE
12697,12697,6,17,6,2026,1,#NE
12698,12698,6,17,10,2026,1,#NE
12699,12699,7,4,4,2026,1,#NE
12700,12700,4,11,27,2026,1,#NE
12701,12701,4,11,23,2026,1,#NE
12702,12702,4,11,18,2026,1,#NE
12703,12703,6,11,6,2026,1,#NE
12704,12704,6,11,11,2026,1,#NE
12705,12705,6,11,9,2026,1,#NE
12706,12706,6,11,2,2026,1,#NE
12707,12707,7,15,27,2026,1,#NE
12708,12708,7,15,22,2026,1,#NE
12709,12709,9,20,29,2026,1,#NE
12710,12710,9,20,5,2026,1,#NE
12711,12711,9,20,15,2026,1,#NE
12712,12712,9,20,15,2026,1,#NE
12713,12713,9,20,15,2026,1,#NE
12714,12714,9,20,15,2026,1,#NE
12715,12715,9,20,15,2026,1,#NE
12716,12716,9,20,28,2026,1,#NE
12717,12717,9,20,28,2026,1,#NE
12718,12718,9,20,28,2026,1,#NE
12719,12719,9,20,28,2026,1,#NE
12720,12720,9,20,28,2026,1,#NE
12721,12721,9,20,9,2026,1,#NE
12722,12722,9,20,9,2026,1,#NE
12723,12723,9,20,9,2026,1,#NE
12724,12724,9,20,9,2026,1,#NE
12725,12725,9,20,9,2026,1,#NE
12726,12726,9,20,9,2026,1,#NE
12727,12727,9,20,9,2026,1,#NE
12728,12728,9,20,9,2026,1,#NE
12729,12729,5,20,24,2026,1,#NE
12730,12730,5,20,22,2026,1,#NE
12731,12731,9,2,14,2026,1,#NE
12732,12732,9,2,14,2026,1,#NE
12733,12733,9,2,14,2026,1,#NE
12734,12734,9,2,24,2026,1,#NE
12735,12735,9,2,25,2026,1,#NE
12736,12736,9,2,25,2026,1,#NE
12737,12737,9,2,6,2026,1,#NE
12738,12738,9,2,6,2026,1,#NE
12739,12739,9,2,6,2026,1,#NE
12740,12740,9,2,6,2026,1,#NE
12741,12741,9,2,6,2026,1,#NE
12742,12742,9,2,21,2026,1,#NE
12743,12743,9,2,21,2026,1,#NE
12744,12744,9,2,21,2026,1,#NE
12745,12745,9,2,16,2026,1,#NE
12746,12746,9,2,29,2026,1,#NE
12747,12747,9,2,16,2026,1,#NE
12748,12748,9,2,28,2026,1,#NE
12749,12749,9,9,1,2026,1,#NE
12750,12750,9,9,1,2026,1,#NE
12751,12751,9,9,1,2026,1,#NE
12752,12752,9,9,1,2026,1,#NE
12753,12753,9,9,1,2026,1,#NE
12754,12754,9,9,22,2026,1,#NE
12755,12755,9,9,26,2026,1,#NE
12756,12756,9,9,21,2026,1,#NE
12757,12757,9,9,21,2026,1,#NE
12758,12758,9,9,21,2026,1,#NE
12759,12759,9,9,14,2026,1,#NE
12760,12760,9,9,14,2026,1,#NE
12761,12761,9,9,21,2026,1,#NE
12762,12762,9,9,21,2026,1,#NE
12763,12763,9,9,16,2026,1,#NE
12764,12764,9,9,16,2026,1,#NE
12765,12765,9,9,16,2026,1,#NE
12766,12766,9,9,16,2026,1,#NE
12767,12767,9,9,15,2026,1,#NE
12768,12768,9,9,15,2026,1,#NE
12769,12769,9,9,15,2026,1,#NE
12770,12770,9,9,15,2026,1,#NE
12771,12771,9,9,15,2026,1,#NE
12772,12772,9,9,15,2026,1,#NE
12773,12773,9,9,27,2026,1,#NE
12774,12774,9,9,27,2026,1,#NE
12775,12775,9,9,4,2026,1,#NE
12776,12776,9,9,4,2026,1,#NE
12777,12777,9,9,9,2026,1,#NE
12778,12778,9,9,9,2026,1,#NE
12779,12779,9,9,9,2026,1,#NE
12780,12780,9,9,9,2026,1,#NE
12781,12781,9,9,28,2026,1,#NE
12782,12782,9,9,28,2026,1,#NE
12783,12783,9,9,5,2026,1,#NE
12784,12784,9,9,5,2026,1,#NE
12785,12785,9,9,19,2026,1,#NE
12786,12786,9,9,19,2026,1,#NE
12787,12787,9,9,19,2026,1,#NE
12788,12788,9,9,19,2026,1,#NE
12789,12789,9,9,19,2026,1,#NE
12790,12790,9,9,6,2026,1,#NE
12791,12791,9,9,6,2026,1,#NE
12792,12792,9,9,6,2026,1,#NE
12793,12793,9,9,13,2026,1,#NE
12794,12794,9,9,13,2026,1,#NE
12795,12795,9,9,13,2026,1,#NE
12796,12796,9,9,13,2026,1,#NE
12797,12797,9,9,13,2026,1,#NE
12798,12798,9,9,11,2026,1,#NE
12799,12799,9,9,24,2026,1,#NE
12800,12800,9,9,24,2026,1,#NE
12801,12801,9,9,24,2026,1,#NE
12802,12802,9,9,24,2026,1,#NE
12803,12803,3,19,20,2026,1,#NE
12804,12804,8,17,4,2026,1,#NE
12805,12805,8,17,7,2026,1,#NE
12806,12806,8,17,6,2026,1,#NE
12807,12807,8,17,15,2026,1,#NE
12808,12808,8,17,15,2026,1,#NE
12809,12809,8,17,15,2026,1,#NE
12810,12810,8,17,26,2026,1,#NE
12811,12811,8,17,21,2026,1,#NE
12812,12812,8,17,21,2026,1,#NE
12813,12813,8,17,14,2026,1,#NE
12814,12814,8,17,9,2026,1,#NE
12815,12815,8,17,9,2026,1,#NE
12816,12816,8,17,9,2026,1,#NE
12817,12817,8,17,9,2026,1,#NE
12818,12818,8,17,2,2026,1,#NE
12819,12819,8,17,2,2026,1,#NE
12820,12820,8,17,2,2026,1,#NE
12821,12821,8,17,13,2026,1,#NE
12822,12822,8,17,13,2026,1,#NE
12823,12823,8,17,20,2026,1,#NE
12824,12824,8,17,20,2026,1,#NE
12825,12825,8,17,20,2026,1,#NE
12826,12826,8,17,11,2026,1,#NE
12827,12827,8,17,24,2026,1,#NE
12828,12828,8,17,19,2026,1,#NE
12829,12829,8,17,19,2026,1,#NE
12830,12830,8,17,19,2026,1,#NE
12831,12831,8,17,19,2026,1,#NE
12832,12832,8,17,19,2026,1,#NE
12833,12833,8,17,19,2026,1,#NE
12834,12834,8,17,28,2026,1,#NE
12835,12835,8,17,28,2026,1,#NE
12836,12836,8,17,28,2026,1,#NE
12837,12837,8,17,28,2026,1,#NE
12838,12838,8,17,27,2026,1,#NE
12839,12839,8,17,27,2026,1,#NE
12840,12840,8,17,27,2026,1,#NE
12841,12841,8,17,27,2026,1,#NE
12842,12842,8,17,27,2026,1,#NE
12843,12843,8,17,27,2026,1,#NE
12844,12844,8,17,16,2026,1,#NE
12845,12845,8,17,29,2026,1,#NE
12846,12846,8,17,29,2026,1,#NE
12847,12847,8,17,29,2026,1,#NE
12848,12848,9,4,26,2026,1,#NE
12849,12849,9,4,24,2026,1,#NE
12850,12850,9,4,11,2026,1,#NE
12851,12851,9,4,14,2026,1,#NE
12852,12852,9,4,14,2026,1,#NE
12853,12853,9,4,14,2026,1,#NE
12854,12854,9,4,16,2026,1,#NE
12855,12855,9,4,29,2026,1,#NE
12856,12856,9,4,13,2026,1,#NE
12857,12857,9,4,13,2026,1,#NE
12858,12858,9,4,13,2026,1,#NE
12859,12859,9,4,13,2026,1,#NE
12860,12860,9,4,20,2026,1,#NE
12861,12861,9,4,9,2026,1,#NE
12862,12862,9,4,9,2026,1,#NE
12863,12863,9,4,27,2026,1,#NE
12864,12864,9,4,6,2026,1,#NE
12865,12865,9,4,15,2026,1,#NE
12866,12866,9,4,15,2026,1,#NE
12867,12867,8,2,6,2026,1,#NE
12868,12868,8,2,20,2026,1,#NE
12869,12869,8,2,5,2026,1,#NE
12870,12870,8,2,16,2026,1,#NE
12871,12871,8,2,4,2026,1,#NE
12872,12872,8,2,7,2026,1,#NE
12873,12873,8,2,21,2026,1,#NE
12874,12874,9,7,22,2026,1,#NE
12875,12875,9,7,22,2026,1,#NE
12876,12876,9,7,26,2026,1,#NE
12877,12877,9,7,20,2026,1,#NE
12878,12878,9,7,21,2026,1,#NE
12879,12879,9,7,21,2026,1,#NE
12880,12880,9,7,21,2026,1,#NE
12881,12881,9,7,8,2026,1,#NE
12882,12882,9,7,8,2026,1,#NE
12883,12883,9,7,8,2026,1,#NE
12884,12884,9,7,8,2026,1,#NE
12885,12885,9,7,8,2026,1,#NE
12886,12886,9,7,9,2026,1,#NE
12887,12887,9,7,9,2026,1,#NE
12888,12888,9,7,29,2026,1,#NE
12889,12889,9,7,29,2026,1,#NE
12890,12890,9,7,29,2026,1,#NE
12891,12891,9,7,29,2026,1,#NE
12892,12892,9,7,14,2026,1,#NE
12893,12893,9,7,14,2026,1,#NE
12894,12894,9,7,16,2026,1,#NE
12895,12895,9,7,29,2026,1,#NE
12896,12896,9,7,14,2026,1,#NE
12897,12897,9,7,14,2026,1,#NE
12898,12898,9,7,6,2026,1,#NE
12899,12899,9,7,6,2026,1,#NE
12900,12900,9,7,24,2026,1,#NE
12901,12901,9,7,25,2026,1,#NE
12902,12902,9,7,13,2026,1,#NE
12903,12903,9,7,13,2026,1,#NE
12904,12904,9,7,28,2026,1,#NE
12905,12905,9,7,27,2026,1,#NE
12906,12906,9,7,27,2026,1,#NE
12907,12907,3,7,5,2026,1,#NE
12908,12908,5,1,14,2026,1,#NE
12909,12909,9,1,16,2026,1,#NE
12910,12910,9,1,29,2026,1,#NE
12911,12911,9,1,25,2026,1,#NE
12912,12912,9,1,20,2026,1,#NE
12913,12913,9,1,19,2026,1,#NE
12914,12914,9,1,6,2026,1,#NE
12915,12915,9,1,6,2026,1,#NE
12916,12916,9,1,9,2026,1,#NE
12917,12917,9,1,9,2026,1,#NE
12918,12918,9,1,9,2026,1,#NE
12919,12919,9,1,9,2026,1,#NE
12920,12920,9,1,14,2026,1,#NE
12921,12921,9,1,14,2026,1,#NE
12922,12922,9,1,14,2026,1,#NE
12923,12923,9,1,21,2026,1,#NE
12924,12924,9,1,21,2026,1,#NE
12925,12925,9,1,3,2026,1,#NE
12926,12926,9,1,21,2026,1,#NE
12927,12927,9,1,28,2026,1,#NE
12928,12928,9,1,13,2026,1,#NE
12929,12929,9,1,27,2026,1,#NE
12930,12930,9,1,15,2026,1,#NE
12931,12931,9,17,9,2026,1,#NE
12932,12932,9,17,9,2026,1,#NE
12933,12933,9,17,9,2026,1,#NE
12934,12934,9,17,14,2026,1,#NE
12935,12935,9,17,14,2026,1,#NE
12936,12936,9,17,14,2026,1,#NE
12937,12937,9,17,14,2026,1,#NE
12938,12938,9,17,14,2026,1,#NE
12939,12939,9,17,14,2026,1,#NE
12940,12940,9,17,6,2026,1,#NE
12941,12941,9,17,6,2026,1,#NE
12942,12942,9,17,6,2026,1,#NE
12943,12943,9,17,6,2026,1,#NE
12944,12944,9,17,6,2026,1,#NE
12945,12945,9,17,15,2026,1,#NE
12946,12946,9,17,15,2026,1,#NE
12947,12947,9,17,7,2026,1,#NE
12948,12948,9,17,7,2026,1,#NE
12949,12949,9,17,15,2026,1,#NE
12950,12950,9,17,16,2026,1,#NE
12951,12951,9,17,29,2026,1,#NE
12952,12952,9,17,16,2026,1,#NE
12953,12953,9,17,16,2026,1,#NE
12954,12954,9,17,16,2026,1,#NE
12955,12955,9,17,29,2026,1,#NE
12956,12956,9,17,16,2026,1,#NE
12957,12957,9,17,16,2026,1,#NE
12958,12958,9,17,16,2026,1,#NE
12959,12959,9,17,16,2026,1,#NE
12960,12960,9,17,11,2026,1,#NE
12961,12961,9,17,24,2026,1,#NE
12962,12962,9,17,19,2026,1,#NE
12963,12963,9,17,26,2026,1,#NE
12964,12964,9,17,26,2026,1,#NE
12965,12965,9,17,22,2026,1,#NE
12966,12966,9,17,20,2026,1,#NE
12967,12967,9,17,20,2026,1,#NE
12968,12968,9,17,20,2026,1,#NE
12969,12969,9,17,20,2026,1,#NE
12970,12970,9,17,20,2026,1,#NE
12971,12971,9,17,20,2026,1,#NE
12972,12972,9,17,30,2026,1,#NE
12973,12973,9,17,28,2026,1,#NE
12974,12974,9,17,2,2026,1,#NE
12975,12975,9,17,2,2026,1,#NE
12976,12976,9,17,2,2026,1,#NE
12977,12977,9,17,2,2026,1,#NE
12978,12978,9,17,2,2026,1,#NE
12979,12979,9,17,2,2026,1,#NE
12980,12980,9,17,2,2026,1,#NE
12981,12981,9,17,2,2026,1,#NE
12982,12982,9,17,2,2026,1,#NE
12983,12983,9,17,2,2026,1,#NE
12984,12984,9,17,27,2026,1,#NE
12985,12985,9,17,27,2026,1,#NE
12986,12986,9,17,27,2026,1,#NE
12987,12987,9,17,27,2026,1,#NE
12988,12988,9,17,27,2026,1,#NE
12989,12989,6,19,7,2026,1,#NE
12990,12990,6,15,13,2026,1,#NE
12991,12991,6,26,27,2026,1,#NE
12992,12992,6,26,24,2026,1,#NE
12993,12993,6,28,6,2026,1,#NE
12994,12994,6,28,22,2026,1,#NE
12995,12995,7,25,16,2026,1,#NE
12996,12996,7,25,14,2026,1,#NE
12997,12997,7,22,20,2026,1,#NE
12998,12998,7,23,16,2026,1,#NE
12999,12999,7,23,9,2026,1,#NE
13000,13000,6,10,9,2026,1,#NE
13001,13001,6,7,23,2026,1,#NE
13002,13002,6,7,29,2026,1,#NE
13003,13003,7,21,11,2026,1,#NE
13004,13004,7,21,1,2026,1,#NE
13005,13005,7,21,22,2026,1,#NE
13006,13006,6,21,29,2026,1,#NE
13007,13007,7,11,27,2026,1,#NE
13008,13008,6,22,24,2026,1,#NE
13009,13009,7,1,28,2026,1,#NE
13010,13010,7,8,9,2026,1,#NE
13011,13011,7,8,14,2026,1,#NE
13012,13012,7,8,2,2026,1,#NE
13013,13013,8,20,7,2026,1,#NE
13014,13014,3,8,1,2026,1,#NE
13015,13015,5,26,22,2026,1,#NE
13016,13016,8,25,28,2026,1,#NE
13017,13017,8,20,14,2026,1,#NE
13018,13018,8,20,21,2026,1,#NE
13019,13019,8,26,28,2026,1,#NE
13020,13020,8,20,5,2026,1,#NE
13021,13021,8,20,5,2026,1,#NE
13022,13022,8,20,5,2026,1,#NE
13023,13023,8,26,22,2026,1,#NE
13024,13024,8,20,9,2026,1,#NE
13025,13025,8,20,2,2026,1,#NE
13026,13026,8,5,13,2026,1,#NE
13027,13027,8,12,2,2026,1,#NE
13028,13028,8,12,25,2026,1,#NE
13029,13029,8,12,27,2026,1,#NE
13030,13030,9,18,2,2026,1,#NE
13031,13031,3,11,12,2026,1,#NE
13032,13032,9,25,24,2026,1,#NE
13033,13033,9,23,15,2026,1,#NE
13034,13034,8,1,6,2026,1,#NE
13035,13035,8,24,1,2026,1,#NE
13036,13036,8,24,1,2026,1,#NE
13037,13037,8,24,1,2026,1,#NE
13038,13038,9,12,8,2026,1,#NE
13039,13039,8,24,1,2026,1,#NE
13040,13040,8,24,2,2026,1,#NE
13041,13041,8,15,8,2026,1,#NE
13042,13042,8,16,2,2026,1,#NE
13043,13043,9,24,5,2026,1,#NE
13044,13044,8,18,8,2026,1,#NE
13045,13045,5,13,1,2026,1,#NE
13046,13046,3,20,27,2026,1,#NE
13047,13047,8,24,5,2026,1,#NE
13048,13048,8,24,5,2026,1,#NE
13049,13049,8,11,8,2026,1,#NE
13050,13050,8,18,4,2026,1,#NE
13051,13051,8,18,15,2026,1,#NE
13052,13052,9,26,22,2026,1,#NE
13053,13053,9,26,22,2026,1,#NE
13054,13054,8,11,24,2026,1,#NE
13055,13055,5,18,8,2026,1,#NE
13056,13056,3,18,12,2026,1,#NE
13057,13057,3,18,4,2026,1,#NE
13058,13058,3,18,23,2026,1,#NE
13059,13059,9,20,2,2026,1,#NE
13060,13060,9,20,6,2026,1,#NE
13061,13061,9,19,21,2026,1,#NE
13062,13062,9,20,1,2026,1,#NE
13063,13063,8,19,21,2026,1,#NE
13064,13064,8,19,5,2026,1,#NE
13065,13065,9,3,13,2026,1,#NE
13066,13066,9,19,12,2026,1,#NE
13067,13067,8,19,7,2026,1,#NE
13068,13068,9,20,7,2026,1,#NE
13069,13069,9,20,7,2026,1,#NE
13070,13070,8,4,20,2026,1,#NE
13071,13071,3,26,22,2026,1,#NE
13072,13072,6,23,25,2026,1,#NE
13073,13073,6,23,3,2026,1,#NE
13074,13074,7,28,5,2026,1,#NE
13075,13075,6,24,12,2026,1,#NE
13076,13076,9,20,5,2026,1,#NE
13077,13077,9,20,5,2026,1,#NE
13078,13078,9,20,5,2026,1,#NE
13079,13079,9,20,15,2026,1,#NE
13080,13080,9,20,15,2026,1,#NE
13081,13081,9,20,9,2026,1,#NE
13082,13082,9,20,9,2026,1,#NE
13083,13083,9,2,28,2026,1,#NE
13084,13084,9,9,6,2026,1,#NE
13085,13085,9,4,25,2026,1,#NE
13086,13086,9,7,6,2026,1,#NE
13087,13087,9,17,8,2026,1,#NE
13088,13088,9,17,8,2026,1,#NE
13089,13089,9,17,8,2026,1,#NE
13090,13090,9,17,8,2026,1,#NE
13091,13091,9,17,8,2026,1,#NE
13092,13092,6,26,22,2026,1,#NE
13093,13093,7,23,21,2026,1,#NE
13094,13094,8,20,29,2026,1,#NE
13095,13095,8,20,14,2026,1,#NE
13096,13096,8,20,27,2026,1,#NE
13097,13097,8,3,19,2026,1,#NE
13098,13098,6,12,21,2026,1,#NE
13099,13099,8,3,24,2026,1,#NE
13100,13100,8,12,13,2026,1,#NE
13101,13101,9,22,6,2026,1,#NE
13102,13102,9,12,24,2026,1,#NE
13103,13103,8,11,29,2026,1,#NE
13104,13104,9,15,29,2026,1,#NE
13105,13105,9,3,19,2026,1,#NE
13106,13106,5,15,6,2026,1,#NE
13107,13107,6,4,13,2026,1,#NE
13108,13108,8,17,7,2026,1,#NE
13109,13109,9,7,20,2026,1,#NE
13110,13110,8,20,29,2026,1,#NE
13111,13111,8,22,14,2026,1,#NE
13112,13112,9,24,3,2026,1,#NE
13113,13113,9,28,9,2026,1,#NE
13114,13114,8,19,3,2026,1,#NE
13115,13115,9,11,17,2026,1,#NE
13116,13116,7,14,6,2026,1,#NE
13117,13117,2,6,18,2026,1,#NE
13118,13118,6,20,27,2026,1,#NE
13119,13119,9,20,29,2026,1,#NE
13120,13120,6,28,5,2026,1,#NE
13121,13121,6,28,5,2026,1,#NE
13122,13122,9,17,15,2026,1,#NE
13123,13123,5,27,7,2026,1,#NE
13124,13124,5,27,14,2026,1,#NE
13125,13125,5,27,23,2026,1,#NE
13126,13126,8,10,17,2026,1,#NE
13127,13127,8,26,14,2026,1,#NE
13128,13128,9,27,4,2026,1,#NE
13129,13129,9,27,4,2026,1,#NE
13130,13130,9,27,16,2026,1,#NE
13131,13131,9,27,16,2026,1,#NE
13132,13132,9,27,29,2026,1,#NE
13133,13133,9,27,16,2026,1,#NE
13134,13134,9,27,16,2026,1,#NE
13135,13135,9,27,4,2026,1,#NE
13136,13136,9,27,4,2026,1,#NE
13137,13137,9,27,16,2026,1,#NE
13138,13138,9,27,16,2026,1,#NE
13139,13139,9,27,4,2026,1,#NE
13140,13140,9,27,16,2026,1,#NE
13141,13141,9,27,29,2026,1,#NE
13142,13142,9,27,16,2026,1,#NE
13143,13143,9,27,4,2026,1,#NE
13144,13144,9,27,4,2026,1,#NE
13145,13145,9,27,4,2026,1,#NE
13146,13146,9,27,4,2026,1,#NE
13147,13147,9,27,29,2026,1,#NE
13148,13148,9,27,29,2026,1,#NE
13149,13149,9,27,8,2026,1,#NE
13150,13150,9,27,8,2026,1,#NE
13151,13151,9,27,8,2026,1,#NE
13152,13152,9,27,8,2026,1,#NE
13153,13153,9,27,8,2026,1,#NE
13154,13154,9,27,12,2026,1,#NE
13155,13155,9,27,12,2026,1,#NE
13156,13156,9,27,24,2026,1,#NE
13157,13157,9,27,24,2026,1,#NE
13158,13158,9,27,24,2026,1,#NE
13159,13159,9,27,24,2026,1,#NE
13160,13160,9,27,24,2026,1,#NE
13161,13161,9,27,24,2026,1,#NE
13162,13162,9,27,24,2026,1,#NE
13163,13163,9,27,24,2026,1,#NE
13164,13164,9,27,11,2026,1,#NE
13165,13165,9,27,11,2026,1,#NE
13166,13166,9,27,7,2026,1,#NE
13167,13167,9,27,7,2026,1,#NE
13168,13168,9,27,7,2026,1,#NE
13169,13169,9,27,7,2026,1,#NE
13170,13170,9,27,7,2026,1,#NE
13171,13171,9,27,13,2026,1,#NE
13172,13172,9,27,13,2026,1,#NE
13173,13173,9,27,13,2026,1,#NE
13174,13174,9,27,7,2026,1,#NE
13175,13175,9,27,13,2026,1,#NE
13176,13176,9,27,13,2026,1,#NE
13177,13177,9,27,13,2026,1,#NE
13178,13178,9,27,13,2026,1,#NE
13179,13179,9,27,13,2026,1,#NE
13180,13180,9,27,13,2026,1,#NE
13181,13181,9,27,13,2026,1,#NE
13182,13182,9,27,22,2026,1,#NE
13183,13183,9,27,22,2026,1,#NE
13184,13184,9,27,26,2026,1,#NE
13185,13185,9,27,26,2026,1,#NE
13186,13186,9,27,26,2026,1,#NE
13187,13187,9,27,22,2026,1,#NE
13188,13188,9,27,22,2026,1,#NE
13189,13189,9,27,15,2026,1,#NE
13190,13190,9,27,15,2026,1,#NE
13191,13191,9,27,15,2026,1,#NE
13192,13192,9,27,15,2026,1,#NE
13193,13193,9,27,15,2026,1,#NE
13194,13194,9,27,15,2026,1,#NE
13195,13195,9,27,15,2026,1,#NE
13196,13196,9,27,15,2026,1,#NE
13197,13197,9,27,15,2026,1,#NE
13198,13198,9,27,15,2026,1,#NE
13199,13199,9,27,15,2026,1,#NE
13200,13200,9,27,27,2026,1,#NE
13201,13201,9,27,27,2026,1,#NE
13202,13202,9,27,27,2026,1,#NE
13203,13203,9,27,27,2026,1,#NE
13204,13204,9,27,27,2026,1,#NE
13205,13205,9,27,1,2026,1,#NE
13206,13206,9,27,1,2026,1,#NE
13207,13207,9,27,27,2026,1,#NE
13208,13208,9,27,27,2026,1,#NE
13209,13209,9,27,6,2026,1,#NE
13210,13210,9,27,27,2026,1,#NE
13211,13211,9,27,27,2026,1,#NE
13212,13212,9,27,6,2026,1,#NE
13213,13213,9,27,6,2026,1,#NE
13214,13214,9,27,6,2026,1,#NE
13215,13215,9,27,6,2026,1,#NE
13216,13216,9,27,6,2026,1,#NE
13217,13217,9,27,6,2026,1,#NE
13218,13218,9,27,6,2026,1,#NE
13219,13219,9,27,6,2026,1,#NE
13220,13220,9,27,6,2026,1,#NE
13221,13221,9,27,6,2026,1,#NE
13222,13222,9,27,6,2026,1,#NE
13223,13223,9,27,28,2026,1,#NE
13224,13224,9,27,17,2026,1,#NE
13225,13225,9,27,5,2026,1,#NE
13226,13226,9,27,5,2026,1,#NE
13227,13227,9,27,5,2026,1,#NE
13228,13228,9,27,5,2026,1,#NE
13229,13229,9,27,28,2026,1,#NE
13230,13230,9,27,17,2026,1,#NE
13231,13231,9,27,28,2026,1,#NE
13232,13232,9,27,28,2026,1,#NE
13233,13233,9,27,17,2026,1,#NE
13234,13234,9,27,28,2026,1,#NE
13235,13235,9,27,9,2026,1,#NE
13236,13236,9,27,9,2026,1,#NE
13237,13237,9,27,9,2026,1,#NE
13238,13238,9,27,9,2026,1,#NE
13239,13239,9,27,9,2026,1,#NE
13240,13240,9,27,9,2026,1,#NE
13241,13241,9,27,9,2026,1,#NE
13242,13242,9,27,9,2026,1,#NE
13243,13243,9,27,9,2026,1,#NE
13244,13244,9,27,9,2026,1,#NE
13245,13245,9,27,9,2026,1,#NE
13246,13246,9,27,9,2026,1,#NE
13247,13247,9,27,9,2026,1,#NE
13248,13248,9,27,2,2026,1,#NE
13249,13249,9,27,2,2026,1,#NE
13250,13250,9,27,2,2026,1,#NE
13251,13251,9,27,2,2026,1,#NE
13252,13252,9,27,2,2026,1,#NE
13253,13253,9,27,2,2026,1,#NE
13254,13254,9,27,2,2026,1,#NE
13255,13255,9,27,2,2026,1,#NE
13256,13256,9,27,2,2026,1,#NE
13257,13257,9,27,2,2026,1,#NE
13258,13258,9,27,2,2026,1,#NE
13259,13259,9,27,2,2026,1,#NE
13260,13260,9,27,2,2026,1,#NE
13261,13261,9,27,2,2026,1,#NE
13262,13262,8,20,6,2026,1,#NE
13263,13263,8,20,27,2026,1,#NE
13264,13264,9,27,20,2026,1,#NE
13265,13265,9,27,20,2026,1,#NE
13266,13266,9,27,20,2026,1,#NE
13267,13267,9,27,20,2026,1,#NE
13268,13268,9,27,20,2026,1,#NE
13269,13269,9,27,20,2026,1,#NE
13270,13270,9,27,20,2026,1,#NE
13271,13271,9,27,20,2026,1,#NE
13272,13272,9,27,3,2026,1,#NE
13273,13273,9,27,21,2026,1,#NE
13274,13274,9,27,21,2026,1,#NE
13275,13275,9,27,21,2026,1,#NE
13276,13276,9,27,21,2026,1,#NE
13277,13277,9,27,21,2026,1,#NE
13278,13278,9,27,21,2026,1,#NE
13279,13279,9,27,21,2026,1,#NE
13280,13280,9,27,3,2026,1,#NE
13281,13281,9,27,21,2026,1,#NE
13282,13282,9,27,21,2026,1,#NE
13283,13283,9,27,21,2026,1,#NE
13284,13284,9,27,21,2026,1,#NE
13285,13285,9,27,21,2026,1,#NE
13286,13286,9,27,21,2026,1,#NE
13287,13287,9,27,14,2026,1,#NE
13288,13288,9,27,14,2026,1,#NE
13289,13289,9,27,14,2026,1,#NE
13290,13290,9,27,14,2026,1,#NE
13291,13291,9,27,14,2026,1,#NE
13292,13292,9,27,14,2026,1,#NE
13293,13293,9,27,14,2026,1,#NE
13294,13294,9,27,19,2026,1,#NE
13295,13295,9,27,19,2026,1,#NE
13296,13296,9,27,19,2026,1,#NE
13297,13297,9,27,19,2026,1,#NE
13298,13298,9,27,19,2026,1,#NE
13299,13299,9,27,19,2026,1,#NE
13300,13300,9,27,19,2026,1,#NE
13301,13301,9,27,19,2026,1,#NE
13302,13302,9,27,19,2026,1,#NE
13303,13303,9,27,19,2026,1,#NE
13304,13304,9,27,19,2026,1,#NE
13305,13305,8,25,2,2026,1,#NE
13306,13306,9,5,8,2026,1,#NE
13307,13307,9,5,1,2026,1,#NE
13308,13308,8,5,17,2026,1,#NE
13309,13309,8,5,27,2026,1,#NE
13310,13310,8,5,19,2026,1,#NE
13311,13311,8,5,21,2026,1,#NE
13312,13312,8,5,4,2026,1,#NE
13313,13313,8,27,9,2026,1,#NE
13314,13314,8,27,9,2026,1,#NE
13315,13315,8,27,9,2026,1,#NE
13316,13316,8,27,9,2026,1,#NE
13317,13317,8,27,9,2026,1,#NE
13318,13318,8,27,9,2026,1,#NE
13319,13319,8,27,9,2026,1,#NE
13320,13320,8,27,9,2026,1,#NE
13321,13321,8,22,4,2026,1,#NE
13322,13322,8,22,4,2026,1,#NE
13323,13323,9,10,9,2026,1,#NE
13324,13324,8,27,5,2026,1,#NE
13325,13325,8,27,5,2026,1,#NE
13326,13326,8,27,5,2026,1,#NE
13327,13327,8,27,5,2026,1,#NE
13328,13328,8,27,21,2026,1,#NE
13329,13329,8,27,21,2026,1,#NE
13330,13330,8,27,3,2026,1,#NE
13331,13331,8,27,21,2026,1,#NE
13332,13332,8,27,3,2026,1,#NE
13333,13333,8,27,21,2026,1,#NE
13334,13334,8,27,21,2026,1,#NE
13335,13335,8,27,13,2026,1,#NE
13336,13336,8,27,13,2026,1,#NE
13337,13337,8,27,13,2026,1,#NE
13338,13338,8,27,13,2026,1,#NE
13339,13339,8,27,13,2026,1,#NE
13340,13340,8,27,13,2026,1,#NE
13341,13341,8,27,24,2026,1,#NE
13342,13342,8,27,24,2026,1,#NE
13343,13343,8,27,24,2026,1,#NE
13344,13344,8,27,24,2026,1,#NE
13345,13345,8,27,24,2026,1,#NE
13346,13346,8,27,24,2026,1,#NE
13347,13347,8,27,19,2026,1,#NE
13348,13348,8,27,19,2026,1,#NE
13349,13349,8,27,19,2026,1,#NE
13350,13350,8,27,19,2026,1,#NE
13351,13351,8,27,19,2026,1,#NE
13352,13352,8,27,19,2026,1,#NE
13353,13353,8,27,19,2026,1,#NE
13354,13354,8,27,30,2026,1,#NE
13355,13355,8,27,30,2026,1,#NE
13356,13356,8,27,6,2026,1,#NE
13357,13357,8,27,6,2026,1,#NE
13358,13358,8,27,6,2026,1,#NE
13359,13359,8,27,6,2026,1,#NE
13360,13360,8,27,6,2026,1,#NE
13361,13361,8,27,6,2026,1,#NE
13362,13362,8,27,6,2026,1,#NE
13363,13363,8,27,6,2026,1,#NE
13364,13364,8,27,27,2026,1,#NE
13365,13365,8,27,27,2026,1,#NE
13366,13366,8,27,27,2026,1,#NE
13367,13367,8,27,27,2026,1,#NE
13368,13368,8,27,27,2026,1,#NE
13369,13369,8,27,27,2026,1,#NE
13370,13370,8,27,27,2026,1,#NE
13371,13371,8,27,27,2026,1,#NE
13372,13372,8,27,22,2026,1,#NE
13373,13373,8,27,22,2026,1,#NE
13374,13374,8,27,22,2026,1,#NE
13375,13375,8,27,22,2026,1,#NE
13376,13376,8,27,22,2026,1,#NE
13377,13377,8,27,26,2026,1,#NE
13378,13378,8,12,20,2026,1,#NE
13379,13379,3,14,14,2026,1,#NE
13380,13380,5,8,2,2026,1,#NE
13381,13381,8,27,7,2026,1,#NE
13382,13382,8,27,7,2026,1,#NE
13383,13383,8,27,7,2026,1,#NE
13384,13384,8,27,7,2026,1,#NE
13385,13385,8,27,7,2026,1,#NE
13386,13386,5,26,24,2026,1,#NE
13387,13387,8,27,7,2026,1,#NE
13388,13388,5,26,13,2026,1,#NE
13389,13389,8,27,2,2026,1,#NE
13390,13390,8,27,2,2026,1,#NE
13391,13391,8,20,7,2026,1,#NE
13392,13392,8,27,2,2026,1,#NE
13393,13393,8,27,2,2026,1,#NE
13394,13394,3,13,17,2026,1,#NE
13395,13395,5,25,14,2026,1,#NE
13396,13396,5,25,12,2026,1,#NE
13397,13397,5,25,17,2026,1,#NE
13398,13398,5,25,30,2026,1,#NE
13399,13399,5,25,23,2026,1,#NE
13400,13400,9,10,5,2026,1,#NE
13401,13401,9,10,4,2026,1,#NE
13402,13402,8,27,2,2026,1,#NE
13403,13403,8,27,2,2026,1,#NE
13404,13404,8,27,2,2026,1,#NE
13405,13405,8,27,2,2026,1,#NE
13406,13406,8,25,15,2026,1,#NE
13407,13407,8,27,2,2026,1,#NE
13408,13408,8,27,15,2026,1,#NE
13409,13409,8,20,7,2026,1,#NE
13410,13410,8,20,8,2026,1,#NE
13411,13411,8,27,15,2026,1,#NE
13412,13412,8,27,15,2026,1,#NE
13413,13413,8,27,15,2026,1,#NE
13414,13414,8,27,15,2026,1,#NE
13415,13415,8,27,15,2026,1,#NE
13416,13416,8,27,15,2026,1,#NE
13417,13417,8,3,8,2026,1,#NE
13418,13418,8,3,19,2026,1,#NE
13419,13419,8,3,27,2026,1,#NE
13420,13420,8,27,15,2026,1,#NE
13421,13421,8,27,15,2026,1,#NE
13422,13422,8,27,15,2026,1,#NE
13423,13423,8,10,6,2026,1,#NE
13424,13424,8,10,6,2026,1,#NE
13425,13425,8,27,15,2026,1,#NE
13426,13426,8,25,15,2026,1,#NE
13427,13427,8,27,4,2026,1,#NE
13428,13428,8,27,4,2026,1,#NE
13429,13429,8,20,8,2026,1,#NE
13430,13430,8,3,27,2026,1,#NE
13431,13431,8,27,4,2026,1,#NE
13432,13432,8,27,4,2026,1,#NE
13433,13433,8,3,7,2026,1,#NE
13434,13434,8,27,4,2026,1,#NE
13435,13435,8,27,4,2026,1,#NE
13436,13436,8,27,4,2026,1,#NE
13437,13437,8,10,15,2026,1,#NE
13438,13438,8,10,15,2026,1,#NE
13439,13439,8,10,15,2026,1,#NE
13440,13440,8,25,4,2026,1,#NE
13441,13441,8,25,4,2026,1,#NE
13442,13442,8,27,4,2026,1,#NE
13443,13443,8,27,4,2026,1,#NE
13444,13444,8,25,4,2026,1,#NE
13445,13445,8,20,8,2026,1,#NE
13446,13446,8,20,8,2026,1,#NE
13447,13447,8,27,4,2026,1,#NE
13448,13448,8,27,28,2026,1,#NE
13449,13449,8,20,29,2026,1,#NE
13450,13450,8,27,28,2026,1,#NE
13451,13451,8,27,20,2026,1,#NE
13452,13452,8,27,17,2026,1,#NE
13453,13453,8,10,29,2026,1,#NE
13454,13454,8,27,17,2026,1,#NE
13455,13455,8,27,28,2026,1,#NE
13456,13456,8,27,17,2026,1,#NE
13457,13457,8,20,16,2026,1,#NE
13458,13458,8,10,16,2026,1,#NE
13459,13459,8,27,28,2026,1,#NE
13460,13460,8,20,16,2026,1,#NE
13461,13461,8,20,16,2026,1,#NE
13462,13462,8,20,16,2026,1,#NE
13463,13463,8,20,29,2026,1,#NE
13464,13464,8,27,17,2026,1,#NE
13465,13465,8,27,20,2026,1,#NE
13466,13466,8,27,20,2026,1,#NE
13467,13467,8,20,4,2026,1,#NE
13468,13468,8,27,20,2026,1,#NE
13469,13469,8,10,14,2026,1,#NE
13470,13470,8,20,4,2026,1,#NE
13471,13471,8,27,20,2026,1,#NE
13472,13472,8,20,4,2026,1,#NE
13473,13473,8,20,4,2026,1,#NE
13474,13474,8,20,4,2026,1,#NE
13475,13475,8,20,4,2026,1,#NE
13476,13476,8,20,4,2026,1,#NE
13477,13477,8,27,20,2026,1,#NE
13478,13478,8,27,20,2026,1,#NE
13479,13479,8,27,14,2026,1,#NE
13480,13480,8,3,13,2026,1,#NE
13481,13481,8,3,4,2026,1,#NE
13482,13482,8,10,14,2026,1,#NE
13483,13483,8,10,24,2026,1,#NE
13484,13484,8,25,17,2026,1,#NE
13485,13485,8,20,4,2026,1,#NE
13486,13486,8,20,4,2026,1,#NE
13487,13487,8,3,2,2026,1,#NE
13488,13488,8,3,2,2026,1,#NE
13489,13489,8,3,29,2026,1,#NE
13490,13490,8,10,24,2026,1,#NE
13491,13491,8,25,9,2026,1,#NE
13492,13492,8,25,9,2026,1,#NE
13493,13493,8,20,14,2026,1,#NE
13494,13494,8,10,13,2026,1,#NE
13495,13495,8,10,13,2026,1,#NE
13496,13496,8,20,14,2026,1,#NE
13497,13497,8,20,14,2026,1,#NE
13498,13498,8,27,14,2026,1,#NE
13499,13499,8,27,14,2026,1,#NE
13500,13500,8,20,14,2026,1,#NE
13501,13501,8,3,9,2026,1,#NE
13502,13502,8,27,14,2026,1,#NE
13503,13503,8,3,9,2026,1,#NE
13504,13504,8,3,20,2026,1,#NE
13505,13505,8,27,14,2026,1,#NE
13506,13506,8,27,14,2026,1,#NE
13507,13507,8,27,14,2026,1,#NE
13508,13508,8,10,17,2026,1,#NE
13509,13509,8,27,14,2026,1,#NE
13510,13510,8,27,14,2026,1,#NE
13511,13511,8,27,1,2026,1,#NE
13512,13512,8,27,1,2026,1,#NE
13513,13513,8,27,1,2026,1,#NE
13514,13514,8,27,1,2026,1,#NE
13515,13515,8,20,22,2026,1,#NE
13516,13516,8,20,22,2026,1,#NE
13517,13517,8,3,20,2026,1,#NE
13518,13518,8,10,28,2026,1,#NE
13519,13519,8,27,1,2026,1,#NE
13520,13520,8,27,1,2026,1,#NE
13521,13521,8,27,1,2026,1,#NE
13522,13522,8,10,28,2026,1,#NE
13523,13523,8,27,1,2026,1,#NE
13524,13524,8,27,1,2026,1,#NE
13525,13525,8,27,1,2026,1,#NE
13526,13526,8,27,1,2026,1,#NE
13527,13527,8,25,14,2026,1,#NE
13528,13528,8,27,12,2026,1,#NE
13529,13529,8,27,12,2026,1,#NE
13530,13530,8,27,29,2026,1,#NE
13531,13531,8,27,29,2026,1,#NE
13532,13532,8,20,21,2026,1,#NE
13533,13533,8,3,22,2026,1,#NE
13534,13534,8,10,7,2026,1,#NE
13535,13535,8,10,7,2026,1,#NE
13536,13536,8,27,29,2026,1,#NE
13537,13537,8,27,29,2026,1,#NE
13538,13538,8,27,29,2026,1,#NE
13539,13539,8,10,7,2026,1,#NE
13540,13540,8,10,7,2026,1,#NE
13541,13541,8,20,21,2026,1,#NE
13542,13542,8,20,21,2026,1,#NE
13543,13543,8,20,21,2026,1,#NE
13544,13544,8,20,3,2026,1,#NE
13545,13545,8,27,16,2026,1,#NE
13546,13546,8,20,21,2026,1,#NE
13547,13547,8,20,21,2026,1,#NE
13548,13548,8,10,4,2026,1,#NE
13549,13549,8,10,4,2026,1,#NE
13550,13550,8,10,4,2026,1,#NE
13551,13551,8,10,4,2026,1,#NE
13552,13552,8,27,29,2026,1,#NE
13553,13553,8,27,29,2026,1,#NE
13554,13554,9,5,4,2026,1,#NE
13555,13555,9,5,4,2026,1,#NE
13556,13556,8,20,21,2026,1,#NE
13557,13557,9,5,21,2026,1,#NE
13558,13558,9,5,27,2026,1,#NE
13559,13559,9,5,27,2026,1,#NE
13560,13560,8,27,16,2026,1,#NE
13561,13561,8,20,21,2026,1,#NE
13562,13562,8,10,20,2026,1,#NE
13563,13563,8,10,20,2026,1,#NE
13564,13564,8,10,20,2026,1,#NE
13565,13565,8,10,20,2026,1,#NE
13566,13566,9,22,4,2026,1,#NE
13567,13567,9,10,22,2026,1,#NE
13568,13568,8,12,21,2026,1,#NE
13569,13569,8,12,21,2026,1,#NE
13570,13570,8,12,26,2026,1,#NE
13571,13571,8,10,22,2026,1,#NE
13572,13572,8,12,27,2026,1,#NE
13573,13573,9,22,16,2026,1,#NE
13574,13574,8,7,22,2026,1,#NE
13575,13575,8,7,8,2026,1,#NE
13576,13576,8,10,27,2026,1,#NE
13577,13577,9,5,14,2026,1,#NE
13578,13578,9,18,2,2026,1,#NE
13579,13579,9,18,16,2026,1,#NE
13580,13580,8,7,21,2026,1,#NE
13581,13581,8,10,27,2026,1,#NE
13582,13582,8,7,6,2026,1,#NE
13583,13583,8,7,7,2026,1,#NE
13584,13584,8,7,13,2026,1,#NE
13585,13585,8,7,15,2026,1,#NE
13586,13586,8,25,2,2026,1,#NE
13587,13587,8,20,6,2026,1,#NE
13588,13588,8,7,15,2026,1,#NE
13589,13589,8,20,6,2026,1,#NE
13590,13590,8,20,6,2026,1,#NE
13591,13591,8,3,11,2026,1,#NE
13592,13592,8,14,1,2026,1,#NE
13593,13593,8,21,21,2026,1,#NE
13594,13594,8,3,24,2026,1,#NE
13595,13595,8,3,24,2026,1,#NE
13596,13596,8,3,11,2026,1,#NE
13597,13597,8,3,6,2026,1,#NE
13598,13598,9,13,29,2026,1,#NE
13599,13599,9,13,4,2026,1,#NE
13600,13600,9,13,4,2026,1,#NE
13601,13601,8,26,14,2026,1,#NE
13602,13602,8,21,4,2026,1,#NE
13603,13603,9,23,14,2026,1,#NE
13604,13604,8,20,6,2026,1,#NE
13605,13605,8,1,28,2026,1,#NE
13606,13606,9,12,19,2026,1,#NE
13607,13607,8,20,6,2026,1,#NE
13608,13608,8,20,5,2026,1,#NE
13609,13609,8,3,15,2026,1,#NE
13610,13610,8,3,15,2026,1,#NE
13611,13611,9,12,21,2026,1,#NE
13612,13612,9,12,8,2026,1,#NE
13613,13613,8,1,15,2026,1,#NE
13614,13614,8,15,4,2026,1,#NE
13615,13615,9,25,27,2026,1,#NE
13616,13616,8,26,9,2026,1,#NE
13617,13617,8,26,30,2026,1,#NE
13618,13618,8,25,7,2026,1,#NE
13619,13619,9,25,27,2026,1,#NE
13620,13620,8,24,1,2026,1,#NE
13621,13621,9,15,2,2026,1,#NE
13622,13622,9,23,13,2026,1,#NE
13623,13623,9,14,21,2026,1,#NE
13624,13624,8,15,2,2026,1,#NE
13625,13625,8,16,15,2026,1,#NE
13626,13626,8,25,27,2026,1,#NE
13627,13627,8,16,24,2026,1,#NE
13628,13628,8,11,13,2026,1,#NE
13629,13629,9,15,26,2026,1,#NE
13630,13630,8,20,5,2026,1,#NE
13631,13631,8,20,5,2026,1,#NE
13632,13632,8,12,19,2026,1,#NE
13633,13633,8,18,2,2026,1,#NE
13634,13634,8,24,19,2026,1,#NE
13635,13635,8,24,3,2026,1,#NE
13636,13636,8,12,19,2026,1,#NE
13637,13637,9,20,27,2026,1,#NE
13638,13638,9,20,27,2026,1,#NE
13639,13639,8,26,11,2026,1,#NE
13640,13640,9,14,6,2026,1,#NE
13641,13641,9,24,21,2026,1,#NE
13642,13642,9,24,20,2026,1,#NE
13643,13643,8,25,6,2026,1,#NE
13644,13644,8,20,5,2026,1,#NE
13645,13645,8,26,16,2026,1,#NE
13646,13646,8,26,29,2026,1,#NE
13647,13647,9,16,6,2026,1,#NE
13648,13648,9,16,19,2026,1,#NE
13649,13649,8,26,13,2026,1,#NE
13650,13650,9,28,22,2026,1,#NE
13651,13651,9,28,9,2026,1,#NE
13652,13652,8,26,13,2026,1,#NE
13653,13653,8,26,15,2026,1,#NE
13654,13654,9,3,19,2026,1,#NE
13655,13655,8,8,15,2026,1,#NE
13656,13656,8,20,15,2026,1,#NE
13657,13657,8,20,15,2026,1,#NE
13658,13658,8,20,15,2026,1,#NE
13659,13659,8,19,5,2026,1,#NE
13660,13660,8,19,5,2026,1,#NE
13661,13661,8,19,17,2026,1,#NE
13662,13662,9,20,6,2026,1,#NE
13663,13663,8,26,20,2026,1,#NE
13664,13664,8,26,2,2026,1,#NE
13665,13665,8,26,2,2026,1,#NE
13666,13666,9,20,8,2026,1,#NE
13667,13667,9,20,1,2026,1,#NE
13668,13668,9,3,27,2026,1,#NE
13669,13669,8,25,6,2026,1,#NE
13670,13670,8,25,13,2026,1,#NE
13671,13671,8,25,13,2026,1,#NE
13672,13672,8,25,13,2026,1,#NE
13673,13673,8,25,29,2026,1,#NE
13674,13674,9,19,6,2026,1,#NE
13675,13675,8,20,15,2026,1,#NE
13676,13676,8,20,15,2026,1,#NE
13677,13677,8,20,15,2026,1,#NE
13678,13678,8,19,22,2026,1,#NE
13679,13679,9,19,20,2026,1,#NE
13680,13680,9,19,5,2026,1,#NE
13681,13681,8,12,6,2026,1,#NE
13682,13682,8,12,6,2026,1,#NE
13683,13683,8,12,6,2026,1,#NE
13684,13684,9,19,5,2026,1,#NE
13685,13685,8,26,4,2026,1,#NE
13686,13686,8,4,6,2026,1,#NE
13687,13687,8,28,17,2026,1,#NE
13688,13688,8,28,7,2026,1,#NE
13689,13689,8,25,16,2026,1,#NE
13690,13690,8,25,29,2026,1,#NE
13691,13691,7,2,6,2026,1,#NE
13692,13692,7,27,14,2026,1,#NE
13693,13693,8,9,20,2026,1,#NE
13694,13694,8,9,17,2026,1,#NE
13695,13695,8,9,4,2026,1,#NE
13696,13696,7,27,23,2026,1,#NE
13697,13697,7,27,15,2026,1,#NE
13698,13698,8,12,6,2026,1,#NE
13699,13699,8,12,6,2026,1,#NE
13700,13700,8,12,6,2026,1,#NE
13701,13701,7,16,6,2026,1,#NE
13702,13702,9,21,26,2026,1,#NE
13703,13703,6,2,6,2026,1,#NE
13704,13704,6,27,7,2026,1,#NE
13705,13705,6,27,23,2026,1,#NE
13706,13706,9,5,26,2026,1,#NE
13707,13707,6,27,23,2026,1,#NE
13708,13708,2,6,18,2026,1,#NE
13709,13709,7,19,20,2026,1,#NE
13710,13710,6,20,15,2026,1,#NE
13711,13711,8,20,27,2026,1,#NE
13712,13712,8,20,27,2026,1,#NE
13713,13713,8,20,27,2026,1,#NE
13714,13714,8,12,6,2026,1,#NE
13715,13715,4,20,5,2026,1,#NE
13716,13716,6,9,6,2026,1,#NE
13717,13717,7,5,4,2026,1,#NE
13718,13718,7,28,27,2026,1,#NE
13719,13719,8,12,6,2026,1,#NE
13720,13720,6,11,1,2026,1,#NE
13721,13721,8,5,28,2026,1,#NE
13722,13722,9,5,22,2026,1,#NE
13723,13723,9,5,22,2026,1,#NE
13724,13724,9,5,22,2026,1,#NE
13725,13725,8,20,27,2026,1,#NE
13726,13726,8,20,27,2026,1,#NE
13727,13727,8,12,6,2026,1,#NE
13728,13728,8,12,6,2026,1,#NE
13729,13729,8,20,9,2026,1,#NE
13730,13730,8,5,28,2026,1,#NE
13731,13731,8,20,9,2026,1,#NE
13732,13732,8,5,15,2026,1,#NE
13733,13733,8,5,15,2026,1,#NE
13734,13734,8,5,15,2026,1,#NE
13735,13735,8,5,15,2026,1,#NE
13736,13736,8,5,27,2026,1,#NE
13737,13737,9,5,26,2026,1,#NE
13738,13738,9,5,22,2026,1,#NE
13739,13739,9,5,22,2026,1,#NE
13740,13740,8,20,9,2026,1,#NE
13741,13741,8,20,28,2026,1,#NE
13742,13742,8,12,8,2026,1,#NE
13743,13743,8,5,27,2026,1,#NE
13744,13744,8,5,27,2026,1,#NE
13745,13745,8,5,27,2026,1,#NE
13746,13746,8,5,22,2026,1,#NE
13747,13747,9,5,8,2026,1,#NE
13748,13748,9,2,21,2026,1,#NE
13749,13749,9,2,21,2026,1,#NE
13750,13750,9,2,17,2026,1,#NE
13751,13751,8,20,28,2026,1,#NE
13752,13752,9,9,14,2026,1,#NE
13753,13753,9,9,14,2026,1,#NE
13754,13754,9,9,15,2026,1,#NE
13755,13755,9,9,4,2026,1,#NE
13756,13756,9,9,6,2026,1,#NE
13757,13757,8,12,8,2026,1,#NE
13758,13758,8,12,8,2026,1,#NE
13759,13759,8,12,9,2026,1,#NE
13760,13760,8,5,22,2026,1,#NE
13761,13761,8,5,22,2026,1,#NE
13762,13762,8,5,22,2026,1,#NE
13763,13763,8,17,17,2026,1,#NE
13764,13764,9,4,24,2026,1,#NE
13765,13765,8,2,2,2026,1,#NE
13766,13766,8,20,28,2026,1,#NE
13767,13767,9,7,20,2026,1,#NE
13768,13768,8,12,9,2026,1,#NE
13769,13769,8,5,27,2026,1,#NE
13770,13770,8,5,27,2026,1,#NE
13771,13771,9,7,17,2026,1,#NE
13772,13772,9,1,19,2026,1,#NE
13773,13773,9,1,6,2026,1,#NE
13774,13774,8,5,27,2026,1,#NE
13775,13775,9,5,8,2026,1,#NE
13776,13776,9,1,1,2026,1,#NE
13777,13777,9,5,8,2026,1,#NE
13778,13778,9,5,8,2026,1,#NE
13779,13779,9,17,5,2026,1,#NE
13780,13780,8,20,20,2026,1,#NE
13781,13781,8,5,22,2026,1,#NE
13782,13782,9,17,27,2026,1,#NE
13783,13783,8,5,22,2026,1,#NE
13784,13784,7,23,14,2026,1,#NE
13785,13785,7,21,1,2026,1,#NE
13786,13786,7,21,22,2026,1,#NE
13787,13787,8,20,20,2026,1,#NE
13788,13788,8,5,27,2026,1,#NE
13789,13789,8,5,27,2026,1,#NE
13790,13790,4,27,30,2026,1,#NE
13791,13791,7,8,5,2026,1,#NE
13792,13792,4,5,4,2026,1,#NE
13793,13793,8,5,22,2026,1,#NE
13794,13794,8,20,20,2026,1,#NE
13795,13795,8,5,2,2026,1,#NE
13796,13796,8,5,2,2026,1,#NE
13797,13797,8,20,13,2026,1,#NE
13798,13798,8,20,13,2026,1,#NE
13799,13799,8,5,2,2026,1,#NE
13800,13800,8,5,2,2026,1,#NE
13801,13801,8,5,2,2026,1,#NE
13802,13802,8,20,13,2026,1,#NE
13803,13803,8,20,13,2026,1,#NE
13804,13804,8,20,13,2026,1,#NE
13805,13805,8,12,9,2026,1,#NE
13806,13806,8,12,9,2026,1,#NE
13807,13807,9,5,1,2026,1,#NE
13808,13808,9,5,1,2026,1,#NE
13809,13809,9,5,1,2026,1,#NE
13810,13810,8,20,13,2026,1,#NE
13811,13811,8,12,9,2026,1,#NE
13812,13812,8,12,9,2026,1,#NE
13813,13813,8,12,9,2026,1,#NE
13814,13814,8,5,6,2026,1,#NE
13815,13815,9,5,1,2026,1,#NE
13816,13816,9,5,4,2026,1,#NE
13817,13817,8,12,20,2026,1,#NE
13818,13818,8,12,20,2026,1,#NE
13819,13819,8,12,20,2026,1,#NE
13820,13820,8,12,20,2026,1,#NE
13821,13821,8,5,6,2026,1,#NE
13822,13822,8,5,14,2026,1,#NE
13823,13823,8,5,14,2026,1,#NE
13824,13824,9,5,4,2026,1,#NE
13825,13825,9,5,4,2026,1,#NE
13826,13826,8,20,24,2026,1,#NE
13827,13827,8,12,20,2026,1,#NE
13828,13828,8,12,20,2026,1,#NE
13829,13829,8,5,14,2026,1,#NE
13830,13830,8,5,14,2026,1,#NE
13831,13831,9,5,21,2026,1,#NE
13832,13832,8,12,2,2026,1,#NE
13833,13833,8,5,1,2026,1,#NE
13834,13834,8,5,1,2026,1,#NE
13835,13835,8,5,13,2026,1,#NE
13836,13836,8,20,11,2026,1,#NE
13837,13837,8,20,2,2026,1,#NE
13838,13838,8,20,2,2026,1,#NE
13839,13839,8,20,2,2026,1,#NE
13840,13840,8,20,2,2026,1,#NE
13841,13841,8,5,13,2026,1,#NE
13842,13842,8,5,13,2026,1,#NE
13843,13843,8,20,2,2026,1,#NE
13844,13844,8,20,2,2026,1,#NE
13845,13845,8,5,13,2026,1,#NE
13846,13846,8,5,13,2026,1,#NE
13847,13847,8,5,13,2026,1,#NE
13848,13848,8,5,20,2026,1,#NE
13849,13849,9,5,21,2026,1,#NE
13850,13850,8,20,2,2026,1,#NE
13851,13851,8,20,2,2026,1,#NE
13852,13852,8,20,19,2026,1,#NE
13853,13853,8,5,7,2026,1,#NE
13854,13854,9,5,21,2026,1,#NE
13855,13855,9,5,3,2026,1,#NE
13856,13856,8,20,19,2026,1,#NE
13857,13857,8,20,19,2026,1,#NE
13858,13858,8,12,2,2026,1,#NE
13859,13859,8,5,7,2026,1,#NE
13860,13860,8,5,7,2026,1,#NE
13861,13861,8,5,7,2026,1,#NE
13862,13862,8,20,19,2026,1,#NE
13863,13863,8,20,19,2026,1,#NE
13864,13864,8,20,19,2026,1,#NE
13865,13865,8,20,19,2026,1,#NE
13866,13866,8,12,13,2026,1,#NE
13867,13867,8,12,13,2026,1,#NE
13868,13868,8,12,13,2026,1,#NE
13869,13869,8,5,19,2026,1,#NE
13870,13870,8,5,19,2026,1,#NE
13871,13871,9,5,21,2026,1,#NE
13872,13872,8,22,9,2026,1,#NE
13873,13873,8,22,27,2026,1,#NE
13874,13874,8,12,13,2026,1,#NE
13875,13875,8,12,13,2026,1,#NE
13876,13876,8,5,19,2026,1,#NE
13877,13877,9,5,2,2026,1,#NE
13878,13878,9,5,2,2026,1,#NE
13879,13879,9,5,2,2026,1,#NE
13880,13880,8,22,27,2026,1,#NE
13881,13881,8,22,6,2026,1,#NE
13882,13882,8,12,13,2026,1,#NE
13883,13883,8,5,29,2026,1,#NE
13884,13884,9,5,2,2026,1,#NE
13885,13885,9,5,2,2026,1,#NE
13886,13886,9,5,2,2026,1,#NE
13887,13887,8,22,28,2026,1,#NE
13888,13888,8,5,16,2026,1,#NE
13889,13889,8,5,16,2026,1,#NE
13890,13890,8,5,29,2026,1,#NE
13891,13891,9,5,2,2026,1,#NE
13892,13892,8,22,19,2026,1,#NE
13893,13893,8,5,29,2026,1,#NE
13894,13894,8,5,29,2026,1,#NE
13895,13895,8,22,13,2026,1,#NE
13896,13896,8,5,9,2026,1,#NE
13897,13897,8,5,9,2026,1,#NE
13898,13898,8,5,9,2026,1,#NE
13899,13899,8,5,9,2026,1,#NE
13900,13900,8,5,9,2026,1,#NE
13901,13901,8,22,14,2026,1,#NE
13902,13902,8,22,14,2026,1,#NE
13903,13903,8,22,14,2026,1,#NE
13904,13904,8,22,7,2026,1,#NE
13905,13905,8,22,7,2026,1,#NE
13906,13906,8,5,9,2026,1,#NE
13907,13907,8,5,4,2026,1,#NE
13908,13908,8,5,4,2026,1,#NE
13909,13909,8,22,25,2026,1,#NE
13910,13910,8,22,24,2026,1,#NE
13911,13911,8,22,2,2026,1,#NE
13912,13912,8,5,24,2026,1,#NE
13913,13913,8,22,20,2026,1,#NE
13914,13914,8,22,16,2026,1,#NE
13915,13915,9,10,21,2026,1,#NE
13916,13916,8,5,21,2026,1,#NE
13917,13917,8,5,21,2026,1,#NE
13918,13918,8,5,21,2026,1,#NE
13919,13919,9,10,21,2026,1,#NE
13920,13920,9,10,21,2026,1,#NE
13921,13921,8,5,21,2026,1,#NE
13922,13922,9,10,21,2026,1,#NE
13923,13923,9,10,9,2026,1,#NE
13924,13924,8,12,13,2026,1,#NE
13925,13925,8,12,13,2026,1,#NE
13926,13926,8,12,17,2026,1,#NE
13927,13927,9,5,24,2026,1,#NE
13928,13928,9,10,9,2026,1,#NE
13929,13929,9,10,9,2026,1,#NE
13930,13930,9,10,9,2026,1,#NE
13931,13931,9,10,9,2026,1,#NE
13932,13932,8,12,17,2026,1,#NE
13933,13933,9,5,25,2026,1,#NE
13934,13934,9,10,9,2026,1,#NE
13935,13935,9,10,8,2026,1,#NE
13936,13936,9,10,8,2026,1,#NE
13937,13937,9,10,8,2026,1,#NE
13938,13938,9,10,8,2026,1,#NE
13939,13939,9,10,8,2026,1,#NE
13940,13940,9,10,8,2026,1,#NE
13941,13941,8,12,28,2026,1,#NE
13942,13942,9,5,25,2026,1,#NE
13943,13943,9,5,25,2026,1,#NE
13944,13944,9,5,24,2026,1,#NE
13945,13945,9,10,8,2026,1,#NE
13946,13946,9,10,8,2026,1,#NE
13947,13947,9,10,20,2026,1,#NE
13948,13948,8,12,28,2026,1,#NE
13949,13949,9,5,25,2026,1,#NE
13950,13950,9,5,25,2026,1,#NE
13951,13951,9,10,29,2026,1,#NE
13952,13952,8,12,14,2026,1,#NE
13953,13953,9,10,29,2026,1,#NE
13954,13954,9,10,29,2026,1,#NE
13955,13955,9,10,29,2026,1,#NE
13956,13956,9,10,29,2026,1,#NE
13957,13957,9,10,29,2026,1,#NE
13958,13958,9,10,5,2026,1,#NE
13959,13959,8,12,14,2026,1,#NE
13960,13960,8,12,14,2026,1,#NE
13961,13961,9,5,27,2026,1,#NE
13962,13962,9,10,5,2026,1,#NE
13963,13963,9,10,5,2026,1,#NE
13964,13964,9,10,5,2026,1,#NE
13965,13965,9,10,5,2026,1,#NE
13966,13966,9,10,1,2026,1,#NE
13967,13967,9,5,27,2026,1,#NE
13968,13968,9,10,5,2026,1,#NE
13969,13969,9,10,5,2026,1,#NE
13970,13970,9,10,5,2026,1,#NE
13971,13971,8,12,23,2026,1,#NE
13972,13972,9,5,27,2026,1,#NE
13973,13973,9,10,1,2026,1,#NE
13974,13974,8,12,21,2026,1,#NE
13975,13975,9,5,27,2026,1,#NE
13976,13976,9,5,20,2026,1,#NE
13977,13977,9,5,20,2026,1,#NE
13978,13978,9,5,20,2026,1,#NE
13979,13979,9,10,1,2026,1,#NE
13980,13980,9,10,1,2026,1,#NE
13981,13981,9,10,1,2026,1,#NE
13982,13982,9,10,1,2026,1,#NE
13983,13983,9,10,4,2026,1,#NE
13984,13984,9,5,6,2026,1,#NE
13985,13985,9,10,4,2026,1,#NE
13986,13986,8,12,15,2026,1,#NE
13987,13987,8,12,15,2026,1,#NE
13988,13988,8,12,15,2026,1,#NE
13989,13989,8,12,15,2026,1,#NE
13990,13990,8,12,15,2026,1,#NE
13991,13991,9,5,6,2026,1,#NE
13992,13992,9,5,6,2026,1,#NE
13993,13993,9,10,4,2026,1,#NE
13994,13994,9,10,30,2026,1,#NE
13995,13995,9,10,24,2026,1,#NE
13996,13996,8,12,15,2026,1,#NE
13997,13997,8,12,15,2026,1,#NE
13998,13998,8,12,15,2026,1,#NE
13999,13999,9,5,6,2026,1,#NE
14000,14000,9,5,6,2026,1,#NE
14001,14001,9,10,24,2026,1,#NE
14002,14002,8,12,15,2026,1,#NE
14003,14003,8,12,15,2026,1,#NE
14004,14004,8,12,15,2026,1,#NE
14005,14005,8,12,15,2026,1,#NE
14006,14006,8,12,15,2026,1,#NE
14007,14007,9,5,6,2026,1,#NE
14008,14008,9,5,13,2026,1,#NE
14009,14009,9,10,24,2026,1,#NE
14010,14010,9,10,24,2026,1,#NE
14011,14011,8,12,26,2026,1,#NE
14012,14012,8,12,26,2026,1,#NE
14013,14013,9,10,6,2026,1,#NE
14014,14014,9,10,6,2026,1,#NE
14015,14015,9,10,6,2026,1,#NE
14016,14016,8,12,22,2026,1,#NE
14017,14017,8,12,26,2026,1,#NE
14018,14018,9,5,13,2026,1,#NE
14019,14019,9,5,13,2026,1,#NE
14020,14020,9,5,13,2026,1,#NE
14021,14021,9,5,13,2026,1,#NE
14022,14022,9,5,13,2026,1,#NE
14023,14023,9,10,6,2026,1,#NE
14024,14024,9,10,6,2026,1,#NE
14025,14025,9,10,27,2026,1,#NE
14026,14026,8,12,26,2026,1,#NE
14027,14027,8,12,22,2026,1,#NE
14028,14028,9,5,13,2026,1,#NE
14029,14029,9,5,13,2026,1,#NE
14030,14030,9,5,13,2026,1,#NE
14031,14031,8,12,24,2026,1,#NE
14032,14032,8,12,24,2026,1,#NE
14033,14033,8,12,24,2026,1,#NE
14034,14034,8,12,24,2026,1,#NE
14035,14035,9,5,13,2026,1,#NE
14036,14036,9,5,13,2026,1,#NE
14037,14037,9,5,13,2026,1,#NE
14038,14038,9,5,13,2026,1,#NE
14039,14039,9,10,6,2026,1,#NE
14040,14040,8,12,24,2026,1,#NE
14041,14041,8,12,24,2026,1,#NE
14042,14042,9,5,16,2026,1,#NE
14043,14043,9,5,29,2026,1,#NE
14044,14044,9,10,6,2026,1,#NE
14045,14045,8,12,25,2026,1,#NE
14046,14046,8,5,21,2026,1,#NE
14047,14047,9,5,29,2026,1,#NE
14048,14048,9,5,29,2026,1,#NE
14049,14049,9,5,29,2026,1,#NE
14050,14050,9,5,16,2026,1,#NE
14051,14051,9,10,14,2026,1,#NE
14052,14052,9,10,14,2026,1,#NE
14053,14053,9,10,14,2026,1,#NE
14054,14054,9,10,14,2026,1,#NE
14055,14055,9,10,14,2026,1,#NE
14056,14056,9,10,17,2026,1,#NE
14057,14057,9,10,17,2026,1,#NE
14058,14058,8,12,7,2026,1,#NE
14059,14059,8,12,7,2026,1,#NE
14060,14060,8,12,7,2026,1,#NE
14061,14061,8,12,7,2026,1,#NE
14062,14062,9,22,2,2026,1,#NE
14063,14063,9,22,2,2026,1,#NE
14064,14064,9,5,16,2026,1,#NE
14065,14065,8,12,7,2026,1,#NE
14066,14066,8,12,16,2026,1,#NE
14067,14067,9,22,9,2026,1,#NE
14068,14068,9,22,9,2026,1,#NE
14069,14069,9,5,16,2026,1,#NE
14070,14070,9,5,19,2026,1,#NE
14071,14071,9,10,14,2026,1,#NE
14072,14072,9,10,28,2026,1,#NE
14073,14073,9,22,22,2026,1,#NE
14074,14074,9,22,22,2026,1,#NE
14075,14075,9,10,28,2026,1,#NE
14076,14076,9,10,28,2026,1,#NE
14077,14077,9,10,14,2026,1,#NE
14078,14078,9,10,14,2026,1,#NE
14079,14079,9,10,22,2026,1,#NE
14080,14080,9,10,22,2026,1,#NE
14081,14081,9,22,6,2026,1,#NE
14082,14082,9,22,6,2026,1,#NE
14083,14083,9,22,6,2026,1,#NE
14084,14084,9,22,17,2026,1,#NE
14085,14085,9,22,28,2026,1,#NE
14086,14086,9,10,26,2026,1,#NE
14087,14087,9,22,27,2026,1,#NE
14088,14088,9,10,15,2026,1,#NE
14089,14089,9,22,27,2026,1,#NE
14090,14090,9,22,27,2026,1,#NE
14091,14091,9,22,27,2026,1,#NE
14092,14092,9,22,24,2026,1,#NE
14093,14093,9,22,24,2026,1,#NE
14094,14094,9,10,15,2026,1,#NE
14095,14095,9,10,15,2026,1,#NE
14096,14096,9,10,19,2026,1,#NE
14097,14097,9,10,19,2026,1,#NE
14098,14098,9,22,8,2026,1,#NE
14099,14099,9,22,8,2026,1,#NE
14100,14100,9,22,8,2026,1,#NE
14101,14101,9,10,19,2026,1,#NE
14102,14102,8,12,16,2026,1,#NE
14103,14103,8,12,16,2026,1,#NE
14104,14104,8,12,16,2026,1,#NE
14105,14105,8,12,29,2026,1,#NE
14106,14106,9,22,15,2026,1,#NE
14107,14107,9,22,15,2026,1,#NE
14108,14108,9,22,15,2026,1,#NE
14109,14109,9,5,19,2026,1,#NE
14110,14110,8,12,29,2026,1,#NE
14111,14111,8,12,29,2026,1,#NE
14112,14112,9,22,20,2026,1,#NE
14113,14113,9,5,14,2026,1,#NE
14114,14114,9,5,14,2026,1,#NE
14115,14115,9,5,14,2026,1,#NE
14116,14116,9,12,24,2026,1,#NE
14117,14117,8,12,16,2026,1,#NE
14118,14118,9,22,20,2026,1,#NE
14119,14119,9,22,20,2026,1,#NE
14120,14120,9,5,14,2026,1,#NE
14121,14121,9,5,14,2026,1,#NE
14122,14122,9,12,24,2026,1,#NE
14123,14123,9,12,24,2026,1,#NE
14124,14124,9,5,14,2026,1,#NE
14125,14125,9,5,14,2026,1,#NE
14126,14126,9,22,29,2026,1,#NE
14127,14127,9,5,14,2026,1,#NE
14128,14128,9,18,22,2026,1,#NE
14129,14129,9,12,5,2026,1,#NE
14130,14130,8,12,27,2026,1,#NE
14131,14131,9,22,29,2026,1,#NE
14132,14132,9,18,6,2026,1,#NE
14133,14133,9,18,6,2026,1,#NE
14134,14134,9,12,5,2026,1,#NE
14135,14135,9,12,5,2026,1,#NE
14136,14136,9,12,5,2026,1,#NE
14137,14137,8,12,4,2026,1,#NE
14138,14138,5,16,19,2026,1,#NE
14139,14139,5,16,9,2026,1,#NE
14140,14140,8,7,22,2026,1,#NE
14141,14141,8,7,26,2026,1,#NE
14142,14142,9,12,5,2026,1,#NE
14143,14143,9,12,5,2026,1,#NE
14144,14144,9,12,5,2026,1,#NE
14145,14145,9,12,5,2026,1,#NE
14146,14146,9,12,5,2026,1,#NE
14147,14147,9,12,5,2026,1,#NE
14148,14148,9,12,5,2026,1,#NE
14149,14149,8,7,26,2026,1,#NE
14150,14150,8,7,22,2026,1,#NE
14151,14151,8,7,26,2026,1,#NE
14152,14152,9,18,6,2026,1,#NE
14153,14153,9,18,6,2026,1,#NE
14154,14154,9,18,24,2026,1,#NE
14155,14155,9,12,27,2026,1,#NE
14156,14156,8,12,4,2026,1,#NE
14157,14157,9,13,24,2026,1,#NE
14158,14158,9,13,24,2026,1,#NE
14159,14159,9,13,24,2026,1,#NE
14160,14160,9,13,24,2026,1,#NE
14161,14161,9,18,24,2026,1,#NE
14162,14162,9,18,24,2026,1,#NE
14163,14163,9,18,11,2026,1,#NE
14164,14164,9,12,27,2026,1,#NE
14165,14165,9,12,27,2026,1,#NE
14166,14166,9,13,24,2026,1,#NE
14167,14167,9,13,24,2026,1,#NE
14168,14168,9,13,24,2026,1,#NE
14169,14169,9,12,27,2026,1,#NE
14170,14170,9,12,26,2026,1,#NE
14171,14171,8,7,19,2026,1,#NE
14172,14172,8,7,19,2026,1,#NE
14173,14173,9,18,24,2026,1,#NE
14174,14174,9,18,21,2026,1,#NE
14175,14175,9,12,22,2026,1,#NE
14176,14176,9,12,22,2026,1,#NE
14177,14177,9,13,17,2026,1,#NE
14178,14178,9,13,17,2026,1,#NE
14179,14179,9,13,17,2026,1,#NE
14180,14180,8,7,4,2026,1,#NE
14181,14181,8,7,3,2026,1,#NE
14182,14182,9,18,21,2026,1,#NE
14183,14183,9,18,14,2026,1,#NE
14184,14184,9,12,22,2026,1,#NE
14185,14185,8,7,21,2026,1,#NE
14186,14186,8,7,21,2026,1,#NE
14187,14187,8,7,6,2026,1,#NE
14188,14188,9,18,14,2026,1,#NE
14189,14189,9,12,26,2026,1,#NE
14190,14190,9,12,30,2026,1,#NE
14191,14191,9,13,27,2026,1,#NE
14192,14192,9,13,27,2026,1,#NE
14193,14193,9,13,22,2026,1,#NE
14194,14194,9,13,22,2026,1,#NE
14195,14195,8,7,6,2026,1,#NE
14196,14196,8,7,6,2026,1,#NE
14197,14197,8,7,6,2026,1,#NE
14198,14198,9,18,20,2026,1,#NE
14199,14199,9,12,14,2026,1,#NE
14200,14200,9,13,12,2026,1,#NE
14201,14201,9,13,13,2026,1,#NE
14202,14202,8,7,9,2026,1,#NE
14203,14203,9,18,16,2026,1,#NE
14204,14204,9,18,16,2026,1,#NE
14205,14205,9,12,14,2026,1,#NE
14206,14206,8,7,9,2026,1,#NE
14207,14207,8,7,9,2026,1,#NE
14208,14208,8,7,17,2026,1,#NE
14209,14209,9,12,14,2026,1,#NE
14210,14210,9,12,14,2026,1,#NE
14211,14211,9,12,14,2026,1,#NE
14212,14212,9,12,14,2026,1,#NE
14213,14213,8,7,13,2026,1,#NE
14214,14214,9,12,14,2026,1,#NE
14215,14215,9,13,13,2026,1,#NE
14216,14216,9,13,2,2026,1,#NE
14217,14217,8,7,28,2026,1,#NE
14218,14218,8,7,14,2026,1,#NE
14219,14219,9,12,7,2026,1,#NE
14220,14220,9,12,7,2026,1,#NE
14221,14221,9,12,7,2026,1,#NE
14222,14222,9,12,7,2026,1,#NE
14223,14223,9,12,7,2026,1,#NE
14224,14224,8,7,14,2026,1,#NE
14225,14225,9,12,20,2026,1,#NE
14226,14226,9,12,20,2026,1,#NE
14227,14227,10,8,9,2026,1,#NE
14228,14228,10,8,9,2026,1,#NE
14229,14229,10,8,9,2026,1,#NE
14230,14230,9,12,13,2026,1,#NE
14231,14231,9,12,13,2026,1,#NE
14232,14232,9,12,13,2026,1,#NE
14233,14233,9,12,20,2026,1,#NE
14234,14234,9,13,14,2026,1,#NE
14235,14235,9,13,14,2026,1,#NE
14236,14236,9,13,14,2026,1,#NE
14237,14237,8,7,24,2026,1,#NE
14238,14238,10,8,9,2026,1,#NE
14239,14239,10,8,9,2026,1,#NE
14240,14240,10,8,7,2026,1,#NE
14241,14241,9,12,13,2026,1,#NE
14242,14242,9,12,13,2026,1,#NE
14243,14243,9,13,21,2026,1,#NE
14244,14244,8,7,29,2026,1,#NE
14245,14245,8,7,29,2026,1,#NE
14246,14246,9,12,13,2026,1,#NE
14247,14247,9,12,13,2026,1,#NE
14248,14248,9,13,14,2026,1,#NE
14249,14249,9,13,14,2026,1,#NE
14250,14250,9,13,14,2026,1,#NE
14251,14251,9,13,21,2026,1,#NE
14252,14252,8,7,16,2026,1,#NE
14253,14253,8,7,29,2026,1,#NE
14254,14254,8,7,2,2026,1,#NE
14255,14255,8,7,15,2026,1,#NE
14256,14256,8,7,15,2026,1,#NE
14257,14257,9,12,13,2026,1,#NE
14258,14258,9,13,9,2026,1,#NE
14259,14259,10,8,5,2026,1,#NE
14260,14260,10,8,5,2026,1,#NE
14261,14261,9,12,13,2026,1,#NE
14262,14262,9,12,13,2026,1,#NE
14263,14263,9,12,13,2026,1,#NE
14264,14264,9,12,6,2026,1,#NE
14265,14265,9,13,9,2026,1,#NE
14266,14266,10,8,5,2026,1,#NE
14267,14267,10,8,5,2026,1,#NE
14268,14268,10,8,5,2026,1,#NE
14269,14269,9,12,6,2026,1,#NE
14270,14270,9,12,6,2026,1,#NE
14271,14271,9,12,6,2026,1,#NE
14272,14272,9,12,6,2026,1,#NE
14273,14273,9,13,4,2026,1,#NE
14274,14274,9,13,4,2026,1,#NE
14275,14275,9,13,4,2026,1,#NE
14276,14276,8,14,14,2026,1,#NE
14277,14277,8,14,14,2026,1,#NE
14278,14278,10,8,19,2026,1,#NE
14279,14279,10,8,13,2026,1,#NE
14280,14280,10,8,13,2026,1,#NE
14281,14281,9,12,6,2026,1,#NE
14282,14282,9,13,6,2026,1,#NE
14283,14283,9,13,6,2026,1,#NE
14284,14284,9,13,6,2026,1,#NE
14285,14285,8,14,5,2026,1,#NE
14286,14286,8,14,20,2026,1,#NE
14287,14287,8,14,24,2026,1,#NE
14288,14288,10,8,13,2026,1,#NE
14289,14289,10,8,13,2026,1,#NE
14290,14290,9,12,6,2026,1,#NE
14291,14291,8,14,2,2026,1,#NE
14292,14292,8,14,2,2026,1,#NE
14293,14293,8,14,2,2026,1,#NE
14294,14294,8,14,13,2026,1,#NE
14295,14295,10,8,27,2026,1,#NE
14296,14296,10,8,27,2026,1,#NE
14297,14297,9,12,29,2026,1,#NE
14298,14298,9,12,29,2026,1,#NE
14299,14299,9,12,29,2026,1,#NE
14300,14300,9,25,6,2026,1,#NE
14301,14301,9,25,6,2026,1,#NE
14302,14302,8,14,13,2026,1,#NE
14303,14303,8,14,13,2026,1,#NE
14304,14304,8,14,16,2026,1,#NE
14305,14305,10,8,24,2026,1,#NE
14306,14306,9,12,29,2026,1,#NE
14307,14307,9,25,24,2026,1,#NE
14308,14308,9,25,24,2026,1,#NE
14309,14309,9,25,24,2026,1,#NE
14310,14310,8,14,21,2026,1,#NE
14311,14311,8,14,21,2026,1,#NE
14312,14312,10,8,24,2026,1,#NE
14313,14313,10,8,25,2026,1,#NE
14314,14314,9,25,24,2026,1,#NE
14315,14315,9,25,24,2026,1,#NE
14316,14316,8,14,28,2026,1,#NE
14317,14317,8,14,28,2026,1,#NE
14318,14318,8,14,27,2026,1,#NE
14319,14319,8,14,27,2026,1,#NE
14320,14320,10,8,14,2026,1,#NE
14321,14321,9,12,16,2026,1,#NE
14322,14322,9,12,16,2026,1,#NE
14323,14323,9,25,16,2026,1,#NE
14324,14324,9,25,29,2026,1,#NE
14325,14325,8,14,27,2026,1,#NE
14326,14326,8,14,19,2026,1,#NE
14327,14327,10,8,14,2026,1,#NE
14328,14328,10,8,14,2026,1,#NE
14329,14329,9,12,19,2026,1,#NE
14330,14330,9,25,29,2026,1,#NE
14331,14331,8,21,7,2026,1,#NE
14332,14332,10,8,21,2026,1,#NE
14333,14333,10,8,21,2026,1,#NE
14334,14334,9,25,13,2026,1,#NE
14335,14335,9,25,13,2026,1,#NE
14336,14336,9,25,13,2026,1,#NE
14337,14337,10,8,21,2026,1,#NE
14338,14338,10,8,21,2026,1,#NE
14339,14339,10,8,20,2026,1,#NE
14340,14340,9,25,13,2026,1,#NE
14341,14341,9,25,13,2026,1,#NE
14342,14342,8,21,19,2026,1,#NE
14343,14343,8,21,21,2026,1,#NE
14344,14344,10,8,20,2026,1,#NE
14345,14345,9,12,19,2026,1,#NE
14346,14346,9,12,19,2026,1,#NE
14347,14347,9,25,13,2026,1,#NE
14348,14348,9,25,13,2026,1,#NE
14349,14349,9,12,17,2026,1,#NE
14350,14350,9,12,28,2026,1,#NE
14351,14351,9,12,28,2026,1,#NE
14352,14352,8,21,8,2026,1,#NE
14353,14353,8,21,8,2026,1,#NE
14354,14354,8,21,4,2026,1,#NE
14355,14355,9,12,17,2026,1,#NE
14356,14356,9,12,28,2026,1,#NE
14357,14357,8,21,13,2026,1,#NE
14358,14358,9,12,17,2026,1,#NE
14359,14359,9,12,17,2026,1,#NE
14360,14360,9,12,17,2026,1,#NE
14361,14361,9,25,7,2026,1,#NE
14362,14362,8,21,2,2026,1,#NE
14363,14363,10,8,15,2026,1,#NE
14364,14364,9,12,9,2026,1,#NE
14365,14365,9,25,14,2026,1,#NE
14366,14366,10,8,29,2026,1,#NE
14367,14367,9,12,9,2026,1,#NE
14368,14368,9,25,14,2026,1,#NE
14369,14369,9,23,15,2026,1,#NE
14370,14370,10,8,29,2026,1,#NE
14371,14371,9,12,9,2026,1,#NE
14372,14372,9,12,9,2026,1,#NE
14373,14373,9,23,15,2026,1,#NE
14374,14374,9,12,9,2026,1,#NE
14375,14375,9,12,9,2026,1,#NE
14376,14376,9,25,20,2026,1,#NE
14377,14377,9,25,20,2026,1,#NE
14378,14378,9,23,15,2026,1,#NE
14379,14379,9,23,15,2026,1,#NE
14380,14380,9,23,4,2026,1,#NE
14381,14381,9,23,4,2026,1,#NE
14382,14382,10,8,2,2026,1,#NE
14383,14383,9,12,9,2026,1,#NE
14384,14384,9,12,9,2026,1,#NE
14385,14385,9,12,9,2026,1,#NE
14386,14386,9,25,15,2026,1,#NE
14387,14387,10,8,2,2026,1,#NE
14388,14388,9,12,9,2026,1,#NE
14389,14389,9,12,15,2026,1,#NE
14390,14390,9,23,14,2026,1,#NE
14391,14391,10,8,8,2026,1,#NE
14392,14392,10,8,8,2026,1,#NE
14393,14393,9,12,15,2026,1,#NE
14394,14394,9,25,15,2026,1,#NE
14395,14395,9,25,15,2026,1,#NE
14396,14396,9,25,15,2026,1,#NE
14397,14397,9,23,14,2026,1,#NE
14398,14398,10,8,17,2026,1,#NE
14399,14399,10,8,28,2026,1,#NE
14400,14400,9,12,15,2026,1,#NE
14401,14401,9,12,15,2026,1,#NE
14402,14402,9,25,22,2026,1,#NE
14403,14403,10,8,6,2026,1,#NE
14404,14404,10,8,6,2026,1,#NE
14405,14405,9,12,15,2026,1,#NE
14406,14406,9,25,17,2026,1,#NE
14407,14407,9,25,17,2026,1,#NE
14408,14408,9,25,9,2026,1,#NE
14409,14409,9,23,29,2026,1,#NE
14410,14410,9,23,16,2026,1,#NE
14411,14411,9,23,29,2026,1,#NE
14412,14412,9,23,29,2026,1,#NE
14413,14413,9,23,29,2026,1,#NE
14414,14414,9,23,29,2026,1,#NE
14415,14415,9,23,16,2026,1,#NE
14416,14416,9,23,16,2026,1,#NE
14417,14417,5,22,16,2026,1,#NE
14418,14418,8,1,28,2026,1,#NE
14419,14419,8,1,17,2026,1,#NE
14420,14420,8,1,17,2026,1,#NE
14421,14421,8,1,28,2026,1,#NE
14422,14422,8,1,13,2026,1,#NE
14423,14423,9,12,15,2026,1,#NE
14424,14424,9,25,9,2026,1,#NE
14425,14425,9,25,9,2026,1,#NE
14426,14426,9,23,13,2026,1,#NE
14427,14427,9,12,1,2026,1,#NE
14428,14428,9,23,24,2026,1,#NE
14429,14429,9,12,1,2026,1,#NE
14430,14430,9,23,1,2026,1,#NE
14431,14431,9,23,25,2026,1,#NE
14432,14432,9,12,1,2026,1,#NE
14433,14433,9,25,9,2026,1,#NE
14434,14434,9,25,9,2026,1,#NE
14435,14435,9,23,24,2026,1,#NE
14436,14436,9,23,24,2026,1,#NE
14437,14437,9,23,24,2026,1,#NE
14438,14438,9,23,1,2026,1,#NE
14439,14439,8,1,16,2026,1,#NE
14440,14440,9,25,17,2026,1,#NE
14441,14441,9,23,1,2026,1,#NE
14442,14442,9,23,24,2026,1,#NE
14443,14443,3,3,14,2026,1,#NE
14444,14444,8,1,22,2026,1,#NE
14445,14445,8,1,24,2026,1,#NE
14446,14446,9,12,2,2026,1,#NE
14447,14447,9,12,2,2026,1,#NE
14448,14448,9,25,17,2026,1,#NE
14449,14449,9,25,3,2026,1,#NE
14450,14450,9,25,21,2026,1,#NE
14451,14451,8,13,21,2026,1,#NE
14452,14452,8,13,14,2026,1,#NE
14453,14453,8,1,14,2026,1,#NE
14454,14454,9,25,21,2026,1,#NE
14455,14455,8,13,2,2026,1,#NE
14456,14456,8,13,2,2026,1,#NE
14457,14457,8,13,2,2026,1,#NE
14458,14458,8,1,6,2026,1,#NE
14459,14459,8,1,27,2026,1,#NE
14460,14460,9,12,21,2026,1,#NE
14461,14461,9,12,21,2026,1,#NE
14462,14462,9,12,21,2026,1,#NE
14463,14463,9,25,27,2026,1,#NE
14464,14464,9,25,27,2026,1,#NE
14465,14465,9,25,27,2026,1,#NE
14466,14466,8,13,7,2026,1,#NE
14467,14467,8,13,6,2026,1,#NE
14468,14468,8,1,21,2026,1,#NE
14469,14469,9,12,21,2026,1,#NE
14470,14470,9,12,21,2026,1,#NE
14471,14471,9,25,27,2026,1,#NE
14472,14472,9,25,27,2026,1,#NE
14473,14473,9,25,27,2026,1,#NE
14474,14474,8,13,6,2026,1,#NE
14475,14475,8,15,13,2026,1,#NE
14476,14476,9,12,8,2026,1,#NE
14477,14477,9,12,8,2026,1,#NE
14478,14478,9,12,8,2026,1,#NE
14479,14479,3,10,14,2026,1,#NE
14480,14480,5,5,12,2026,1,#NE
14481,14481,5,5,26,2026,1,#NE
14482,14482,5,5,24,2026,1,#NE
14483,14483,5,5,27,2026,1,#NE
14484,14484,5,5,14,2026,1,#NE
14485,14485,9,12,8,2026,1,#NE
14486,14486,9,12,8,2026,1,#NE
14487,14487,9,12,8,2026,1,#NE
14488,14488,8,15,19,2026,1,#NE
14489,14489,8,15,19,2026,1,#NE
14490,14490,8,24,6,2026,1,#NE
14491,14491,8,24,6,2026,1,#NE
14492,14492,8,24,6,2026,1,#NE
14493,14493,8,13,22,2026,1,#NE
14494,14494,8,13,22,2026,1,#NE
14495,14495,8,13,4,2026,1,#NE
14496,14496,8,15,9,2026,1,#NE
14497,14497,9,12,8,2026,1,#NE
14498,14498,9,12,8,2026,1,#NE
14499,14499,8,13,16,2026,1,#NE
14500,14500,8,15,6,2026,1,#NE
14501,14501,8,15,6,2026,1,#NE
14502,14502,9,12,8,2026,1,#NE
14503,14503,9,12,8,2026,1,#NE
14504,14504,9,15,2,2026,1,#NE
14505,14505,8,24,7,2026,1,#NE
14506,14506,9,14,21,2026,1,#NE
14507,14507,9,14,21,2026,1,#NE
14508,14508,9,15,2,2026,1,#NE
14509,14509,9,14,21,2026,1,#NE
14510,14510,9,14,21,2026,1,#NE
14511,14511,9,14,15,2026,1,#NE
14512,14512,9,15,28,2026,1,#NE
14513,14513,9,15,28,2026,1,#NE
14514,14514,9,14,15,2026,1,#NE
14515,14515,9,14,15,2026,1,#NE
14516,14516,9,15,28,2026,1,#NE
14517,14517,9,15,28,2026,1,#NE
14518,14518,9,15,13,2026,1,#NE
14519,14519,9,15,13,2026,1,#NE
14520,14520,9,15,13,2026,1,#NE
14521,14521,9,15,13,2026,1,#NE
14522,14522,9,14,14,2026,1,#NE
14523,14523,9,14,14,2026,1,#NE
14524,14524,9,14,14,2026,1,#NE
14525,14525,9,15,13,2026,1,#NE
14526,14526,9,15,13,2026,1,#NE
14527,14527,9,15,13,2026,1,#NE
14528,14528,8,24,9,2026,1,#NE
14529,14529,8,24,9,2026,1,#NE
14530,14530,9,14,20,2026,1,#NE
14531,14531,9,14,20,2026,1,#NE
14532,14532,8,15,28,2026,1,#NE
14533,14533,8,15,2,2026,1,#NE
14534,14534,9,15,13,2026,1,#NE
14535,14535,9,15,25,2026,1,#NE
14536,14536,9,15,24,2026,1,#NE
14537,14537,8,24,9,2026,1,#NE
14538,14538,8,24,9,2026,1,#NE
14539,14539,8,24,9,2026,1,#NE
14540,14540,9,14,20,2026,1,#NE
14541,14541,9,14,20,2026,1,#NE
14542,14542,9,14,20,2026,1,#NE
14543,14543,9,14,25,2026,1,#NE
14544,14544,8,15,29,2026,1,#NE
14545,14545,8,15,29,2026,1,#NE
14546,14546,9,15,24,2026,1,#NE
14547,14547,8,24,9,2026,1,#NE
14548,14548,8,24,22,2026,1,#NE
14549,14549,9,14,25,2026,1,#NE
14550,14550,8,15,29,2026,1,#NE
14551,14551,8,15,16,2026,1,#NE
14552,14552,8,15,14,2026,1,#NE
14553,14553,9,15,24,2026,1,#NE
14554,14554,9,15,24,2026,1,#NE
14555,14555,9,15,24,2026,1,#NE
14556,14556,8,24,22,2026,1,#NE
14557,14557,8,24,22,2026,1,#NE
14558,14558,9,14,24,2026,1,#NE
14559,14559,9,14,1,2026,1,#NE
14560,14560,9,14,1,2026,1,#NE
14561,14561,8,15,20,2026,1,#NE
14562,14562,8,15,20,2026,1,#NE
14563,14563,9,15,6,2026,1,#NE
14564,14564,8,24,2,2026,1,#NE
14565,14565,8,24,2,2026,1,#NE
14566,14566,9,14,1,2026,1,#NE
14567,14567,9,14,1,2026,1,#NE
14568,14568,9,14,9,2026,1,#NE
14569,14569,9,14,9,2026,1,#NE
14570,14570,9,15,6,2026,1,#NE
14571,14571,9,15,6,2026,1,#NE
14572,14572,9,14,13,2026,1,#NE
14573,14573,9,14,13,2026,1,#NE
14574,14574,9,14,13,2026,1,#NE
14575,14575,9,15,15,2026,1,#NE
14576,14576,9,15,15,2026,1,#NE
14577,14577,9,15,15,2026,1,#NE
14578,14578,8,24,17,2026,1,#NE
14579,14579,8,24,28,2026,1,#NE
14580,14580,8,24,28,2026,1,#NE
14581,14581,9,14,13,2026,1,#NE
14582,14582,8,15,15,2026,1,#NE
14583,14583,8,15,15,2026,1,#NE
14584,14584,9,15,15,2026,1,#NE
14585,14585,9,15,22,2026,1,#NE
14586,14586,9,15,26,2026,1,#NE
14587,14587,8,24,15,2026,1,#NE
14588,14588,9,14,27,2026,1,#NE
14589,14589,9,14,29,2026,1,#NE
14590,14590,8,15,27,2026,1,#NE
14591,14591,8,15,27,2026,1,#NE
14592,14592,9,15,22,2026,1,#NE
14593,14593,8,24,15,2026,1,#NE
14594,14594,8,24,15,2026,1,#NE
14595,14595,8,24,15,2026,1,#NE
14596,14596,9,14,29,2026,1,#NE
14597,14597,9,14,6,2026,1,#NE
14598,14598,8,15,26,2026,1,#NE
14599,14599,8,15,22,2026,1,#NE
14600,14600,9,15,27,2026,1,#NE
14601,14601,9,15,27,2026,1,#NE
14602,14602,9,15,27,2026,1,#NE
14603,14603,8,24,24,2026,1,#NE
14604,14604,8,24,24,2026,1,#NE
14605,14605,9,14,6,2026,1,#NE
14606,14606,9,14,22,2026,1,#NE
14607,14607,8,15,11,2026,1,#NE
14608,14608,9,15,27,2026,1,#NE
14609,14609,8,24,24,2026,1,#NE
14610,14610,9,14,22,2026,1,#NE
14611,14611,9,14,22,2026,1,#NE
14612,14612,8,15,7,2026,1,#NE
14613,14613,8,15,7,2026,1,#NE
14614,14614,9,15,30,2026,1,#NE
14615,14615,8,24,14,2026,1,#NE
14616,14616,8,24,14,2026,1,#NE
14617,14617,9,24,19,2026,1,#NE
14618,14618,8,16,26,2026,1,#NE
14619,14619,9,15,14,2026,1,#NE
14620,14620,8,24,14,2026,1,#NE
14621,14621,8,24,14,2026,1,#NE
14622,14622,8,24,19,2026,1,#NE
14623,14623,9,24,19,2026,1,#NE
14624,14624,9,24,19,2026,1,#NE
14625,14625,9,24,19,2026,1,#NE
14626,14626,9,24,19,2026,1,#NE
14627,14627,9,24,19,2026,1,#NE
14628,14628,9,15,14,2026,1,#NE
14629,14629,9,15,14,2026,1,#NE
14630,14630,8,24,16,2026,1,#NE
14631,14631,8,24,16,2026,1,#NE
14632,14632,8,24,19,2026,1,#NE
14633,14633,9,24,9,2026,1,#NE
14634,14634,9,24,9,2026,1,#NE
14635,14635,8,16,30,2026,1,#NE
14636,14636,8,16,28,2026,1,#NE
14637,14637,8,16,28,2026,1,#NE
14638,14638,9,15,14,2026,1,#NE
14639,14639,8,24,29,2026,1,#NE
14640,14640,9,24,9,2026,1,#NE
14641,14641,9,24,9,2026,1,#NE
14642,14642,8,16,15,2026,1,#NE
14643,14643,9,15,9,2026,1,#NE
14644,14644,8,24,4,2026,1,#NE
14645,14645,8,24,4,2026,1,#NE
14646,14646,9,24,9,2026,1,#NE
14647,14647,9,24,9,2026,1,#NE
14648,14648,9,24,23,2026,1,#NE
14649,14649,8,16,15,2026,1,#NE
14650,14650,8,16,12,2026,1,#NE
14651,14651,8,16,14,2026,1,#NE
14652,14652,9,15,9,2026,1,#NE
14653,14653,9,15,9,2026,1,#NE
14654,14654,9,15,3,2026,1,#NE
14655,14655,9,15,21,2026,1,#NE
14656,14656,9,24,13,2026,1,#NE
14657,14657,8,16,14,2026,1,#NE
14658,14658,8,16,14,2026,1,#NE
14659,14659,8,16,9,2026,1,#NE
14660,14660,9,15,21,2026,1,#NE
14661,14661,9,15,23,2026,1,#NE
14662,14662,9,15,20,2026,1,#NE
14663,14663,8,24,21,2026,1,#NE
14664,14664,8,24,21,2026,1,#NE
14665,14665,8,24,21,2026,1,#NE
14666,14666,9,24,13,2026,1,#NE
14667,14667,9,24,13,2026,1,#NE
14668,14668,9,24,13,2026,1,#NE
14669,14669,9,24,13,2026,1,#NE
14670,14670,9,15,20,2026,1,#NE
14671,14671,8,24,21,2026,1,#NE
14672,14672,8,24,21,2026,1,#NE
14673,14673,8,24,21,2026,1,#NE
14674,14674,8,24,20,2026,1,#NE
14675,14675,8,24,20,2026,1,#NE
14676,14676,9,24,13,2026,1,#NE
14677,14677,9,24,13,2026,1,#NE
14678,14678,9,24,13,2026,1,#NE
14679,14679,8,16,11,2026,1,#NE
14680,14680,8,16,24,2026,1,#NE
14681,14681,9,15,29,2026,1,#NE
14682,14682,9,15,29,2026,1,#NE
14683,14683,9,15,29,2026,1,#NE
14684,14684,8,24,20,2026,1,#NE
14685,14685,9,24,24,2026,1,#NE
14686,14686,9,24,24,2026,1,#NE
14687,14687,8,16,13,2026,1,#NE
14688,14688,8,16,27,2026,1,#NE
14689,14689,8,24,20,2026,1,#NE
14690,14690,8,24,27,2026,1,#NE
14691,14691,9,24,24,2026,1,#NE
14692,14692,9,24,24,2026,1,#NE
14693,14693,9,24,24,2026,1,#NE
14694,14694,8,16,27,2026,1,#NE
14695,14695,8,24,27,2026,1,#NE
14696,14696,8,24,27,2026,1,#NE
14697,14697,8,24,27,2026,1,#NE
14698,14698,9,24,24,2026,1,#NE
14699,14699,8,16,19,2026,1,#NE
14700,14700,8,16,20,2026,1,#NE
14701,14701,8,16,20,2026,1,#NE
14702,14702,8,18,29,2026,1,#NE
14703,14703,8,18,16,2026,1,#NE
14704,14704,8,24,27,2026,1,#NE
14705,14705,8,24,13,2026,1,#NE
14706,14706,9,24,24,2026,1,#NE
14707,14707,9,24,24,2026,1,#NE
14708,14708,9,24,24,2026,1,#NE
14709,14709,3,20,30,2026,1,#NE
14710,14710,8,18,20,2026,1,#NE
14711,14711,8,18,20,2026,1,#NE
14712,14712,8,18,6,2026,1,#NE
14713,14713,9,24,27,2026,1,#NE
14714,14714,8,11,6,2026,1,#NE
14715,14715,8,11,6,2026,1,#NE
14716,14716,8,11,6,2026,1,#NE
14717,14717,8,24,13,2026,1,#NE
14718,14718,8,24,13,2026,1,#NE
14719,14719,9,24,27,2026,1,#NE
14720,14720,8,11,16,2026,1,#NE
14721,14721,8,18,9,2026,1,#NE
14722,14722,8,18,9,2026,1,#NE
14723,14723,9,20,21,2026,1,#NE
14724,14724,9,20,21,2026,1,#NE
14725,14725,9,20,21,2026,1,#NE
14726,14726,9,24,27,2026,1,#NE
14727,14727,8,11,29,2026,1,#NE
14728,14728,8,11,8,2026,1,#NE
14729,14729,8,18,7,2026,1,#NE
14730,14730,9,20,21,2026,1,#NE
14731,14731,9,24,21,2026,1,#NE
14732,14732,9,24,3,2026,1,#NE
14733,14733,8,11,13,2026,1,#NE
14734,14734,8,11,13,2026,1,#NE
14735,14735,8,11,13,2026,1,#NE
14736,14736,8,11,13,2026,1,#NE
14737,14737,8,18,27,2026,1,#NE
14738,14738,8,18,21,2026,1,#NE
14739,14739,8,18,3,2026,1,#NE
14740,14740,9,20,21,2026,1,#NE
14741,14741,9,20,21,2026,1,#NE
14742,14742,9,20,21,2026,1,#NE
14743,14743,8,11,7,2026,1,#NE
14744,14744,8,18,26,2026,1,#NE
14745,14745,8,18,22,2026,1,#NE
14746,14746,9,20,21,2026,1,#NE
14747,14747,9,20,21,2026,1,#NE
14748,14748,9,24,21,2026,1,#NE
14749,14749,8,11,19,2026,1,#NE
14750,14750,8,11,19,2026,1,#NE
14751,14751,9,24,7,2026,1,#NE
14752,14752,8,11,21,2026,1,#NE
14753,14753,8,11,21,2026,1,#NE
14754,14754,8,18,2,2026,1,#NE
14755,14755,8,18,15,2026,1,#NE
14756,14756,8,18,15,2026,1,#NE
14757,14757,9,20,27,2026,1,#NE
14758,14758,9,24,14,2026,1,#NE
14759,14759,9,24,14,2026,1,#NE
14760,14760,9,24,14,2026,1,#NE
14761,14761,8,11,27,2026,1,#NE
14762,14762,8,11,27,2026,1,#NE
14763,14763,8,11,27,2026,1,#NE
14764,14764,8,18,14,2026,1,#NE
14765,14765,8,18,14,2026,1,#NE
14766,14766,9,20,27,2026,1,#NE
14767,14767,9,20,27,2026,1,#NE
14768,14768,9,24,14,2026,1,#NE
14769,14769,9,24,14,2026,1,#NE
14770,14770,9,24,14,2026,1,#NE
14771,14771,9,24,14,2026,1,#NE
14772,14772,8,11,9,2026,1,#NE
14773,14773,9,26,6,2026,1,#NE
14774,14774,9,20,27,2026,1,#NE
14775,14775,9,20,27,2026,1,#NE
14776,14776,9,24,14,2026,1,#NE
14777,14777,9,24,14,2026,1,#NE
14778,14778,8,11,15,2026,1,#NE
14779,14779,9,26,6,2026,1,#NE
14780,14780,9,26,6,2026,1,#NE
14781,14781,9,26,14,2026,1,#NE
14782,14782,9,20,27,2026,1,#NE
14783,14783,9,20,27,2026,1,#NE
14784,14784,9,24,15,2026,1,#NE
14785,14785,8,11,15,2026,1,#NE
14786,14786,8,11,2,2026,1,#NE
14787,14787,9,26,14,2026,1,#NE
14788,14788,9,26,14,2026,1,#NE
14789,14789,9,20,27,2026,1,#NE
14790,14790,9,20,27,2026,1,#NE
14791,14791,9,20,26,2026,1,#NE
14792,14792,9,20,26,2026,1,#NE
14793,14793,9,24,15,2026,1,#NE
14794,14794,8,11,2,2026,1,#NE
14795,14795,8,11,4,2026,1,#NE
14796,14796,8,11,4,2026,1,#NE
14797,14797,8,11,4,2026,1,#NE
14798,14798,9,26,19,2026,1,#NE
14799,14799,9,20,22,2026,1,#NE
14800,14800,9,20,22,2026,1,#NE
14801,14801,8,11,11,2026,1,#NE
14802,14802,8,11,24,2026,1,#NE
14803,14803,9,26,19,2026,1,#NE
14804,14804,9,20,22,2026,1,#NE
14805,14805,9,20,26,2026,1,#NE
14806,14806,9,24,16,2026,1,#NE
14807,14807,8,11,14,2026,1,#NE
14808,14808,8,11,14,2026,1,#NE
14809,14809,8,11,14,2026,1,#NE
14810,14810,9,26,2,2026,1,#NE
14811,14811,9,26,27,2026,1,#NE
14812,14812,9,26,27,2026,1,#NE
14813,14813,9,26,27,2026,1,#NE
14814,14814,9,26,27,2026,1,#NE
14815,14815,9,24,16,2026,1,#NE
14816,14816,8,11,20,2026,1,#NE
14817,14817,9,26,27,2026,1,#NE
14818,14818,9,24,22,2026,1,#NE
14819,14819,9,24,22,2026,1,#NE
14820,14820,9,24,22,2026,1,#NE
14821,14821,8,11,17,2026,1,#NE
14822,14822,8,11,28,2026,1,#NE
14823,14823,9,26,29,2026,1,#NE
14824,14824,9,24,22,2026,1,#NE
14825,14825,9,24,6,2026,1,#NE
14826,14826,9,24,6,2026,1,#NE
14827,14827,9,24,6,2026,1,#NE
14828,14828,9,24,6,2026,1,#NE
14829,14829,9,26,20,2026,1,#NE
14830,14830,9,26,15,2026,1,#NE
14831,14831,9,26,15,2026,1,#NE
14832,14832,9,26,15,2026,1,#NE
14833,14833,9,24,6,2026,1,#NE
14834,14834,9,24,6,2026,1,#NE
14835,14835,9,26,15,2026,1,#NE
14836,14836,9,26,15,2026,1,#NE
14837,14837,9,26,15,2026,1,#NE
14838,14838,9,24,6,2026,1,#NE
14839,14839,9,26,15,2026,1,#NE
14840,14840,3,22,24,2026,1,#NE
14841,14841,3,22,20,2026,1,#NE
14842,14842,5,18,20,2026,1,#NE
14843,14843,9,24,20,2026,1,#NE
14844,14844,3,1,21,2026,1,#NE
14845,14845,8,11,22,2026,1,#NE
14846,14846,8,11,22,2026,1,#NE
14847,14847,9,20,4,2026,1,#NE
14848,14848,9,20,4,2026,1,#NE
14849,14849,9,20,4,2026,1,#NE
14850,14850,5,24,24,2026,1,#NE
14851,14851,3,4,23,2026,1,#NE
14852,14852,3,4,12,2026,1,#NE
14853,14853,3,4,4,2026,1,#NE
14854,14854,5,4,20,2026,1,#NE
14855,14855,9,20,4,2026,1,#NE
14856,14856,9,20,4,2026,1,#NE
14857,14857,5,3,6,2026,1,#NE
14858,14858,9,16,14,2026,1,#NE
14859,14859,9,20,4,2026,1,#NE
14860,14860,9,20,4,2026,1,#NE
14861,14861,9,28,17,2026,1,#NE
14862,14862,9,16,14,2026,1,#NE
14863,14863,9,16,14,2026,1,#NE
14864,14864,9,28,17,2026,1,#NE
14865,14865,9,16,26,2026,1,#NE
14866,14866,9,16,26,2026,1,#NE
14867,14867,9,16,22,2026,1,#NE
14868,14868,9,28,21,2026,1,#NE
14869,14869,9,28,21,2026,1,#NE
14870,14870,9,16,30,2026,1,#NE
14871,14871,9,16,6,2026,1,#NE
14872,14872,9,28,15,2026,1,#NE
14873,14873,9,28,20,2026,1,#NE
14874,14874,9,16,6,2026,1,#NE
14875,14875,9,16,6,2026,1,#NE
14876,14876,9,16,6,2026,1,#NE
14877,14877,9,20,4,2026,1,#NE
14878,14878,9,20,4,2026,1,#NE
14879,14879,9,28,20,2026,1,#NE
14880,14880,9,28,20,2026,1,#NE
14881,14881,9,20,4,2026,1,#NE
14882,14882,9,28,6,2026,1,#NE
14883,14883,9,28,6,2026,1,#NE
14884,14884,9,3,22,2026,1,#NE
14885,14885,9,3,22,2026,1,#NE
14886,14886,9,16,19,2026,1,#NE
14887,14887,9,16,19,2026,1,#NE
14888,14888,9,16,24,2026,1,#NE
14889,14889,9,20,2,2026,1,#NE
14890,14890,9,28,6,2026,1,#NE
14891,14891,9,28,29,2026,1,#NE
14892,14892,9,28,29,2026,1,#NE
14893,14893,9,3,15,2026,1,#NE
14894,14894,9,3,15,2026,1,#NE
14895,14895,9,16,24,2026,1,#NE
14896,14896,9,16,24,2026,1,#NE
14897,14897,9,20,2,2026,1,#NE
14898,14898,9,20,2,2026,1,#NE
14899,14899,9,20,2,2026,1,#NE
14900,14900,9,28,24,2026,1,#NE
14901,14901,9,28,24,2026,1,#NE
14902,14902,9,3,6,2026,1,#NE
14903,14903,9,3,6,2026,1,#NE
14904,14904,9,16,13,2026,1,#NE
14905,14905,9,16,13,2026,1,#NE
14906,14906,9,16,13,2026,1,#NE
14907,14907,9,28,24,2026,1,#NE
14908,14908,9,28,25,2026,1,#NE
14909,14909,9,16,29,2026,1,#NE
14910,14910,9,20,2,2026,1,#NE
14911,14911,9,28,24,2026,1,#NE
14912,14912,9,28,27,2026,1,#NE
14913,14913,9,28,27,2026,1,#NE
14914,14914,9,28,27,2026,1,#NE
14915,14915,9,3,6,2026,1,#NE
14916,14916,9,3,6,2026,1,#NE
14917,14917,9,3,6,2026,1,#NE
14918,14918,9,3,6,2026,1,#NE
14919,14919,9,16,16,2026,1,#NE
14920,14920,9,16,16,2026,1,#NE
14921,14921,9,16,16,2026,1,#NE
14922,14922,9,20,6,2026,1,#NE
14923,14923,9,20,6,2026,1,#NE
14924,14924,9,20,6,2026,1,#NE
14925,14925,9,28,9,2026,1,#NE
14926,14926,9,28,27,2026,1,#NE
14927,14927,9,16,16,2026,1,#NE
14928,14928,9,19,21,2026,1,#NE
14929,14929,9,20,6,2026,1,#NE
14930,14930,9,20,6,2026,1,#NE
14931,14931,1,6,5,2026,1,#NE
14932,14932,1,6,12,2026,1,#NE
14933,14933,1,6,9,2026,1,#NE
14934,14934,3,16,14,2026,1,#NE
14935,14935,9,3,29,2026,1,#NE
14936,14936,9,3,29,2026,1,#NE
14937,14937,9,20,6,2026,1,#NE
14938,14938,5,2,30,2026,1,#NE
14939,14939,8,8,9,2026,1,#NE
14940,14940,9,3,2,2026,1,#NE
14941,14941,9,3,2,2026,1,#NE
14942,14942,9,3,2,2026,1,#NE
14943,14943,9,3,2,2026,1,#NE
14944,14944,9,19,21,2026,1,#NE
14945,14945,9,20,8,2026,1,#NE
14946,14946,9,20,8,2026,1,#NE
14947,14947,9,20,8,2026,1,#NE
14948,14948,9,19,21,2026,1,#NE
14949,14949,9,20,8,2026,1,#NE
14950,14950,9,20,8,2026,1,#NE
14951,14951,8,8,28,2026,1,#NE
14952,14952,8,8,28,2026,1,#NE
14953,14953,9,3,1,2026,1,#NE
14954,14954,9,19,21,2026,1,#NE
14955,14955,9,19,21,2026,1,#NE
14956,14956,9,19,6,2026,1,#NE
14957,14957,9,19,6,2026,1,#NE
14958,14958,9,19,6,2026,1,#NE
14959,14959,9,20,8,2026,1,#NE
14960,14960,9,3,1,2026,1,#NE
14961,14961,9,3,23,2026,1,#NE
14962,14962,9,3,9,2026,1,#NE
14963,14963,9,3,9,2026,1,#NE
14964,14964,9,3,9,2026,1,#NE
14965,14965,9,19,6,2026,1,#NE
14966,14966,9,19,6,2026,1,#NE
14967,14967,9,19,6,2026,1,#NE
14968,14968,9,20,8,2026,1,#NE
14969,14969,9,20,8,2026,1,#NE
14970,14970,8,8,3,2026,1,#NE
14971,14971,8,8,3,2026,1,#NE
14972,14972,9,3,9,2026,1,#NE
14973,14973,9,3,9,2026,1,#NE
14974,14974,9,3,9,2026,1,#NE
14975,14975,9,3,20,2026,1,#NE
14976,14976,9,3,20,2026,1,#NE
14977,14977,9,19,22,2026,1,#NE
14978,14978,9,20,8,2026,1,#NE
14979,14979,9,20,8,2026,1,#NE
14980,14980,9,3,20,2026,1,#NE
14981,14981,9,3,20,2026,1,#NE
14982,14982,9,19,26,2026,1,#NE
14983,14983,9,19,26,2026,1,#NE
14984,14984,9,19,26,2026,1,#NE
14985,14985,9,19,22,2026,1,#NE
14986,14986,8,8,14,2026,1,#NE
14987,14987,8,8,24,2026,1,#NE
14988,14988,8,8,12,2026,1,#NE
14989,14989,8,8,12,2026,1,#NE
14990,14990,8,8,29,2026,1,#NE
14991,14991,8,8,16,2026,1,#NE
14992,14992,8,8,5,2026,1,#NE
14993,14993,9,19,7,2026,1,#NE
14994,14994,8,8,2,2026,1,#NE
14995,14995,9,19,7,2026,1,#NE
14996,14996,9,19,7,2026,1,#NE
14997,14997,9,19,7,2026,1,#NE
14998,14998,9,20,1,2026,1,#NE
14999,14999,8,8,6,2026,1,#NE
15000,15000,8,8,6,2026,1,#NE
15001,15001,8,19,21,2026,1,#NE
15002,15002,9,3,20,2026,1,#NE
15003,15003,9,3,19,2026,1,#NE
15004,15004,9,3,19,2026,1,#NE
15005,15005,9,3,27,2026,1,#NE
15006,15006,9,3,27,2026,1,#NE
15007,15007,9,19,27,2026,1,#NE
15008,15008,9,19,27,2026,1,#NE
15009,15009,9,20,1,2026,1,#NE
15010,15010,9,20,1,2026,1,#NE
15011,15011,8,19,21,2026,1,#NE
15012,15012,8,19,3,2026,1,#NE
15013,15013,9,3,27,2026,1,#NE
15014,15014,9,3,27,2026,1,#NE
15015,15015,9,3,27,2026,1,#NE
15016,15016,9,3,27,2026,1,#NE
15017,15017,9,19,27,2026,1,#NE
15018,15018,9,19,9,2026,1,#NE
15019,15019,9,19,9,2026,1,#NE
15020,15020,9,20,1,2026,1,#NE
15021,15021,9,20,1,2026,1,#NE
15022,15022,9,20,1,2026,1,#NE
15023,15023,9,3,13,2026,1,#NE
15024,15024,9,3,13,2026,1,#NE
15025,15025,9,3,13,2026,1,#NE
15026,15026,9,19,9,2026,1,#NE
15027,15027,9,19,9,2026,1,#NE
15028,15028,9,19,9,2026,1,#NE
15029,15029,9,19,9,2026,1,#NE
15030,15030,9,20,1,2026,1,#NE
15031,15031,9,20,1,2026,1,#NE
15032,15032,9,20,1,2026,1,#NE
15033,15033,8,19,5,2026,1,#NE
15034,15034,9,3,13,2026,1,#NE
15035,15035,9,11,6,2026,1,#NE
15036,15036,8,19,9,2026,1,#NE
15037,15037,9,11,6,2026,1,#NE
15038,15038,9,11,6,2026,1,#NE
15039,15039,9,11,6,2026,1,#NE
15040,15040,9,19,9,2026,1,#NE
15041,15041,9,19,29,2026,1,#NE
15042,15042,9,19,29,2026,1,#NE
15043,15043,9,19,29,2026,1,#NE
15044,15044,9,19,16,2026,1,#NE
15045,15045,9,19,16,2026,1,#NE
15046,15046,9,19,16,2026,1,#NE
15047,15047,8,19,7,2026,1,#NE
15048,15048,9,19,16,2026,1,#NE
15049,15049,9,20,25,2026,1,#NE
15050,15050,9,20,24,2026,1,#NE
15051,15051,8,19,7,2026,1,#NE
15052,15052,9,11,6,2026,1,#NE
15053,15053,9,11,6,2026,1,#NE
15054,15054,9,11,19,2026,1,#NE
15055,15055,9,19,29,2026,1,#NE
15056,15056,9,19,16,2026,1,#NE
15057,15057,9,19,15,2026,1,#NE
15058,15058,9,20,24,2026,1,#NE
15059,15059,8,19,7,2026,1,#NE
15060,15060,8,19,27,2026,1,#NE
15061,15061,9,11,19,2026,1,#NE
15062,15062,9,11,17,2026,1,#NE
15063,15063,9,19,15,2026,1,#NE
15064,15064,8,19,16,2026,1,#NE
15065,15065,8,19,16,2026,1,#NE
15066,15066,8,19,16,2026,1,#NE
15067,15067,9,19,15,2026,1,#NE
15068,15068,9,20,13,2026,1,#NE
15069,15069,8,19,16,2026,1,#NE
15070,15070,8,19,16,2026,1,#NE
15071,15071,8,19,16,2026,1,#NE
15072,15072,9,19,15,2026,1,#NE
15073,15073,9,19,15,2026,1,#NE
15074,15074,9,19,15,2026,1,#NE
15075,15075,9,20,13,2026,1,#NE
15076,15076,9,20,13,2026,1,#NE
15077,15077,8,19,27,2026,1,#NE
15078,15078,8,19,27,2026,1,#NE
15079,15079,8,19,27,2026,1,#NE
15080,15080,8,19,15,2026,1,#NE
15081,15081,9,11,17,2026,1,#NE
15082,15082,9,19,24,2026,1,#NE
15083,15083,9,19,24,2026,1,#NE
15084,15084,9,20,13,2026,1,#NE
15085,15085,8,19,15,2026,1,#NE
15086,15086,8,19,15,2026,1,#NE
15087,15087,9,11,27,2026,1,#NE
15088,15088,9,11,27,2026,1,#NE
15089,15089,9,19,24,2026,1,#NE
15090,15090,9,20,13,2026,1,#NE
15091,15091,9,20,13,2026,1,#NE
15092,15092,8,19,15,2026,1,#NE
15093,15093,8,19,20,2026,1,#NE
15094,15094,9,11,27,2026,1,#NE
15095,15095,9,11,14,2026,1,#NE
15096,15096,9,19,24,2026,1,#NE
15097,15097,9,19,24,2026,1,#NE
15098,15098,9,20,14,2026,1,#NE
15099,15099,9,20,14,2026,1,#NE
15100,15100,9,20,14,2026,1,#NE
15101,15101,9,20,14,2026,1,#NE
15102,15102,8,19,20,2026,1,#NE
15103,15103,9,11,14,2026,1,#NE
15104,15104,9,11,14,2026,1,#NE
15105,15105,9,11,26,2026,1,#NE
15106,15106,9,19,14,2026,1,#NE
15107,15107,9,20,14,2026,1,#NE
15108,15108,8,19,19,2026,1,#NE
15109,15109,8,19,19,2026,1,#NE
15110,15110,9,11,22,2026,1,#NE
15111,15111,9,11,22,2026,1,#NE
15112,15112,9,11,22,2026,1,#NE
15113,15113,9,19,14,2026,1,#NE
15114,15114,8,19,19,2026,1,#NE
15115,15115,9,19,14,2026,1,#NE
15116,15116,9,20,14,2026,1,#NE
15117,15117,8,19,19,2026,1,#NE
15118,15118,9,11,22,2026,1,#NE
15119,15119,9,11,22,2026,1,#NE
15120,15120,9,19,14,2026,1,#NE
15121,15121,9,19,14,2026,1,#NE
15122,15122,9,19,14,2026,1,#NE
15123,15123,9,19,14,2026,1,#NE
15124,15124,9,19,8,2026,1,#NE
15125,15125,9,20,19,2026,1,#NE
15126,15126,9,11,11,2026,1,#NE
15127,15127,9,19,8,2026,1,#NE
15128,15128,9,19,2,2026,1,#NE
15129,15129,9,20,19,2026,1,#NE
15130,15130,9,11,24,2026,1,#NE
15131,15131,8,19,13,2026,1,#NE
15132,15132,9,19,2,2026,1,#NE
15133,15133,9,19,2,2026,1,#NE
15134,15134,9,19,13,2026,1,#NE
15135,15135,9,19,13,2026,1,#NE
15136,15136,8,19,13,2026,1,#NE
15137,15137,9,19,13,2026,1,#NE
15138,15138,9,19,13,2026,1,#NE
15139,15139,8,19,14,2026,1,#NE
15140,15140,8,19,14,2026,1,#NE
15141,15141,8,19,14,2026,1,#NE
15142,15142,8,19,14,2026,1,#NE
15143,15143,8,19,14,2026,1,#NE
15144,15144,9,19,13,2026,1,#NE
15145,15145,9,19,13,2026,1,#NE
15146,15146,9,19,13,2026,1,#NE
15147,15147,9,19,20,2026,1,#NE
15148,15148,9,19,20,2026,1,#NE
15149,15149,8,19,6,2026,1,#NE
15150,15150,8,19,6,2026,1,#NE
15151,15151,9,11,13,2026,1,#NE
15152,15152,9,11,2,2026,1,#NE
15153,15153,9,11,29,2026,1,#NE
15154,15154,9,19,20,2026,1,#NE
15155,15155,9,19,20,2026,1,#NE
15156,15156,9,20,19,2026,1,#NE
15157,15157,9,20,19,2026,1,#NE
15158,15158,8,19,6,2026,1,#NE
15159,15159,9,11,2,2026,1,#NE
15160,15160,9,11,2,2026,1,#NE
15161,15161,9,11,2,2026,1,#NE
15162,15162,9,19,20,2026,1,#NE
15163,15163,9,19,20,2026,1,#NE
15164,15164,9,19,20,2026,1,#NE
15165,15165,9,20,19,2026,1,#NE
15166,15166,9,20,19,2026,1,#NE
15167,15167,5,14,29,2026,1,#NE
15168,15168,5,14,6,2026,1,#NE
15169,15169,9,11,29,2026,1,#NE
15170,15170,9,11,29,2026,1,#NE
15171,15171,9,19,5,2026,1,#NE
15172,15172,8,23,2,2026,1,#NE
15173,15173,8,23,4,2026,1,#NE
15174,15174,9,20,19,2026,1,#NE
15175,15175,9,20,19,2026,1,#NE
15176,15176,8,4,6,2026,1,#NE
15177,15177,8,4,15,2026,1,#NE
15178,15178,8,4,15,2026,1,#NE
15179,15179,9,20,19,2026,1,#NE
15180,15180,8,4,29,2026,1,#NE
15181,15181,8,4,22,2026,1,#NE
15182,15182,9,11,20,2026,1,#NE
15183,15183,9,11,20,2026,1,#NE
15184,15184,8,23,9,2026,1,#NE
15185,15185,8,23,9,2026,1,#NE
15186,15186,8,23,27,2026,1,#NE
15187,15187,8,23,3,2026,1,#NE
15188,15188,8,23,14,2026,1,#NE
15189,15189,8,23,29,2026,1,#NE
15190,15190,9,20,20,2026,1,#NE
15191,15191,9,20,20,2026,1,#NE
15192,15192,9,20,20,2026,1,#NE
15193,15193,8,23,25,2026,1,#NE
15194,15194,8,23,7,2026,1,#NE
15195,15195,8,23,13,2026,1,#NE
15196,15196,8,4,9,2026,1,#NE
15197,15197,8,28,9,2026,1,#NE
15198,15198,5,15,29,2026,1,#NE
15199,15199,5,15,22,2026,1,#NE
15200,15200,8,23,15,2026,1,#NE
15201,15201,9,20,20,2026,1,#NE
15202,15202,9,20,20,2026,1,#NE
15203,15203,8,28,27,2026,1,#NE
15204,15204,8,28,27,2026,1,#NE
15205,15205,8,28,22,2026,1,#NE
15206,15206,5,15,15,2026,1,#NE
15207,15207,5,15,14,2026,1,#NE
15208,15208,4,12,21,2026,1,#NE
15209,15209,9,20,20,2026,1,#NE
15210,15210,9,20,20,2026,1,#NE
15211,15211,9,20,29,2026,1,#NE
15212,15212,9,20,29,2026,1,#NE
15213,15213,6,23,22,2026,1,#NE
15214,15214,4,23,15,2026,1,#NE
15215,15215,9,20,16,2026,1,#NE
15216,15216,4,7,7,2026,1,#NE
15217,15217,6,1,26,2026,1,#NE
15218,15218,3,28,20,2026,1,#NE
15219,15219,5,21,13,2026,1,#NE
15220,15220,5,21,23,2026,1,#NE
15221,15221,9,20,16,2026,1,#NE
15222,15222,9,20,29,2026,1,#NE
15223,15223,9,20,16,2026,1,#NE
15224,15224,9,20,16,2026,1,#NE
15225,15225,8,28,21,2026,1,#NE
15226,15226,8,28,21,2026,1,#NE
15227,15227,8,28,21,2026,1,#NE
15228,15228,8,28,15,2026,1,#NE
15229,15229,6,1,27,2026,1,#NE
15230,15230,6,25,30,2026,1,#NE
15231,15231,5,19,14,2026,1,#NE
15232,15232,5,23,4,2026,1,#NE
15233,15233,8,28,14,2026,1,#NE
15234,15234,8,28,14,2026,1,#NE
15235,15235,6,25,23,2026,1,#NE
15236,15236,6,25,24,2026,1,#NE
15237,15237,7,2,30,2026,1,#NE
15238,15238,7,2,6,2026,1,#NE
15239,15239,6,14,16,2026,1,#NE
15240,15240,5,23,9,2026,1,#NE
15241,15241,8,9,27,2026,1,#NE
15242,15242,8,28,24,2026,1,#NE
15243,15243,8,28,24,2026,1,#NE
15244,15244,8,28,13,2026,1,#NE
15245,15245,8,9,15,2026,1,#NE
15246,15246,8,28,19,2026,1,#NE
15247,15247,8,9,15,2026,1,#NE
15248,15248,9,21,11,2026,1,#NE
15249,15249,9,21,25,2026,1,#NE
15250,15250,9,21,24,2026,1,#NE
15251,15251,9,21,24,2026,1,#NE
15252,15252,9,21,23,2026,1,#NE
15253,15253,9,21,26,2026,1,#NE
15254,15254,9,21,22,2026,1,#NE
15255,15255,9,21,21,2026,1,#NE
15256,15256,9,21,21,2026,1,#NE
15257,15257,9,21,21,2026,1,#NE
15258,15258,8,9,29,2026,1,#NE
15259,15259,8,9,16,2026,1,#NE
15260,15260,8,9,29,2026,1,#NE
15261,15261,8,9,29,2026,1,#NE
15262,15262,8,9,4,2026,1,#NE
15263,15263,9,21,6,2026,1,#NE
15264,15264,9,21,6,2026,1,#NE
15265,15265,6,5,4,2026,1,#NE
15266,15266,7,16,30,2026,1,#NE
15267,15267,8,9,7,2026,1,#NE
15268,15268,8,9,30,2026,1,#NE
15269,15269,7,14,15,2026,1,#NE
15270,15270,8,9,9,2026,1,#NE
15271,15271,8,9,14,2026,1,#NE
15272,15272,9,21,14,2026,1,#NE
15273,15273,9,21,14,2026,1,#NE
15274,15274,9,21,14,2026,1,#NE
15275,15275,9,21,14,2026,1,#NE
15276,15276,4,22,6,2026,1,#NE
15277,15277,4,1,1,2026,1,#NE
15278,15278,9,21,14,2026,1,#NE
15279,15279,9,21,17,2026,1,#NE
15280,15280,9,21,17,2026,1,#NE
15281,15281,6,20,22,2026,1,#NE
15282,15282,6,20,30,2026,1,#NE
15283,15283,6,20,23,2026,1,#NE
15284,15284,6,18,2,2026,1,#NE
15285,15285,4,9,24,2026,1,#NE
15286,15286,6,3,8,2026,1,#NE
15287,15287,7,20,7,2026,1,#NE
15288,15288,7,20,14,2026,1,#NE
15289,15289,4,20,7,2026,1,#NE
15290,15290,4,8,19,2026,1,#NE
15291,15291,4,8,12,2026,1,#NE
15292,15292,4,28,22,2026,1,#NE
15293,15293,7,18,21,2026,1,#NE
15294,15294,4,26,20,2026,1,#NE
15295,15295,6,12,14,2026,1,#NE
15296,15296,7,5,11,2026,1,#NE
15297,15297,7,5,27,2026,1,#NE
15298,15298,2,6,19,2026,1,#NE
15299,15299,4,19,7,2026,1,#NE
15300,15300,4,19,8,2026,1,#NE
15301,15301,6,8,12,2026,1,#NE
15302,15302,7,9,11,2026,1,#NE
15303,15303,7,9,27,2026,1,#NE
15304,15304,7,13,9,2026,1,#NE
15305,15305,7,13,24,2026,1,#NE
15306,15306,4,16,12,2026,1,#NE
15307,15307,6,8,22,2026,1,#NE
15308,15308,6,13,17,2026,1,#NE
15309,15309,6,13,12,2026,1,#NE
15310,15310,6,13,16,2026,1,#NE
15311,15311,6,4,6,2026,1,#NE
15312,15312,4,15,23,2026,1,#NE
15313,15313,6,24,30,2026,1,#NE
15314,15314,6,24,30,2026,1,#NE
15315,15315,7,26,4,2026,1,#NE
15316,15316,7,26,14,2026,1,#NE
15317,15317,7,26,20,2026,1,#NE
15318,15318,7,15,29,2026,1,#NE
15319,15319,9,20,16,2026,1,#NE
15320,15320,9,20,16,2026,1,#NE
15321,15321,9,20,16,2026,1,#NE
15322,15322,9,20,5,2026,1,#NE
15323,15323,9,20,5,2026,1,#NE
15324,15324,9,20,5,2026,1,#NE
15325,15325,9,20,5,2026,1,#NE
15326,15326,9,20,5,2026,1,#NE
15327,15327,9,20,5,2026,1,#NE
15328,15328,9,20,5,2026,1,#NE
15329,15329,9,20,5,2026,1,#NE
15330,15330,9,20,5,2026,1,#NE
15331,15331,9,20,15,2026,1,#NE
15332,15332,9,20,15,2026,1,#NE
15333,15333,9,20,15,2026,1,#NE
15334,15334,9,20,15,2026,1,#NE
15335,15335,9,20,15,2026,1,#NE
15336,15336,9,20,28,2026,1,#NE
15337,15337,9,20,28,2026,1,#NE
15338,15338,9,20,28,2026,1,#NE
15339,15339,9,20,28,2026,1,#NE
15340,15340,9,20,28,2026,1,#NE
15341,15341,9,20,28,2026,1,#NE
15342,15342,9,20,28,2026,1,#NE
15343,15343,9,20,28,2026,1,#NE
15344,15344,9,20,28,2026,1,#NE
15345,15345,9,20,28,2026,1,#NE
15346,15346,9,20,28,2026,1,#NE
15347,15347,9,20,28,2026,1,#NE
15348,15348,9,20,17,2026,1,#NE
15349,15349,9,20,9,2026,1,#NE
15350,15350,9,20,9,2026,1,#NE
15351,15351,9,20,9,2026,1,#NE
15352,15352,9,20,9,2026,1,#NE
15353,15353,9,20,9,2026,1,#NE
15354,15354,9,20,9,2026,1,#NE
15355,15355,9,20,9,2026,1,#NE
15356,15356,3,25,30,2026,1,#NE
15357,15357,5,12,20,2026,1,#NE
15358,15358,5,12,30,2026,1,#NE
15359,15359,5,12,6,2026,1,#NE
15360,15360,5,20,5,2026,1,#NE
15361,15361,9,2,4,2026,1,#NE
15362,15362,9,2,14,2026,1,#NE
15363,15363,9,2,14,2026,1,#NE
15364,15364,9,2,24,2026,1,#NE
15365,15365,9,2,24,2026,1,#NE
15366,15366,9,2,6,2026,1,#NE
15367,15367,9,2,6,2026,1,#NE
15368,15368,9,2,6,2026,1,#NE
15369,15369,9,2,6,2026,1,#NE
15370,15370,9,2,6,2026,1,#NE
15371,15371,9,2,21,2026,1,#NE
15372,15372,9,2,21,2026,1,#NE
15373,15373,9,2,21,2026,1,#NE
15374,15374,9,2,7,2026,1,#NE
15375,15375,9,9,1,2026,1,#NE
15376,15376,9,9,1,2026,1,#NE
15377,15377,9,9,1,2026,1,#NE
15378,15378,9,9,1,2026,1,#NE
15379,15379,9,9,26,2026,1,#NE
15380,15380,9,9,21,2026,1,#NE
15381,15381,9,9,14,2026,1,#NE
15382,15382,9,9,14,2026,1,#NE
15383,15383,9,9,14,2026,1,#NE
15384,15384,9,9,15,2026,1,#NE
15385,15385,9,9,15,2026,1,#NE
15386,15386,9,9,15,2026,1,#NE
15387,15387,9,9,15,2026,1,#NE
15388,15388,9,9,27,2026,1,#NE
15389,15389,9,9,4,2026,1,#NE
15390,15390,9,9,4,2026,1,#NE
15391,15391,9,9,4,2026,1,#NE
15392,15392,9,9,4,2026,1,#NE
15393,15393,9,9,4,2026,1,#NE
15394,15394,9,9,4,2026,1,#NE
15395,15395,9,9,4,2026,1,#NE
15396,15396,9,9,4,2026,1,#NE
15397,15397,9,9,9,2026,1,#NE
15398,15398,9,9,9,2026,1,#NE
15399,15399,9,9,9,2026,1,#NE
15400,15400,9,9,9,2026,1,#NE
15401,15401,9,9,9,2026,1,#NE
15402,15402,9,9,28,2026,1,#NE
15403,15403,9,9,28,2026,1,#NE
15404,15404,9,9,5,2026,1,#NE
15405,15405,9,9,5,2026,1,#NE
15406,15406,9,9,5,2026,1,#NE
15407,15407,9,9,5,2026,1,#NE
15408,15408,9,9,19,2026,1,#NE
15409,15409,9,9,19,2026,1,#NE
15410,15410,9,9,19,2026,1,#NE
15411,15411,9,9,6,2026,1,#NE
15412,15412,9,9,6,2026,1,#NE
15413,15413,9,9,13,2026,1,#NE
15414,15414,9,9,24,2026,1,#NE
15415,15415,9,9,24,2026,1,#NE
15416,15416,9,9,24,2026,1,#NE
15417,15417,3,19,30,2026,1,#NE
15418,15418,3,19,23,2026,1,#NE
15419,15419,5,28,15,2026,1,#NE
15420,15420,5,28,14,2026,1,#NE
15421,15421,5,28,22,2026,1,#NE
15422,15422,8,17,4,2026,1,#NE
15423,15423,8,17,4,2026,1,#NE
15424,15424,8,17,7,2026,1,#NE
15425,15425,8,17,7,2026,1,#NE
15426,15426,8,17,7,2026,1,#NE
15427,15427,8,17,6,2026,1,#NE
15428,15428,8,17,6,2026,1,#NE
15429,15429,8,17,6,2026,1,#NE
15430,15430,8,17,6,2026,1,#NE
15431,15431,8,17,6,2026,1,#NE
15432,15432,8,17,6,2026,1,#NE
15433,15433,8,17,15,2026,1,#NE
15434,15434,8,17,15,2026,1,#NE
15435,15435,8,17,15,2026,1,#NE
15436,15436,8,17,15,2026,1,#NE
15437,15437,8,17,22,2026,1,#NE
15438,15438,8,17,26,2026,1,#NE
15439,15439,8,17,22,2026,1,#NE
15440,15440,8,17,26,2026,1,#NE
15441,15441,8,17,21,2026,1,#NE
15442,15442,8,17,9,2026,1,#NE
15443,15443,8,17,9,2026,1,#NE
15444,15444,8,17,9,2026,1,#NE
15445,15445,8,17,9,2026,1,#NE
15446,15446,8,17,2,2026,1,#NE
15447,15447,8,17,2,2026,1,#NE
15448,15448,8,17,13,2026,1,#NE
15449,15449,8,17,13,2026,1,#NE
15450,15450,8,17,13,2026,1,#NE
15451,15451,8,17,13,2026,1,#NE
15452,15452,8,17,20,2026,1,#NE
15453,15453,8,17,20,2026,1,#NE
15454,15454,8,17,24,2026,1,#NE
15455,15455,8,17,24,2026,1,#NE
15456,15456,8,17,25,2026,1,#NE
15457,15457,8,17,19,2026,1,#NE
15458,15458,8,17,19,2026,1,#NE
15459,15459,8,17,17,2026,1,#NE
15460,15460,8,17,28,2026,1,#NE
15461,15461,8,17,28,2026,1,#NE
15462,15462,8,17,28,2026,1,#NE
15463,15463,8,17,28,2026,1,#NE
15464,15464,8,17,17,2026,1,#NE
15465,15465,8,17,27,2026,1,#NE
15466,15466,8,17,27,2026,1,#NE
15467,15467,8,17,27,2026,1,#NE
15468,15468,8,17,16,2026,1,#NE
15469,15469,9,4,26,2026,1,#NE
15470,15470,9,4,26,2026,1,#NE
15471,15471,9,4,26,2026,1,#NE
15472,15472,9,4,26,2026,1,#NE
15473,15473,9,4,26,2026,1,#NE
15474,15474,9,4,26,2026,1,#NE
15475,15475,9,4,14,2026,1,#NE
15476,15476,9,4,14,2026,1,#NE
15477,15477,9,4,14,2026,1,#NE
15478,15478,9,4,14,2026,1,#NE
15479,15479,9,4,14,2026,1,#NE
15480,15480,9,4,29,2026,1,#NE
15481,15481,9,4,29,2026,1,#NE
15482,15482,9,4,29,2026,1,#NE
15483,15483,9,4,29,2026,1,#NE
15484,15484,9,4,13,2026,1,#NE
15485,15485,9,4,13,2026,1,#NE
15486,15486,9,4,13,2026,1,#NE
15487,15487,9,4,13,2026,1,#NE
15488,15488,9,4,20,2026,1,#NE
15489,15489,9,4,20,2026,1,#NE
15490,15490,9,4,20,2026,1,#NE
15491,15491,9,4,20,2026,1,#NE
15492,15492,9,4,20,2026,1,#NE
15493,15493,9,4,20,2026,1,#NE
15494,15494,9,4,9,2026,1,#NE
15495,15495,9,4,27,2026,1,#NE
15496,15496,9,4,15,2026,1,#NE
15497,15497,8,2,6,2026,1,#NE
15498,15498,8,2,28,2026,1,#NE
15499,15499,8,2,17,2026,1,#NE
15500,15500,8,2,24,2026,1,#NE
15501,15501,8,2,24,2026,1,#NE
15502,15502,8,2,9,2026,1,#NE
15503,15503,8,2,9,2026,1,#NE
15504,15504,8,2,4,2026,1,#NE
15505,15505,8,2,7,2026,1,#NE
15506,15506,8,2,21,2026,1,#NE
15507,15507,8,2,21,2026,1,#NE
15508,15508,8,2,21,2026,1,#NE
15509,15509,9,7,26,2026,1,#NE
15510,15510,9,7,26,2026,1,#NE
15511,15511,9,7,26,2026,1,#NE
15512,15512,9,7,22,2026,1,#NE
15513,15513,9,7,22,2026,1,#NE
15514,15514,9,7,22,2026,1,#NE
15515,15515,9,7,22,2026,1,#NE
15516,15516,9,7,22,2026,1,#NE
15517,15517,9,7,20,2026,1,#NE
15518,15518,9,7,20,2026,1,#NE
15519,15519,9,7,20,2026,1,#NE
15520,15520,9,7,20,2026,1,#NE
15521,15521,9,7,8,2026,1,#NE
15522,15522,9,7,8,2026,1,#NE
15523,15523,9,7,8,2026,1,#NE
15524,15524,9,7,8,2026,1,#NE
15525,15525,9,7,8,2026,1,#NE
15526,15526,9,7,8,2026,1,#NE
15527,15527,9,7,8,2026,1,#NE
15528,15528,9,7,8,2026,1,#NE
15529,15529,9,7,9,2026,1,#NE
15530,15530,9,7,9,2026,1,#NE
15531,15531,9,7,16,2026,1,#NE
15532,15532,9,7,29,2026,1,#NE
15533,15533,9,7,29,2026,1,#NE
15534,15534,9,7,14,2026,1,#NE
15535,15535,9,7,29,2026,1,#NE
15536,15536,9,7,16,2026,1,#NE
15537,15537,9,7,14,2026,1,#NE
15538,15538,9,7,14,2026,1,#NE
15539,15539,9,7,14,2026,1,#NE
15540,15540,9,7,6,2026,1,#NE
15541,15541,9,7,6,2026,1,#NE
15542,15542,9,7,6,2026,1,#NE
15543,15543,9,7,6,2026,1,#NE
15544,15544,9,7,6,2026,1,#NE
15545,15545,9,7,24,2026,1,#NE
15546,15546,9,7,25,2026,1,#NE
15547,15547,9,7,24,2026,1,#NE
15548,15548,9,7,24,2026,1,#NE
15549,15549,9,7,24,2026,1,#NE
15550,15550,9,7,25,2026,1,#NE
15551,15551,9,7,19,2026,1,#NE
15552,15552,9,7,19,2026,1,#NE
15553,15553,9,7,19,2026,1,#NE
15554,15554,9,7,19,2026,1,#NE
15555,15555,9,7,19,2026,1,#NE
15556,15556,9,7,28,2026,1,#NE
15557,15557,9,7,27,2026,1,#NE
15558,15558,9,7,27,2026,1,#NE
15559,15559,9,7,27,2026,1,#NE
15560,15560,9,7,27,2026,1,#NE
15561,15561,9,7,27,2026,1,#NE
15562,15562,3,7,21,2026,1,#NE
15563,15563,3,7,9,2026,1,#NE
15564,15564,3,7,30,2026,1,#NE
15565,15565,3,17,7,2026,1,#NE
15566,15566,3,17,19,2026,1,#NE
15567,15567,9,1,16,2026,1,#NE
15568,15568,9,1,29,2026,1,#NE
15569,15569,9,1,29,2026,1,#NE
15570,15570,9,1,24,2026,1,#NE
15571,15571,9,1,25,2026,1,#NE
15572,15572,9,1,24,2026,1,#NE
15573,15573,9,1,24,2026,1,#NE
15574,15574,9,1,20,2026,1,#NE
15575,15575,9,1,20,2026,1,#NE
15576,15576,9,1,6,2026,1,#NE
15577,15577,9,1,6,2026,1,#NE
15578,15578,9,1,6,2026,1,#NE
15579,15579,9,1,9,2026,1,#NE
15580,15580,9,1,9,2026,1,#NE
15581,15581,9,1,9,2026,1,#NE
15582,15582,9,1,14,2026,1,#NE
15583,15583,9,1,14,2026,1,#NE
15584,15584,9,1,14,2026,1,#NE
15585,15585,9,1,21,2026,1,#NE
15586,15586,9,1,3,2026,1,#NE
15587,15587,9,1,21,2026,1,#NE
15588,15588,9,1,22,2026,1,#NE
15589,15589,9,1,28,2026,1,#NE
15590,15590,9,1,17,2026,1,#NE
15591,15591,9,1,13,2026,1,#NE
15592,15592,9,1,13,2026,1,#NE
15593,15593,9,1,27,2026,1,#NE
15594,15594,9,1,27,2026,1,#NE
15595,15595,9,1,27,2026,1,#NE
15596,15596,9,1,27,2026,1,#NE
15597,15597,9,1,27,2026,1,#NE
15598,15598,9,1,15,2026,1,#NE
15599,15599,9,1,15,2026,1,#NE
15600,15600,9,1,15,2026,1,#NE
15601,15601,9,1,15,2026,1,#NE
15602,15602,9,1,15,2026,1,#NE
15603,15603,9,1,15,2026,1,#NE
15604,15604,9,1,15,2026,1,#NE
15605,15605,9,1,15,2026,1,#NE
15606,15606,9,17,9,2026,1,#NE
15607,15607,9,17,9,2026,1,#NE
15608,15608,9,17,9,2026,1,#NE
15609,15609,9,17,9,2026,1,#NE
15610,15610,9,17,14,2026,1,#NE
15611,15611,9,17,14,2026,1,#NE
15612,15612,9,17,14,2026,1,#NE
15613,15613,9,17,14,2026,1,#NE
15614,15614,9,17,14,2026,1,#NE
15615,15615,9,17,14,2026,1,#NE
15616,15616,9,17,14,2026,1,#NE
15617,15617,9,17,14,2026,1,#NE
15618,15618,9,17,14,2026,1,#NE
15619,15619,9,17,6,2026,1,#NE
15620,15620,9,17,6,2026,1,#NE
15621,15621,9,17,6,2026,1,#NE
15622,15622,9,17,7,2026,1,#NE
15623,15623,9,17,7,2026,1,#NE
15624,15624,9,17,15,2026,1,#NE
15625,15625,9,17,15,2026,1,#NE
15626,15626,9,17,15,2026,1,#NE
15627,15627,9,17,15,2026,1,#NE
15628,15628,9,17,15,2026,1,#NE
15629,15629,9,17,15,2026,1,#NE
15630,15630,9,17,16,2026,1,#NE
15631,15631,9,17,25,2026,1,#NE
15632,15632,9,17,19,2026,1,#NE
15633,15633,9,17,19,2026,1,#NE
15634,15634,9,17,19,2026,1,#NE
15635,15635,9,17,19,2026,1,#NE
15636,15636,9,17,26,2026,1,#NE
15637,15637,9,17,22,2026,1,#NE
15638,15638,9,17,26,2026,1,#NE
15639,15639,9,17,20,2026,1,#NE
15640,15640,9,17,28,2026,1,#NE
15641,15641,9,17,28,2026,1,#NE
15642,15642,9,17,2,2026,1,#NE
15643,15643,9,17,2,2026,1,#NE
15644,15644,9,17,2,2026,1,#NE
15645,15645,9,17,2,2026,1,#NE
15646,15646,9,17,2,2026,1,#NE
15647,15647,9,17,2,2026,1,#NE
15648,15648,9,17,2,2026,1,#NE
15649,15649,9,17,2,2026,1,#NE
15650,15650,9,17,27,2026,1,#NE
15651,15651,9,17,27,2026,1,#NE
15652,15652,9,17,27,2026,1,#NE
15653,15653,9,17,27,2026,1,#NE
15654,15654,9,17,13,2026,1,#NE
15655,15655,9,17,13,2026,1,#NE
15656,15656,6,19,14,2026,1,#NE
15657,15657,6,19,30,2026,1,#NE
15658,15658,6,26,27,2026,1,#NE
15659,15659,7,25,14,2026,1,#NE
15660,15660,7,22,7,2026,1,#NE
15661,15661,7,3,23,2026,1,#NE
15662,15662,7,3,6,2026,1,#NE
15663,15663,7,23,2,2026,1,#NE
15664,15664,6,10,21,2026,1,#NE
15665,15665,4,14,7,2026,1,#NE
15666,15666,7,24,9,2026,1,#NE
15667,15667,7,24,3,2026,1,#NE
15668,15668,7,24,23,2026,1,#NE
15669,15669,7,24,30,2026,1,#NE
15670,15670,7,21,23,2026,1,#NE
15671,15671,6,21,13,2026,1,#NE
15672,15672,6,21,24,2026,1,#NE
15673,15673,6,21,15,2026,1,#NE
15674,15674,4,3,22,2026,1,#NE
15675,15675,7,11,14,2026,1,#NE
15676,15676,7,11,20,2026,1,#NE
15677,15677,6,22,24,2026,1,#NE
15678,15678,7,1,27,2026,1,#NE
15679,15679,7,8,30,2026,1,#NE
15680,15680,7,8,15,2026,1,#NE
15681,15681,7,10,21,2026,1,#NE
15682,15682,4,5,6,2026,1,#NE
15683,15683,4,5,4,2026,1,#NE
15684,15684,4,10,12,2026,1,#NE
15685,15685,8,20,29,2026,1,#NE
15686,15686,8,20,4,2026,1,#NE
15687,15687,8,20,4,2026,1,#NE
15688,15688,8,10,24,2026,1,#NE
15689,15689,8,10,9,2026,1,#NE
15690,15690,8,3,28,2026,1,#NE
15691,15691,8,26,28,2026,1,#NE
15692,15692,8,20,15,2026,1,#NE
15693,15693,8,26,22,2026,1,#NE
15694,15694,5,11,4,2026,1,#NE
15695,15695,8,20,28,2026,1,#NE
15696,15696,8,20,2,2026,1,#NE
15697,15697,8,12,13,2026,1,#NE
15698,15698,9,10,8,2026,1,#NE
15699,15699,8,12,25,2026,1,#NE
15700,15700,8,12,29,2026,1,#NE
15701,15701,9,25,6,2026,1,#NE
15702,15702,9,12,1,2026,1,#NE
15703,15703,8,13,1,2026,1,#NE
15704,15704,8,24,1,2026,1,#NE
15705,15705,8,24,1,2026,1,#NE
15706,15706,8,24,1,2026,1,#NE
15707,15707,8,15,3,2026,1,#NE
15708,15708,8,16,2,2026,1,#NE
15709,15709,9,15,9,2026,1,#NE
15710,15710,9,24,5,2026,1,#NE
15711,15711,9,24,5,2026,1,#NE
15712,15712,8,18,8,2026,1,#NE
15713,15713,8,18,8,2026,1,#NE
15714,15714,8,24,27,2026,1,#NE
15715,15715,8,18,12,2026,1,#NE
15716,15716,8,24,5,2026,1,#NE
15717,15717,8,24,5,2026,1,#NE
15718,15718,8,11,8,2026,1,#NE
15719,15719,8,18,12,2026,1,#NE
15720,15720,9,24,21,2026,1,#NE
15721,15721,8,18,5,2026,1,#NE
15722,15722,8,18,5,2026,1,#NE
15723,15723,9,20,21,2026,1,#NE
15724,15724,9,26,22,2026,1,#NE
15725,15725,9,26,2,2026,1,#NE
15726,15726,5,18,5,2026,1,#NE
15727,15727,9,20,4,2026,1,#NE
15728,15728,9,28,27,2026,1,#NE
15729,15729,9,20,6,2026,1,#NE
15730,15730,9,3,2,2026,1,#NE
15731,15731,8,19,21,2026,1,#NE
15732,15732,8,19,17,2026,1,#NE
15733,15733,9,19,15,2026,1,#NE
15734,15734,9,19,8,2026,1,#NE
15735,15735,9,19,2,2026,1,#NE
15736,15736,9,19,13,2026,1,#NE
15737,15737,8,19,14,2026,1,#NE
15738,15738,8,19,12,2026,1,#NE
15739,15739,9,20,19,2026,1,#NE
15740,15740,4,12,12,2026,1,#NE
15741,15741,9,20,29,2026,1,#NE
15742,15742,6,18,23,2026,1,#NE
15743,15743,7,18,5,2026,1,#NE
15744,15744,4,26,22,2026,1,#NE
15745,15745,4,24,12,2026,1,#NE
15746,15746,4,18,23,2026,1,#NE
15747,15747,9,20,5,2026,1,#NE
15748,15748,9,20,5,2026,1,#NE
15749,15749,9,20,5,2026,1,#NE
15750,15750,9,2,28,2026,1,#NE
15751,15751,9,9,9,2026,1,#NE
15752,15752,9,4,27,2026,1,#NE
15753,15753,9,1,14,2026,1,#NE
15754,15754,9,17,8,2026,1,#NE
15755,15755,9,17,8,2026,1,#NE
15756,15756,9,17,8,2026,1,#NE
15757,15757,9,17,8,2026,1,#NE
15758,15758,9,17,12,2026,1,#NE
15759,15759,8,26,16,2026,1,#NE
15760,15760,8,3,15,2026,1,#NE
15761,15761,9,22,28,2026,1,#NE
15762,15762,9,22,25,2026,1,#NE
15763,15763,9,24,14,2026,1,#NE
15764,15764,9,20,24,2026,1,#NE
15765,15765,9,3,27,2026,1,#NE
15766,15766,9,20,13,2026,1,#NE
15767,15767,9,20,28,2026,1,#NE
15768,15768,9,4,29,2026,1,#NE
15769,15769,8,10,21,2026,1,#NE
15770,15770,10,8,17,2026,1,#NE
15771,15771,8,8,29,2026,1,#NE
15772,15772,8,8,5,2026,1,#NE
15773,15773,7,14,1,2026,1,#NE
15774,15774,6,2,11,2026,1,#NE
15775,15775,9,2,7,2026,1,#NE
15776,15776,9,4,27,2026,1,#NE
15777,15777,7,22,19,2026,1,#NE
15778,15778,7,21,22,2026,1,#NE
15779,15779,5,27,1,2026,1,#NE
15780,15780,5,27,10,2026,1,#NE
15781,15781,8,20,7,2026,1,#NE
15782,15782,8,20,29,2026,1,#NE
15783,15783,8,10,7,2026,1,#NE
15784,15784,8,10,4,2026,1,#NE
15785,15785,8,10,4,2026,1,#NE
15786,15786,8,26,28,2026,1,#NE
15787,15787,9,27,4,2026,1,#NE
15788,15788,9,27,4,2026,1,#NE
15789,15789,9,27,4,2026,1,#NE
15790,15790,9,27,4,2026,1,#NE
15791,15791,9,27,4,2026,1,#NE
15792,15792,9,27,16,2026,1,#NE
15793,15793,9,27,29,2026,1,#NE
15794,15794,9,27,4,2026,1,#NE
15795,15795,9,27,4,2026,1,#NE
15796,15796,9,27,4,2026,1,#NE
15797,15797,9,27,4,2026,1,#NE
15798,15798,9,27,16,2026,1,#NE
15799,15799,9,27,29,2026,1,#NE
15800,15800,9,27,16,2026,1,#NE
15801,15801,9,27,4,2026,1,#NE
15802,15802,9,27,4,2026,1,#NE
15803,15803,9,27,4,2026,1,#NE
15804,15804,9,27,4,2026,1,#NE
15805,15805,9,27,29,2026,1,#NE
15806,15806,9,27,29,2026,1,#NE
15807,15807,9,27,29,2026,1,#NE
15808,15808,9,27,8,2026,1,#NE
15809,15809,9,27,8,2026,1,#NE
15810,15810,9,27,8,2026,1,#NE
15811,15811,9,27,8,2026,1,#NE
15812,15812,9,27,8,2026,1,#NE
15813,15813,9,27,8,2026,1,#NE
15814,15814,9,27,8,2026,1,#NE
15815,15815,9,27,8,2026,1,#NE
15816,15816,9,27,8,2026,1,#NE
15817,15817,9,27,8,2026,1,#NE
15818,15818,9,27,8,2026,1,#NE
15819,15819,9,27,8,2026,1,#NE
15820,15820,9,27,12,2026,1,#NE
15821,15821,9,27,24,2026,1,#NE
15822,15822,9,27,24,2026,1,#NE
15823,15823,9,27,24,2026,1,#NE
15824,15824,9,27,24,2026,1,#NE
15825,15825,9,27,24,2026,1,#NE
15826,15826,9,27,24,2026,1,#NE
15827,15827,9,27,24,2026,1,#NE
15828,15828,9,27,24,2026,1,#NE
15829,15829,9,27,24,2026,1,#NE
15830,15830,9,27,25,2026,1,#NE
15831,15831,9,27,7,2026,1,#NE
15832,15832,9,27,7,2026,1,#NE
15833,15833,9,27,7,2026,1,#NE
15834,15834,9,27,7,2026,1,#NE
15835,15835,9,27,7,2026,1,#NE
15836,15836,9,27,7,2026,1,#NE
15837,15837,9,27,7,2026,1,#NE
15838,15838,9,27,13,2026,1,#NE
15839,15839,9,27,13,2026,1,#NE
15840,15840,9,27,13,2026,1,#NE
15841,15841,9,27,13,2026,1,#NE
15842,15842,9,27,13,2026,1,#NE
15843,15843,9,27,13,2026,1,#NE
15844,15844,9,27,13,2026,1,#NE
15845,15845,9,27,22,2026,1,#NE
15846,15846,9,27,26,2026,1,#NE
15847,15847,9,27,22,2026,1,#NE
15848,15848,9,27,22,2026,1,#NE
15849,15849,9,27,22,2026,1,#NE
15850,15850,9,27,22,2026,1,#NE
15851,15851,9,27,22,2026,1,#NE
15852,15852,9,27,22,2026,1,#NE
15853,15853,9,27,22,2026,1,#NE
15854,15854,9,27,15,2026,1,#NE
15855,15855,9,27,15,2026,1,#NE
15856,15856,9,27,15,2026,1,#NE
15857,15857,9,27,15,2026,1,#NE
15858,15858,9,27,15,2026,1,#NE
15859,15859,9,27,15,2026,1,#NE
15860,15860,9,27,15,2026,1,#NE
15861,15861,9,27,15,2026,1,#NE
15862,15862,9,27,15,2026,1,#NE
15863,15863,9,27,15,2026,1,#NE
15864,15864,9,27,15,2026,1,#NE
15865,15865,9,27,15,2026,1,#NE
15866,15866,9,27,15,2026,1,#NE
15867,15867,9,27,15,2026,1,#NE
15868,15868,9,27,15,2026,1,#NE
15869,15869,9,27,15,2026,1,#NE
15870,15870,9,27,15,2026,1,#NE
15871,15871,9,27,15,2026,1,#NE
15872,15872,9,27,27,2026,1,#NE
15873,15873,9,27,1,2026,1,#NE
15874,15874,9,27,1,2026,1,#NE
15875,15875,9,27,1,2026,1,#NE
15876,15876,9,27,1,2026,1,#NE
15877,15877,9,27,27,2026,1,#NE
15878,15878,9,27,27,2026,1,#NE
15879,15879,9,27,27,2026,1,#NE
15880,15880,9,27,27,2026,1,#NE
15881,15881,9,27,27,2026,1,#NE
15882,15882,9,27,6,2026,1,#NE
15883,15883,9,27,6,2026,1,#NE
15884,15884,9,27,1,2026,1,#NE
15885,15885,9,27,1,2026,1,#NE
15886,15886,9,27,27,2026,1,#NE
15887,15887,9,27,6,2026,1,#NE
15888,15888,9,27,6,2026,1,#NE
15889,15889,9,27,6,2026,1,#NE
15890,15890,9,27,6,2026,1,#NE
15891,15891,9,27,6,2026,1,#NE
15892,15892,9,27,6,2026,1,#NE
15893,15893,9,27,6,2026,1,#NE
15894,15894,9,27,6,2026,1,#NE
15895,15895,9,27,6,2026,1,#NE
15896,15896,9,27,6,2026,1,#NE
15897,15897,9,27,6,2026,1,#NE
15898,15898,9,27,28,2026,1,#NE
15899,15899,9,27,28,2026,1,#NE
15900,15900,9,27,17,2026,1,#NE
15901,15901,9,27,5,2026,1,#NE
15902,15902,9,27,5,2026,1,#NE
15903,15903,9,27,5,2026,1,#NE
15904,15904,9,27,5,2026,1,#NE
15905,15905,9,27,5,2026,1,#NE
15906,15906,9,27,28,2026,1,#NE
15907,15907,9,27,17,2026,1,#NE
15908,15908,9,27,28,2026,1,#NE
15909,15909,9,27,17,2026,1,#NE
15910,15910,9,27,17,2026,1,#NE
15911,15911,9,27,28,2026,1,#NE
15912,15912,9,27,28,2026,1,#NE
15913,15913,9,27,9,2026,1,#NE
15914,15914,9,27,9,2026,1,#NE
15915,15915,9,27,9,2026,1,#NE
15916,15916,9,27,9,2026,1,#NE
15917,15917,9,27,9,2026,1,#NE
15918,15918,9,27,9,2026,1,#NE
15919,15919,9,27,9,2026,1,#NE
15920,15920,9,27,9,2026,1,#NE
15921,15921,9,27,2,2026,1,#NE
15922,15922,9,27,2,2026,1,#NE
15923,15923,9,27,2,2026,1,#NE
15924,15924,9,27,2,2026,1,#NE
15925,15925,9,27,2,2026,1,#NE
15926,15926,9,27,2,2026,1,#NE
15927,15927,9,27,2,2026,1,#NE
15928,15928,9,27,2,2026,1,#NE
15929,15929,9,27,2,2026,1,#NE
15930,15930,9,27,20,2026,1,#NE
15931,15931,9,27,20,2026,1,#NE
15932,15932,9,27,20,2026,1,#NE
15933,15933,9,27,20,2026,1,#NE
15934,15934,9,27,20,2026,1,#NE
15935,15935,9,27,20,2026,1,#NE
15936,15936,9,27,20,2026,1,#NE
15937,15937,9,27,20,2026,1,#NE
15938,15938,9,27,20,2026,1,#NE
15939,15939,9,27,20,2026,1,#NE
15940,15940,9,27,20,2026,1,#NE
15941,15941,9,27,3,2026,1,#NE
15942,15942,9,27,21,2026,1,#NE
15943,15943,9,27,21,2026,1,#NE
15944,15944,9,27,21,2026,1,#NE
15945,15945,9,27,21,2026,1,#NE
15946,15946,9,27,21,2026,1,#NE
15947,15947,9,27,21,2026,1,#NE
15948,15948,9,27,21,2026,1,#NE
15949,15949,9,27,3,2026,1,#NE
15950,15950,9,27,21,2026,1,#NE
15951,15951,9,27,3,2026,1,#NE
15952,15952,9,27,21,2026,1,#NE
15953,15953,9,27,3,2026,1,#NE
15954,15954,9,27,21,2026,1,#NE
15955,15955,9,27,21,2026,1,#NE
15956,15956,9,27,3,2026,1,#NE
15957,15957,9,27,21,2026,1,#NE
15958,15958,9,27,3,2026,1,#NE
15959,15959,9,27,21,2026,1,#NE
15960,15960,9,27,14,2026,1,#NE
15961,15961,9,27,14,2026,1,#NE
15962,15962,9,27,14,2026,1,#NE
15963,15963,9,27,14,2026,1,#NE
15964,15964,9,27,14,2026,1,#NE
15965,15965,9,27,14,2026,1,#NE
15966,15966,9,27,14,2026,1,#NE
15967,15967,9,27,14,2026,1,#NE
15968,15968,9,27,14,2026,1,#NE
15969,15969,9,27,14,2026,1,#NE
15970,15970,9,27,14,2026,1,#NE
15971,15971,9,27,14,2026,1,#NE
15972,15972,9,27,19,2026,1,#NE
15973,15973,9,27,19,2026,1,#NE
15974,15974,9,27,19,2026,1,#NE
15975,15975,9,27,19,2026,1,#NE
15976,15976,9,27,19,2026,1,#NE
15977,15977,9,27,19,2026,1,#NE
15978,15978,9,27,19,2026,1,#NE
15979,15979,9,27,19,2026,1,#NE
15980,15980,9,27,19,2026,1,#NE
15981,15981,9,27,19,2026,1,#NE
15982,15982,9,27,19,2026,1,#NE
15983,15983,9,27,19,2026,1,#NE
15984,15984,9,27,19,2026,1,#NE
15985,15985,9,27,19,2026,1,#NE
15986,15986,8,5,17,2026,1,#NE
15987,15987,8,5,27,2026,1,#NE
15988,15988,8,5,16,2026,1,#NE
15989,15989,8,5,29,2026,1,#NE
15990,15990,8,5,4,2026,1,#NE
15991,15991,8,27,9,2026,1,#NE
15992,15992,8,27,9,2026,1,#NE
15993,15993,8,27,9,2026,1,#NE
15994,15994,8,27,9,2026,1,#NE
15995,15995,8,27,9,2026,1,#NE
15996,15996,8,27,9,2026,1,#NE
15997,15997,8,27,9,2026,1,#NE
15998,15998,8,27,9,2026,1,#NE
15999,15999,8,27,9,2026,1,#NE
16000,16000,8,27,5,2026,1,#NE
16001,16001,8,22,22,2026,1,#NE
16002,16002,9,10,9,2026,1,#NE
16003,16003,8,27,5,2026,1,#NE
16004,16004,8,27,5,2026,1,#NE
16005,16005,8,27,5,2026,1,#NE
16006,16006,8,27,21,2026,1,#NE
16007,16007,8,27,3,2026,1,#NE
16008,16008,8,27,21,2026,1,#NE
16009,16009,8,27,21,2026,1,#NE
16010,16010,8,27,3,2026,1,#NE
16011,16011,8,27,21,2026,1,#NE
16012,16012,8,27,21,2026,1,#NE
16013,16013,8,27,21,2026,1,#NE
16014,16014,8,27,21,2026,1,#NE
16015,16015,8,27,21,2026,1,#NE
16016,16016,8,27,21,2026,1,#NE
16017,16017,8,27,21,2026,1,#NE
16018,16018,8,27,21,2026,1,#NE
16019,16019,8,27,21,2026,1,#NE
16020,16020,8,27,13,2026,1,#NE
16021,16021,8,27,13,2026,1,#NE
16022,16022,8,27,13,2026,1,#NE
16023,16023,8,27,13,2026,1,#NE
16024,16024,8,27,13,2026,1,#NE
16025,16025,8,27,13,2026,1,#NE
16026,16026,8,27,24,2026,1,#NE
16027,16027,8,27,24,2026,1,#NE
16028,16028,8,27,24,2026,1,#NE
16029,16029,8,27,24,2026,1,#NE
16030,16030,8,27,25,2026,1,#NE
16031,16031,8,27,24,2026,1,#NE
16032,16032,8,27,24,2026,1,#NE
16033,16033,8,27,24,2026,1,#NE
16034,16034,8,27,19,2026,1,#NE
16035,16035,8,27,19,2026,1,#NE
16036,16036,8,27,19,2026,1,#NE
16037,16037,8,27,19,2026,1,#NE
16038,16038,8,27,19,2026,1,#NE
16039,16039,8,27,19,2026,1,#NE
16040,16040,8,27,19,2026,1,#NE
16041,16041,8,27,19,2026,1,#NE
16042,16042,8,27,19,2026,1,#NE
16043,16043,8,27,19,2026,1,#NE
16044,16044,8,27,19,2026,1,#NE
16045,16045,8,27,19,2026,1,#NE
16046,16046,8,27,30,2026,1,#NE
16047,16047,8,27,6,2026,1,#NE
16048,16048,8,27,6,2026,1,#NE
16049,16049,8,27,6,2026,1,#NE
16050,16050,8,27,6,2026,1,#NE
16051,16051,8,27,6,2026,1,#NE
16052,16052,8,27,6,2026,1,#NE
16053,16053,8,27,6,2026,1,#NE
16054,16054,8,27,27,2026,1,#NE
16055,16055,8,27,27,2026,1,#NE
16056,16056,8,27,27,2026,1,#NE
16057,16057,8,27,27,2026,1,#NE
16058,16058,8,27,26,2026,1,#NE
16059,16059,8,27,22,2026,1,#NE
16060,16060,8,27,22,2026,1,#NE
16061,16061,8,27,22,2026,1,#NE
16062,16062,8,27,22,2026,1,#NE
16063,16063,8,27,22,2026,1,#NE
16064,16064,8,27,7,2026,1,#NE
16065,16065,8,12,20,2026,1,#NE
16066,16066,8,12,21,2026,1,#NE
16067,16067,5,8,23,2026,1,#NE
16068,16068,5,17,20,2026,1,#NE
16069,16069,5,17,16,2026,1,#NE
16070,16070,8,27,7,2026,1,#NE
16071,16071,5,17,9,2026,1,#NE
16072,16072,5,17,26,2026,1,#NE
16073,16073,3,8,21,2026,1,#NE
16074,16074,3,8,9,2026,1,#NE
16075,16075,8,27,7,2026,1,#NE
16076,16076,5,26,4,2026,1,#NE
16077,16077,5,26,6,2026,1,#NE
16078,16078,5,26,29,2026,1,#NE
16079,16079,8,27,7,2026,1,#NE
16080,16080,8,27,2,2026,1,#NE
16081,16081,8,10,21,2026,1,#NE
16082,16082,8,27,2,2026,1,#NE
16083,16083,8,27,2,2026,1,#NE
16084,16084,8,27,2,2026,1,#NE
16085,16085,8,25,22,2026,1,#NE
16086,16086,8,25,22,2026,1,#NE
16087,16087,8,27,2,2026,1,#NE
16088,16088,8,27,2,2026,1,#NE
16089,16089,8,27,2,2026,1,#NE
16090,16090,8,27,2,2026,1,#NE
16091,16091,8,27,2,2026,1,#NE
16092,16092,9,10,20,2026,1,#NE
16093,16093,3,13,1,2026,1,#NE
16094,16094,8,27,2,2026,1,#NE
16095,16095,8,27,2,2026,1,#NE
16096,16096,8,10,6,2026,1,#NE
16097,16097,8,27,2,2026,1,#NE
16098,16098,8,27,2,2026,1,#NE
16099,16099,8,25,15,2026,1,#NE
16100,16100,8,25,15,2026,1,#NE
16101,16101,8,25,15,2026,1,#NE
16102,16102,8,25,15,2026,1,#NE
16103,16103,8,20,7,2026,1,#NE
16104,16104,8,20,8,2026,1,#NE
16105,16105,8,20,8,2026,1,#NE
16106,16106,5,25,24,2026,1,#NE
16107,16107,8,27,15,2026,1,#NE
16108,16108,8,3,27,2026,1,#NE
16109,16109,8,10,6,2026,1,#NE
16110,16110,8,27,15,2026,1,#NE
16111,16111,8,10,6,2026,1,#NE
16112,16112,8,27,15,2026,1,#NE
16113,16113,8,27,15,2026,1,#NE
16114,16114,8,25,15,2026,1,#NE
16115,16115,8,25,4,2026,1,#NE
16116,16116,8,27,4,2026,1,#NE
16117,16117,8,20,8,2026,1,#NE
16118,16118,8,20,8,2026,1,#NE
16119,16119,8,20,8,2026,1,#NE
16120,16120,8,20,8,2026,1,#NE
16121,16121,8,27,15,2026,1,#NE
16122,16122,8,27,15,2026,1,#NE
16123,16123,8,27,4,2026,1,#NE
16124,16124,8,3,27,2026,1,#NE
16125,16125,8,3,7,2026,1,#NE
16126,16126,8,27,4,2026,1,#NE
16127,16127,8,27,4,2026,1,#NE
16128,16128,8,10,15,2026,1,#NE
16129,16129,8,10,15,2026,1,#NE
16130,16130,8,27,4,2026,1,#NE
16131,16131,8,27,4,2026,1,#NE
16132,16132,8,27,4,2026,1,#NE
16133,16133,8,27,4,2026,1,#NE
16134,16134,8,27,4,2026,1,#NE
16135,16135,8,27,20,2026,1,#NE
16136,16136,8,27,17,2026,1,#NE
16137,16137,8,20,16,2026,1,#NE
16138,16138,8,20,29,2026,1,#NE
16139,16139,8,20,16,2026,1,#NE
16140,16140,8,27,28,2026,1,#NE
16141,16141,8,27,20,2026,1,#NE
16142,16142,8,10,15,2026,1,#NE
16143,16143,8,27,28,2026,1,#NE
16144,16144,8,27,17,2026,1,#NE
16145,16145,8,27,17,2026,1,#NE
16146,16146,8,10,29,2026,1,#NE
16147,16147,8,10,29,2026,1,#NE
16148,16148,8,27,28,2026,1,#NE
16149,16149,8,27,28,2026,1,#NE
16150,16150,8,27,17,2026,1,#NE
16151,16151,8,27,17,2026,1,#NE
16152,16152,8,20,29,2026,1,#NE
16153,16153,8,27,17,2026,1,#NE
16154,16154,8,27,17,2026,1,#NE
16155,16155,8,10,19,2026,1,#NE
16156,16156,8,27,28,2026,1,#NE
16157,16157,8,10,19,2026,1,#NE
16158,16158,8,10,14,2026,1,#NE
16159,16159,8,27,20,2026,1,#NE
16160,16160,8,27,20,2026,1,#NE
16161,16161,8,27,20,2026,1,#NE
16162,16162,8,10,14,2026,1,#NE
16163,16163,8,20,4,2026,1,#NE
16164,16164,8,20,4,2026,1,#NE
16165,16165,8,20,4,2026,1,#NE
16166,16166,8,27,20,2026,1,#NE
16167,16167,8,27,20,2026,1,#NE
16168,16168,8,27,14,2026,1,#NE
16169,16169,8,27,14,2026,1,#NE
16170,16170,8,27,14,2026,1,#NE
16171,16171,8,3,13,2026,1,#NE
16172,16172,8,3,4,2026,1,#NE
16173,16173,8,10,14,2026,1,#NE
16174,16174,8,25,28,2026,1,#NE
16175,16175,8,25,9,2026,1,#NE
16176,16176,8,20,4,2026,1,#NE
16177,16177,8,20,14,2026,1,#NE
16178,16178,8,20,14,2026,1,#NE
16179,16179,8,20,14,2026,1,#NE
16180,16180,8,3,2,2026,1,#NE
16181,16181,8,10,24,2026,1,#NE
16182,16182,8,25,9,2026,1,#NE
16183,16183,8,25,9,2026,1,#NE
16184,16184,8,20,14,2026,1,#NE
16185,16185,8,20,14,2026,1,#NE
16186,16186,8,10,13,2026,1,#NE
16187,16187,8,10,13,2026,1,#NE
16188,16188,8,10,9,2026,1,#NE
16189,16189,8,27,14,2026,1,#NE
16190,16190,8,27,14,2026,1,#NE
16191,16191,8,20,14,2026,1,#NE
16192,16192,8,3,9,2026,1,#NE
16193,16193,8,27,14,2026,1,#NE
16194,16194,8,27,14,2026,1,#NE
16195,16195,8,3,20,2026,1,#NE
16196,16196,8,10,9,2026,1,#NE
16197,16197,8,10,9,2026,1,#NE
16198,16198,8,27,14,2026,1,#NE
16199,16199,8,27,14,2026,1,#NE
16200,16200,8,27,14,2026,1,#NE
16201,16201,8,27,1,2026,1,#NE
16202,16202,8,27,1,2026,1,#NE
16203,16203,8,25,24,2026,1,#NE
16204,16204,8,25,24,2026,1,#NE
16205,16205,8,20,22,2026,1,#NE
16206,16206,8,27,1,2026,1,#NE
16207,16207,8,27,1,2026,1,#NE
16208,16208,8,20,22,2026,1,#NE
16209,16209,8,20,22,2026,1,#NE
16210,16210,8,27,1,2026,1,#NE
16211,16211,8,27,1,2026,1,#NE
16212,16212,8,27,1,2026,1,#NE
16213,16213,8,10,17,2026,1,#NE
16214,16214,8,10,17,2026,1,#NE
16215,16215,8,10,17,2026,1,#NE
16216,16216,8,27,1,2026,1,#NE
16217,16217,8,10,17,2026,1,#NE
16218,16218,8,10,28,2026,1,#NE
16219,16219,8,25,14,2026,1,#NE
16220,16220,8,27,1,2026,1,#NE
16221,16221,8,27,1,2026,1,#NE
16222,16222,8,25,14,2026,1,#NE
16223,16223,8,20,22,2026,1,#NE
16224,16224,8,27,12,2026,1,#NE
16225,16225,8,27,12,2026,1,#NE
16226,16226,8,27,16,2026,1,#NE
16227,16227,8,27,29,2026,1,#NE
16228,16228,8,3,28,2026,1,#NE
16229,16229,8,3,22,2026,1,#NE
16230,16230,8,27,29,2026,1,#NE
16231,16231,8,27,16,2026,1,#NE
16232,16232,8,27,29,2026,1,#NE
16233,16233,8,10,17,2026,1,#NE
16234,16234,8,10,7,2026,1,#NE
16235,16235,8,27,16,2026,1,#NE
16236,16236,8,10,7,2026,1,#NE
16237,16237,8,27,16,2026,1,#NE
16238,16238,8,10,4,2026,1,#NE
16239,16239,8,10,4,2026,1,#NE
16240,16240,8,27,29,2026,1,#NE
16241,16241,8,27,16,2026,1,#NE
16242,16242,8,20,21,2026,1,#NE
16243,16243,9,5,21,2026,1,#NE
16244,16244,9,5,21,2026,1,#NE
16245,16245,9,5,29,2026,1,#NE
16246,16246,9,22,8,2026,1,#NE
16247,16247,8,10,22,2026,1,#NE
16248,16248,9,10,22,2026,1,#NE
16249,16249,9,10,22,2026,1,#NE
16250,16250,8,12,26,2026,1,#NE
16251,16251,8,12,7,2026,1,#NE
16252,16252,8,10,26,2026,1,#NE
16253,16253,9,22,14,2026,1,#NE
16254,16254,8,7,27,2026,1,#NE
16255,16255,8,7,27,2026,1,#NE
16256,16256,8,20,12,2026,1,#NE
16257,16257,9,18,24,2026,1,#NE
16258,16258,9,18,20,2026,1,#NE
16259,16259,8,10,27,2026,1,#NE
16260,16260,8,7,17,2026,1,#NE
16261,16261,8,25,2,2026,1,#NE
16262,16262,8,25,2,2026,1,#NE
16263,16263,8,25,2,2026,1,#NE
16264,16264,8,20,6,2026,1,#NE
16265,16265,9,12,13,2026,1,#NE
16266,16266,8,14,1,2026,1,#NE
16267,16267,8,20,6,2026,1,#NE
16268,16268,8,14,21,2026,1,#NE
16269,16269,9,13,27,2026,1,#NE
16270,16270,8,3,6,2026,1,#NE
16271,16271,9,13,12,2026,1,#NE
16272,16272,9,23,6,2026,1,#NE
16273,16273,9,23,4,2026,1,#NE
16274,16274,9,23,21,2026,1,#NE
16275,16275,9,23,27,2026,1,#NE
16276,16276,9,12,15,2026,1,#NE
16277,16277,8,1,1,2026,1,#NE
16278,16278,8,3,15,2026,1,#NE
16279,16279,8,12,19,2026,1,#NE
16280,16280,8,12,19,2026,1,#NE
16281,16281,8,12,19,2026,1,#NE
16282,16282,8,15,9,2026,1,#NE
16283,16283,9,25,20,2026,1,#NE
16284,16284,8,26,9,2026,1,#NE
16285,16285,8,26,9,2026,1,#NE
16286,16286,8,26,24,2026,1,#NE
16287,16287,9,15,28,2026,1,#NE
16288,16288,9,15,28,2026,1,#NE
16289,16289,9,23,13,2026,1,#NE
16290,16290,8,13,26,2026,1,#NE
16291,16291,9,14,15,2026,1,#NE
16292,16292,8,15,20,2026,1,#NE
16293,16293,8,16,2,2026,1,#NE
16294,16294,8,25,7,2026,1,#NE
16295,16295,8,25,27,2026,1,#NE
16296,16296,8,16,25,2026,1,#NE
16297,16297,9,15,15,2026,1,#NE
16298,16298,8,12,19,2026,1,#NE
16299,16299,8,18,4,2026,1,#NE
16300,16300,8,24,3,2026,1,#NE
16301,16301,8,12,19,2026,1,#NE
16302,16302,8,12,19,2026,1,#NE
16303,16303,8,26,25,2026,1,#NE
16304,16304,9,20,30,2026,1,#NE
16305,16305,9,26,2,2026,1,#NE
16306,16306,9,14,6,2026,1,#NE
16307,16307,9,14,26,2026,1,#NE
16308,16308,9,24,9,2026,1,#NE
16309,16309,8,25,6,2026,1,#NE
16310,16310,8,25,6,2026,1,#NE
16311,16311,8,25,6,2026,1,#NE
16312,16312,8,11,14,2026,1,#NE
16313,16313,3,27,27,2026,1,#NE
16314,16314,8,20,5,2026,1,#NE
16315,16315,8,26,27,2026,1,#NE
16316,16316,9,16,19,2026,1,#NE
16317,16317,9,28,15,2026,1,#NE
16318,16318,8,26,13,2026,1,#NE
16319,16319,8,26,13,2026,1,#NE
16320,16320,8,20,5,2026,1,#NE
16321,16321,8,20,15,2026,1,#NE
16322,16322,8,26,15,2026,1,#NE
16323,16323,8,8,5,2026,1,#NE
16324,16324,8,20,15,2026,1,#NE
16325,16325,8,20,15,2026,1,#NE
16326,16326,8,19,5,2026,1,#NE
16327,16327,8,26,2,2026,1,#NE
16328,16328,8,26,2,2026,1,#NE
16329,16329,8,25,6,2026,1,#NE
16330,16330,9,11,27,2026,1,#NE
16331,16331,9,11,14,2026,1,#NE
16332,16332,9,11,22,2026,1,#NE
16333,16333,9,19,22,2026,1,#NE
16334,16334,9,19,16,2026,1,#NE
16335,16335,8,20,15,2026,1,#NE
16336,16336,8,20,15,2026,1,#NE
16337,16337,9,19,24,2026,1,#NE
16338,16338,8,19,20,2026,1,#NE
16339,16339,8,12,19,2026,1,#NE
16340,16340,9,11,24,2026,1,#NE
16341,16341,9,11,2,2026,1,#NE
16342,16342,8,26,6,2026,1,#NE
16343,16343,8,26,6,2026,1,#NE
16344,16344,6,1,24,2026,1,#NE
16345,16345,8,28,15,2026,1,#NE
16346,16346,8,25,29,2026,1,#NE
16347,16347,7,2,6,2026,1,#NE
16348,16348,7,2,6,2026,1,#NE
16349,16349,7,27,16,2026,1,#NE
16350,16350,7,27,1,2026,1,#NE
16351,16351,7,27,12,2026,1,#NE
16352,16352,7,27,13,2026,1,#NE
16353,16353,4,26,3,2026,1,#NE
16354,16354,8,26,21,2026,1,#NE
16355,16355,8,26,21,2026,1,#NE
16356,16356,8,25,20,2026,1,#NE
16357,16357,8,25,20,2026,1,#NE
16358,16358,6,27,30,2026,1,#NE
16359,16359,8,25,20,2026,1,#NE
16360,16360,8,20,27,2026,1,#NE
16361,16361,8,20,27,2026,1,#NE
16362,16362,4,21,12,2026,1,#NE
16363,16363,6,16,20,2026,1,#NE
16364,16364,8,9,14,2026,1,#NE
16365,16365,8,12,6,2026,1,#NE
16366,16366,6,18,2,2026,1,#NE
16367,16367,6,13,4,2026,1,#NE
16368,16368,7,20,15,2026,1,#NE
16369,16369,7,12,13,2026,1,#NE
16370,16370,4,18,2,2026,1,#NE
16371,16371,5,11,16,2026,1,#NE
16372,16372,9,5,22,2026,1,#NE
16373,16373,9,5,22,2026,1,#NE
16374,16374,8,20,27,2026,1,#NE
16375,16375,8,12,6,2026,1,#NE
16376,16376,8,5,28,2026,1,#NE
16377,16377,8,5,17,2026,1,#NE
16378,16378,8,5,28,2026,1,#NE
16379,16379,8,20,9,2026,1,#NE
16380,16380,8,20,9,2026,1,#NE
16381,16381,8,5,28,2026,1,#NE
16382,16382,8,5,28,2026,1,#NE
16383,16383,8,5,28,2026,1,#NE
16384,16384,8,5,15,2026,1,#NE
16385,16385,9,5,22,2026,1,#NE
16386,16386,8,20,9,2026,1,#NE
16387,16387,8,20,28,2026,1,#NE
16388,16388,9,20,14,2026,1,#NE
16389,16389,9,20,14,2026,1,#NE
16390,16390,9,20,5,2026,1,#NE
16391,16391,9,20,9,2026,1,#NE
16392,16392,9,5,8,2026,1,#NE
16393,16393,9,2,17,2026,1,#NE
16394,16394,8,20,28,2026,1,#NE
16395,16395,8,20,28,2026,1,#NE
16396,16396,8,20,28,2026,1,#NE
16397,16397,8,12,8,2026,1,#NE
16398,16398,9,2,17,2026,1,#NE
16399,16399,9,9,5,2026,1,#NE
16400,16400,8,12,8,2026,1,#NE
16401,16401,8,12,9,2026,1,#NE
16402,16402,8,17,2,2026,1,#NE
16403,16403,8,17,29,2026,1,#NE
16404,16404,9,4,27,2026,1,#NE
16405,16405,9,4,27,2026,1,#NE
16406,16406,9,4,27,2026,1,#NE
16407,16407,9,5,8,2026,1,#NE
16408,16408,9,5,8,2026,1,#NE
16409,16409,8,2,17,2026,1,#NE
16410,16410,8,20,28,2026,1,#NE
16411,16411,8,20,28,2026,1,#NE
16412,16412,8,20,28,2026,1,#NE
16413,16413,8,20,28,2026,1,#NE
16414,16414,9,7,23,2026,1,#NE
16415,16415,9,7,9,2026,1,#NE
16416,16416,8,12,9,2026,1,#NE
16417,16417,8,5,22,2026,1,#NE
16418,16418,9,7,19,2026,1,#NE
16419,16419,9,7,17,2026,1,#NE
16420,16420,3,17,5,2026,1,#NE
16421,16421,9,1,6,2026,1,#NE
16422,16422,9,1,9,2026,1,#NE
16423,16423,8,5,27,2026,1,#NE
16424,16424,9,1,14,2026,1,#NE
16425,16425,9,5,8,2026,1,#NE
16426,16426,8,20,17,2026,1,#NE
16427,16427,9,17,25,2026,1,#NE
16428,16428,9,17,5,2026,1,#NE
16429,16429,9,17,19,2026,1,#NE
16430,16430,9,17,20,2026,1,#NE
16431,16431,9,17,2,2026,1,#NE
16432,16432,8,20,17,2026,1,#NE
16433,16433,8,20,20,2026,1,#NE
16434,16434,8,5,22,2026,1,#NE
16435,16435,8,5,22,2026,1,#NE
16436,16436,8,20,20,2026,1,#NE
16437,16437,6,21,4,2026,1,#NE
16438,16438,8,5,22,2026,1,#NE
16439,16439,7,8,1,2026,1,#NE
16440,16440,8,5,27,2026,1,#NE
16441,16441,8,20,20,2026,1,#NE
16442,16442,8,20,20,2026,1,#NE
16443,16443,8,5,2,2026,1,#NE
16444,16444,8,5,2,2026,1,#NE
16445,16445,8,5,2,2026,1,#NE
16446,16446,8,5,2,2026,1,#NE
16447,16447,8,20,13,2026,1,#NE
16448,16448,8,20,13,2026,1,#NE
16449,16449,8,5,2,2026,1,#NE
16450,16450,8,20,13,2026,1,#NE
16451,16451,8,20,13,2026,1,#NE
16452,16452,8,12,9,2026,1,#NE
16453,16453,8,12,9,2026,1,#NE
16454,16454,8,20,13,2026,1,#NE
16455,16455,8,12,9,2026,1,#NE
16456,16456,8,12,9,2026,1,#NE
16457,16457,8,5,6,2026,1,#NE
16458,16458,8,5,6,2026,1,#NE
16459,16459,9,5,4,2026,1,#NE
16460,16460,8,20,24,2026,1,#NE
16461,16461,8,20,24,2026,1,#NE
16462,16462,8,20,24,2026,1,#NE
16463,16463,8,12,20,2026,1,#NE
16464,16464,8,12,20,2026,1,#NE
16465,16465,8,12,20,2026,1,#NE
16466,16466,8,5,14,2026,1,#NE
16467,16467,9,5,4,2026,1,#NE
16468,16468,8,20,24,2026,1,#NE
16469,16469,8,20,24,2026,1,#NE
16470,16470,8,20,11,2026,1,#NE
16471,16471,8,20,24,2026,1,#NE
16472,16472,8,12,20,2026,1,#NE
16473,16473,8,12,20,2026,1,#NE
16474,16474,9,5,21,2026,1,#NE
16475,16475,9,5,21,2026,1,#NE
16476,16476,8,20,24,2026,1,#NE
16477,16477,8,20,24,2026,1,#NE
16478,16478,8,20,24,2026,1,#NE
16479,16479,8,20,24,2026,1,#NE
16480,16480,8,12,2,2026,1,#NE
16481,16481,8,5,14,2026,1,#NE
16482,16482,8,5,1,2026,1,#NE
16483,16483,8,20,2,2026,1,#NE
16484,16484,8,5,13,2026,1,#NE
16485,16485,8,5,13,2026,1,#NE
16486,16486,8,20,2,2026,1,#NE
16487,16487,8,20,2,2026,1,#NE
16488,16488,8,5,13,2026,1,#NE
16489,16489,8,5,13,2026,1,#NE
16490,16490,8,5,13,2026,1,#NE
16491,16491,8,5,13,2026,1,#NE
16492,16492,9,5,21,2026,1,#NE
16493,16493,9,5,21,2026,1,#NE
16494,16494,8,12,2,2026,1,#NE
16495,16495,8,5,20,2026,1,#NE
16496,16496,8,5,7,2026,1,#NE
16497,16497,9,5,21,2026,1,#NE
16498,16498,8,20,19,2026,1,#NE
16499,16499,8,12,2,2026,1,#NE
16500,16500,8,12,2,2026,1,#NE
16501,16501,8,5,7,2026,1,#NE
16502,16502,8,5,7,2026,1,#NE
16503,16503,8,5,7,2026,1,#NE
16504,16504,9,5,21,2026,1,#NE
16505,16505,9,5,2,2026,1,#NE
16506,16506,8,22,9,2026,1,#NE
16507,16507,8,22,9,2026,1,#NE
16508,16508,8,22,27,2026,1,#NE
16509,16509,8,5,19,2026,1,#NE
16510,16510,8,5,19,2026,1,#NE
16511,16511,8,5,19,2026,1,#NE
16512,16512,9,5,2,2026,1,#NE
16513,16513,8,22,27,2026,1,#NE
16514,16514,8,22,27,2026,1,#NE
16515,16515,8,22,17,2026,1,#NE
16516,16516,8,12,13,2026,1,#NE
16517,16517,8,5,16,2026,1,#NE
16518,16518,8,5,29,2026,1,#NE
16519,16519,8,5,29,2026,1,#NE
16520,16520,8,5,29,2026,1,#NE
16521,16521,9,5,2,2026,1,#NE
16522,16522,9,5,2,2026,1,#NE
16523,16523,8,22,6,2026,1,#NE
16524,16524,8,22,15,2026,1,#NE
16525,16525,8,5,29,2026,1,#NE
16526,16526,8,5,29,2026,1,#NE
16527,16527,9,5,24,2026,1,#NE
16528,16528,8,5,9,2026,1,#NE
16529,16529,8,5,9,2026,1,#NE
16530,16530,8,22,4,2026,1,#NE
16531,16531,8,22,4,2026,1,#NE
16532,16532,8,5,9,2026,1,#NE
16533,16533,8,5,9,2026,1,#NE
16534,16534,8,22,14,2026,1,#NE
16535,16535,8,22,7,2026,1,#NE
16536,16536,8,5,9,2026,1,#NE
16537,16537,8,22,25,2026,1,#NE
16538,16538,8,22,2,2026,1,#NE
16539,16539,8,5,4,2026,1,#NE
16540,16540,8,5,24,2026,1,#NE
16541,16541,8,5,25,2026,1,#NE
16542,16542,8,5,24,2026,1,#NE
16543,16543,8,22,29,2026,1,#NE
16544,16544,8,5,24,2026,1,#NE
16545,16545,8,5,24,2026,1,#NE
16546,16546,8,5,24,2026,1,#NE
16547,16547,9,10,21,2026,1,#NE
16548,16548,9,10,21,2026,1,#NE
16549,16549,9,10,21,2026,1,#NE
16550,16550,9,10,21,2026,1,#NE
16551,16551,9,10,21,2026,1,#NE
16552,16552,9,10,21,2026,1,#NE
16553,16553,9,10,21,2026,1,#NE
16554,16554,8,5,21,2026,1,#NE
16555,16555,9,10,9,2026,1,#NE
16556,16556,9,10,9,2026,1,#NE
16557,16557,9,10,9,2026,1,#NE
16558,16558,9,10,9,2026,1,#NE
16559,16559,8,12,13,2026,1,#NE
16560,16560,8,12,13,2026,1,#NE
16561,16561,8,12,17,2026,1,#NE
16562,16562,8,12,17,2026,1,#NE
16563,16563,9,5,25,2026,1,#NE
16564,16564,9,5,25,2026,1,#NE
16565,16565,9,5,24,2026,1,#NE
16566,16566,9,10,9,2026,1,#NE
16567,16567,9,10,8,2026,1,#NE
16568,16568,9,10,8,2026,1,#NE
16569,16569,8,12,17,2026,1,#NE
16570,16570,8,12,28,2026,1,#NE
16571,16571,9,5,24,2026,1,#NE
16572,16572,9,10,8,2026,1,#NE
16573,16573,9,10,8,2026,1,#NE
16574,16574,9,10,20,2026,1,#NE
16575,16575,8,12,17,2026,1,#NE
16576,16576,9,5,11,2026,1,#NE
16577,16577,9,5,27,2026,1,#NE
16578,16578,9,5,27,2026,1,#NE
16579,16579,9,5,27,2026,1,#NE
16580,16580,8,12,14,2026,1,#NE
16581,16581,8,12,14,2026,1,#NE
16582,16582,8,12,14,2026,1,#NE
16583,16583,8,12,14,2026,1,#NE
16584,16584,8,12,14,2026,1,#NE
16585,16585,9,10,29,2026,1,#NE
16586,16586,9,10,29,2026,1,#NE
16587,16587,9,10,29,2026,1,#NE
16588,16588,9,10,5,2026,1,#NE
16589,16589,8,12,14,2026,1,#NE
16590,16590,9,5,27,2026,1,#NE
16591,16591,9,10,5,2026,1,#NE
16592,16592,9,5,27,2026,1,#NE
16593,16593,9,10,1,2026,1,#NE
16594,16594,8,12,21,2026,1,#NE
16595,16595,9,5,27,2026,1,#NE
16596,16596,9,5,27,2026,1,#NE
16597,16597,9,10,1,2026,1,#NE
16598,16598,9,10,1,2026,1,#NE
16599,16599,8,12,21,2026,1,#NE
16600,16600,9,5,20,2026,1,#NE
16601,16601,9,10,1,2026,1,#NE
16602,16602,9,10,4,2026,1,#NE
16603,16603,9,10,4,2026,1,#NE
16604,16604,9,10,4,2026,1,#NE
16605,16605,8,12,21,2026,1,#NE
16606,16606,9,5,6,2026,1,#NE
16607,16607,9,10,4,2026,1,#NE
16608,16608,9,10,4,2026,1,#NE
16609,16609,9,10,4,2026,1,#NE
16610,16610,9,10,4,2026,1,#NE
16611,16611,8,12,15,2026,1,#NE
16612,16612,8,12,15,2026,1,#NE
16613,16613,9,5,6,2026,1,#NE
16614,16614,9,5,6,2026,1,#NE
16615,16615,9,5,6,2026,1,#NE
16616,16616,9,5,6,2026,1,#NE
16617,16617,9,10,24,2026,1,#NE
16618,16618,8,12,15,2026,1,#NE
16619,16619,8,12,15,2026,1,#NE
16620,16620,9,10,24,2026,1,#NE
16621,16621,8,12,15,2026,1,#NE
16622,16622,9,5,6,2026,1,#NE
16623,16623,9,10,25,2026,1,#NE
16624,16624,9,10,24,2026,1,#NE
16625,16625,9,10,24,2026,1,#NE
16626,16626,9,10,24,2026,1,#NE
16627,16627,9,10,24,2026,1,#NE
16628,16628,8,12,22,2026,1,#NE
16629,16629,9,5,13,2026,1,#NE
16630,16630,9,10,6,2026,1,#NE
16631,16631,9,10,6,2026,1,#NE
16632,16632,9,10,6,2026,1,#NE
16633,16633,8,12,22,2026,1,#NE
16634,16634,8,12,22,2026,1,#NE
16635,16635,8,12,26,2026,1,#NE
16636,16636,9,5,13,2026,1,#NE
16637,16637,9,5,13,2026,1,#NE
16638,16638,9,10,27,2026,1,#NE
16639,16639,9,5,13,2026,1,#NE
16640,16640,9,5,13,2026,1,#NE
16641,16641,8,12,24,2026,1,#NE
16642,16642,9,10,14,2026,1,#NE
16643,16643,8,12,25,2026,1,#NE
16644,16644,8,12,25,2026,1,#NE
16645,16645,8,5,21,2026,1,#NE
16646,16646,9,22,2,2026,1,#NE
16647,16647,9,5,16,2026,1,#NE
16648,16648,9,5,29,2026,1,#NE
16649,16649,9,10,14,2026,1,#NE
16650,16650,9,10,14,2026,1,#NE
16651,16651,9,10,17,2026,1,#NE
16652,16652,8,12,25,2026,1,#NE
16653,16653,8,12,7,2026,1,#NE
16654,16654,8,12,7,2026,1,#NE
16655,16655,8,12,7,2026,1,#NE
16656,16656,9,5,29,2026,1,#NE
16657,16657,9,5,29,2026,1,#NE
16658,16658,9,5,29,2026,1,#NE
16659,16659,9,5,29,2026,1,#NE
16660,16660,9,10,17,2026,1,#NE
16661,16661,8,12,7,2026,1,#NE
16662,16662,8,12,7,2026,1,#NE
16663,16663,8,12,7,2026,1,#NE
16664,16664,8,12,29,2026,1,#NE
16665,16665,9,22,9,2026,1,#NE
16666,16666,9,22,9,2026,1,#NE
16667,16667,9,5,29,2026,1,#NE
16668,16668,9,10,17,2026,1,#NE
16669,16669,9,22,9,2026,1,#NE
16670,16670,9,22,22,2026,1,#NE
16671,16671,9,10,17,2026,1,#NE
16672,16672,9,22,22,2026,1,#NE
16673,16673,9,22,6,2026,1,#NE
16674,16674,9,10,14,2026,1,#NE
16675,16675,9,10,26,2026,1,#NE
16676,16676,9,10,26,2026,1,#NE
16677,16677,9,22,6,2026,1,#NE
16678,16678,9,22,6,2026,1,#NE
16679,16679,9,10,22,2026,1,#NE
16680,16680,9,22,17,2026,1,#NE
16681,16681,9,22,17,2026,1,#NE
16682,16682,9,22,17,2026,1,#NE
16683,16683,9,10,26,2026,1,#NE
16684,16684,9,10,15,2026,1,#NE
16685,16685,9,22,27,2026,1,#NE
16686,16686,9,10,15,2026,1,#NE
16687,16687,9,10,15,2026,1,#NE
16688,16688,9,22,27,2026,1,#NE
16689,16689,9,22,24,2026,1,#NE
16690,16690,9,10,15,2026,1,#NE
16691,16691,9,10,19,2026,1,#NE
16692,16692,9,10,19,2026,1,#NE
16693,16693,9,10,19,2026,1,#NE
16694,16694,9,10,19,2026,1,#NE
16695,16695,9,22,8,2026,1,#NE
16696,16696,9,22,15,2026,1,#NE
16697,16697,9,22,15,2026,1,#NE
16698,16698,9,12,25,2026,1,#NE
16699,16699,9,12,25,2026,1,#NE
16700,16700,9,12,24,2026,1,#NE
16701,16701,8,12,29,2026,1,#NE
16702,16702,8,12,29,2026,1,#NE
16703,16703,8,12,16,2026,1,#NE
16704,16704,9,22,20,2026,1,#NE
16705,16705,9,5,14,2026,1,#NE
16706,16706,9,5,14,2026,1,#NE
16707,16707,9,12,24,2026,1,#NE
16708,16708,9,12,24,2026,1,#NE
16709,16709,9,12,25,2026,1,#NE
16710,16710,8,12,29,2026,1,#NE
16711,16711,9,22,20,2026,1,#NE
16712,16712,9,22,20,2026,1,#NE
16713,16713,9,5,14,2026,1,#NE
16714,16714,9,5,14,2026,1,#NE
16715,16715,9,5,14,2026,1,#NE
16716,16716,9,5,14,2026,1,#NE
16717,16717,9,12,25,2026,1,#NE
16718,16718,9,12,24,2026,1,#NE
16719,16719,9,12,24,2026,1,#NE
16720,16720,9,5,14,2026,1,#NE
16721,16721,9,5,14,2026,1,#NE
16722,16722,9,5,14,2026,1,#NE
16723,16723,8,12,27,2026,1,#NE
16724,16724,8,12,27,2026,1,#NE
16725,16725,8,12,27,2026,1,#NE
16726,16726,8,12,27,2026,1,#NE
16727,16727,9,22,29,2026,1,#NE
16728,16728,9,22,29,2026,1,#NE
16729,16729,9,5,14,2026,1,#NE
16730,16730,9,5,14,2026,1,#NE
16731,16731,9,5,14,2026,1,#NE
16732,16732,9,18,22,2026,1,#NE
16733,16733,9,12,11,2026,1,#NE
16734,16734,9,12,24,2026,1,#NE
16735,16735,8,12,27,2026,1,#NE
16736,16736,8,12,27,2026,1,#NE
16737,16737,8,12,27,2026,1,#NE
16738,16738,8,12,27,2026,1,#NE
16739,16739,3,5,22,2026,1,#NE
16740,16740,3,21,14,2026,1,#NE
16741,16741,3,21,1,2026,1,#NE
16742,16742,9,18,6,2026,1,#NE
16743,16743,9,12,5,2026,1,#NE
16744,16744,9,12,5,2026,1,#NE
16745,16745,9,12,5,2026,1,#NE
16746,16746,9,12,5,2026,1,#NE
16747,16747,8,12,27,2026,1,#NE
16748,16748,8,12,27,2026,1,#NE
16749,16749,8,12,4,2026,1,#NE
16750,16750,8,7,22,2026,1,#NE
16751,16751,8,7,26,2026,1,#NE
16752,16752,8,7,22,2026,1,#NE
16753,16753,9,18,24,2026,1,#NE
16754,16754,9,18,24,2026,1,#NE
16755,16755,9,12,27,2026,1,#NE
16756,16756,8,12,4,2026,1,#NE
16757,16757,9,13,24,2026,1,#NE
16758,16758,8,7,27,2026,1,#NE
16759,16759,8,7,27,2026,1,#NE
16760,16760,9,18,24,2026,1,#NE
16761,16761,9,18,24,2026,1,#NE
16762,16762,9,12,27,2026,1,#NE
16763,16763,9,12,27,2026,1,#NE
16764,16764,9,12,27,2026,1,#NE
16765,16765,9,13,25,2026,1,#NE
16766,16766,9,13,24,2026,1,#NE
16767,16767,8,7,20,2026,1,#NE
16768,16768,8,7,20,2026,1,#NE
16769,16769,8,7,20,2026,1,#NE
16770,16770,8,7,20,2026,1,#NE
16771,16771,8,7,20,2026,1,#NE
16772,16772,8,7,20,2026,1,#NE
16773,16773,9,12,10,2026,1,#NE
16774,16774,9,12,27,2026,1,#NE
16775,16775,9,12,22,2026,1,#NE
16776,16776,8,7,20,2026,1,#NE
16777,16777,8,7,8,2026,1,#NE
16778,16778,9,18,24,2026,1,#NE
16779,16779,9,18,25,2026,1,#NE
16780,16780,9,12,26,2026,1,#NE
16781,16781,9,12,22,2026,1,#NE
16782,16782,9,12,22,2026,1,#NE
16783,16783,9,13,17,2026,1,#NE
16784,16784,8,7,21,2026,1,#NE
16785,16785,9,18,21,2026,1,#NE
16786,16786,9,12,26,2026,1,#NE
16787,16787,9,12,26,2026,1,#NE
16788,16788,9,13,27,2026,1,#NE
16789,16789,9,13,27,2026,1,#NE
16790,16790,8,7,21,2026,1,#NE
16791,16791,8,7,21,2026,1,#NE
16792,16792,8,7,21,2026,1,#NE
16793,16793,8,7,6,2026,1,#NE
16794,16794,9,18,14,2026,1,#NE
16795,16795,9,12,22,2026,1,#NE
16796,16796,9,12,22,2026,1,#NE
16797,16797,9,12,22,2026,1,#NE
16798,16798,9,12,14,2026,1,#NE
16799,16799,9,18,20,2026,1,#NE
16800,16800,9,18,20,2026,1,#NE
16801,16801,9,18,20,2026,1,#NE
16802,16802,9,12,14,2026,1,#NE
16803,16803,8,7,9,2026,1,#NE
16804,16804,8,7,7,2026,1,#NE
16805,16805,9,18,20,2026,1,#NE
16806,16806,9,18,16,2026,1,#NE
16807,16807,9,12,14,2026,1,#NE
16808,16808,8,7,9,2026,1,#NE
16809,16809,8,7,13,2026,1,#NE
16810,16810,9,18,16,2026,1,#NE
16811,16811,9,18,29,2026,1,#NE
16812,16812,9,12,14,2026,1,#NE
16813,16813,9,12,14,2026,1,#NE
16814,16814,9,12,14,2026,1,#NE
16815,16815,9,13,13,2026,1,#NE
16816,16816,9,13,13,2026,1,#NE
16817,16817,9,13,13,2026,1,#NE
16818,16818,9,13,2,2026,1,#NE
16819,16819,8,7,13,2026,1,#NE
16820,16820,8,7,13,2026,1,#NE
16821,16821,9,18,16,2026,1,#NE
16822,16822,3,11,7,2026,1,#NE
16823,16823,3,11,10,2026,1,#NE
16824,16824,10,8,26,2026,1,#NE
16825,16825,10,8,26,2026,1,#NE
16826,16826,10,8,22,2026,1,#NE
16827,16827,10,8,22,2026,1,#NE
16828,16828,9,13,2,2026,1,#NE
16829,16829,8,7,14,2026,1,#NE
16830,16830,8,7,14,2026,1,#NE
16831,16831,8,7,14,2026,1,#NE
16832,16832,8,7,14,2026,1,#NE
16833,16833,10,8,22,2026,1,#NE
16834,16834,10,8,22,2026,1,#NE
16835,16835,9,12,20,2026,1,#NE
16836,16836,9,13,2,2026,1,#NE
16837,16837,9,13,16,2026,1,#NE
16838,16838,9,13,29,2026,1,#NE
16839,16839,9,13,16,2026,1,#NE
16840,16840,9,13,16,2026,1,#NE
16841,16841,8,7,24,2026,1,#NE
16842,16842,8,7,24,2026,1,#NE
16843,16843,8,7,24,2026,1,#NE
16844,16844,8,7,11,2026,1,#NE
16845,16845,10,8,9,2026,1,#NE
16846,16846,10,8,9,2026,1,#NE
16847,16847,9,12,13,2026,1,#NE
16848,16848,9,12,13,2026,1,#NE
16849,16849,9,13,29,2026,1,#NE
16850,16850,9,13,16,2026,1,#NE
16851,16851,8,7,11,2026,1,#NE
16852,16852,8,7,30,2026,1,#NE
16853,16853,10,8,9,2026,1,#NE
16854,16854,10,8,9,2026,1,#NE
16855,16855,9,12,13,2026,1,#NE
16856,16856,9,12,13,2026,1,#NE
16857,16857,9,12,13,2026,1,#NE
16858,16858,9,13,21,2026,1,#NE
16859,16859,8,7,29,2026,1,#NE
16860,16860,10,8,7,2026,1,#NE
16861,16861,10,8,7,2026,1,#NE
16862,16862,10,8,7,2026,1,#NE
16863,16863,10,8,4,2026,1,#NE
16864,16864,10,8,4,2026,1,#NE
16865,16865,9,12,13,2026,1,#NE
16866,16866,9,12,13,2026,1,#NE
16867,16867,9,12,13,2026,1,#NE
16868,16868,9,13,21,2026,1,#NE
16869,16869,8,7,2,2026,1,#NE
16870,16870,10,8,4,2026,1,#NE
16871,16871,9,12,13,2026,1,#NE
16872,16872,9,12,13,2026,1,#NE
16873,16873,9,12,13,2026,1,#NE
16874,16874,9,13,21,2026,1,#NE
16875,16875,9,13,21,2026,1,#NE
16876,16876,8,14,4,2026,1,#NE
16877,16877,9,12,6,2026,1,#NE
16878,16878,9,12,6,2026,1,#NE
16879,16879,9,13,9,2026,1,#NE
16880,16880,9,13,9,2026,1,#NE
16881,16881,8,14,15,2026,1,#NE
16882,16882,8,14,15,2026,1,#NE
16883,16883,8,14,15,2026,1,#NE
16884,16884,10,8,19,2026,1,#NE
16885,16885,9,12,6,2026,1,#NE
16886,16886,9,12,6,2026,1,#NE
16887,16887,9,13,4,2026,1,#NE
16888,16888,9,13,4,2026,1,#NE
16889,16889,9,13,6,2026,1,#NE
16890,16890,8,14,7,2026,1,#NE
16891,16891,8,14,14,2026,1,#NE
16892,16892,8,14,5,2026,1,#NE
16893,16893,10,8,19,2026,1,#NE
16894,16894,10,8,19,2026,1,#NE
16895,16895,8,14,20,2026,1,#NE
16896,16896,10,8,13,2026,1,#NE
16897,16897,10,8,13,2026,1,#NE
16898,16898,9,12,16,2026,1,#NE
16899,16899,9,25,6,2026,1,#NE
16900,16900,9,25,6,2026,1,#NE
16901,16901,8,14,24,2026,1,#NE
16902,16902,9,25,6,2026,1,#NE
16903,16903,9,25,24,2026,1,#NE
16904,16904,8,14,13,2026,1,#NE
16905,16905,8,14,16,2026,1,#NE
16906,16906,8,14,29,2026,1,#NE
16907,16907,10,8,27,2026,1,#NE
16908,16908,10,8,24,2026,1,#NE
16909,16909,8,14,26,2026,1,#NE
16910,16910,8,14,22,2026,1,#NE
16911,16911,10,8,24,2026,1,#NE
16912,16912,9,25,24,2026,1,#NE
16913,16913,9,25,24,2026,1,#NE
16914,16914,9,25,16,2026,1,#NE
16915,16915,8,14,17,2026,1,#NE
16916,16916,10,8,24,2026,1,#NE
16917,16917,10,8,14,2026,1,#NE
16918,16918,10,8,14,2026,1,#NE
16919,16919,10,8,14,2026,1,#NE
16920,16920,10,8,14,2026,1,#NE
16921,16921,9,12,29,2026,1,#NE
16922,16922,9,12,19,2026,1,#NE
16923,16923,9,12,19,2026,1,#NE
16924,16924,9,25,16,2026,1,#NE
16925,16925,9,25,16,2026,1,#NE
16926,16926,8,14,27,2026,1,#NE
16927,16927,8,14,9,2026,1,#NE
16928,16928,8,14,9,2026,1,#NE
16929,16929,9,12,19,2026,1,#NE
16930,16930,9,12,19,2026,1,#NE
16931,16931,9,12,19,2026,1,#NE
16932,16932,9,25,29,2026,1,#NE
16933,16933,8,21,7,2026,1,#NE
16934,16934,10,8,21,2026,1,#NE
16935,16935,9,12,19,2026,1,#NE
16936,16936,9,25,29,2026,1,#NE
16937,16937,10,8,20,2026,1,#NE
16938,16938,10,8,20,2026,1,#NE
16939,16939,10,8,20,2026,1,#NE
16940,16940,10,8,20,2026,1,#NE
16941,16941,9,12,19,2026,1,#NE
16942,16942,9,12,19,2026,1,#NE
16943,16943,9,12,19,2026,1,#NE
16944,16944,9,25,13,2026,1,#NE
16945,16945,8,21,19,2026,1,#NE
16946,16946,8,21,21,2026,1,#NE
16947,16947,10,8,15,2026,1,#NE
16948,16948,9,12,19,2026,1,#NE
16949,16949,9,12,19,2026,1,#NE
16950,16950,8,21,29,2026,1,#NE
16951,16951,8,21,29,2026,1,#NE
16952,16952,8,21,17,2026,1,#NE
16953,16953,9,12,17,2026,1,#NE
16954,16954,9,12,17,2026,1,#NE
16955,16955,9,12,17,2026,1,#NE
16956,16956,9,12,28,2026,1,#NE
16957,16957,8,21,17,2026,1,#NE
16958,16958,8,21,28,2026,1,#NE
16959,16959,8,21,8,2026,1,#NE
16960,16960,9,12,17,2026,1,#NE
16961,16961,8,21,13,2026,1,#NE
16962,16962,9,12,17,2026,1,#NE
16963,16963,9,12,28,2026,1,#NE
16964,16964,8,21,9,2026,1,#NE
16965,16965,8,21,2,2026,1,#NE
16966,16966,9,23,6,2026,1,#NE
16967,16967,10,8,15,2026,1,#NE
16968,16968,10,8,15,2026,1,#NE
16969,16969,9,12,17,2026,1,#NE
16970,16970,9,12,17,2026,1,#NE
16971,16971,9,12,9,2026,1,#NE
16972,16972,9,25,14,2026,1,#NE
16973,16973,9,25,14,2026,1,#NE
16974,16974,9,25,14,2026,1,#NE
16975,16975,9,23,6,2026,1,#NE
16976,16976,9,23,6,2026,1,#NE
16977,16977,9,23,6,2026,1,#NE
16978,16978,9,23,6,2026,1,#NE
16979,16979,10,8,29,2026,1,#NE
16980,16980,9,12,9,2026,1,#NE
16981,16981,9,12,9,2026,1,#NE
16982,16982,9,12,9,2026,1,#NE
16983,16983,9,12,9,2026,1,#NE
16984,16984,9,12,9,2026,1,#NE
16985,16985,9,12,9,2026,1,#NE
16986,16986,9,12,9,2026,1,#NE
16987,16987,9,25,14,2026,1,#NE
16988,16988,9,25,14,2026,1,#NE
16989,16989,10,8,29,2026,1,#NE
16990,16990,10,8,16,2026,1,#NE
16991,16991,9,12,9,2026,1,#NE
16992,16992,9,23,15,2026,1,#NE
16993,16993,9,23,15,2026,1,#NE
16994,16994,9,25,20,2026,1,#NE
16995,16995,9,23,4,2026,1,#NE
16996,16996,9,23,4,2026,1,#NE
16997,16997,9,12,9,2026,1,#NE
16998,16998,9,25,20,2026,1,#NE
16999,16999,9,25,15,2026,1,#NE
17000,17000,9,25,15,2026,1,#NE
17001,17001,9,23,21,2026,1,#NE
17002,17002,9,23,21,2026,1,#NE
17003,17003,9,23,21,2026,1,#NE
17004,17004,10,8,2,2026,1,#NE
17005,17005,10,8,8,2026,1,#NE
17006,17006,10,8,8,2026,1,#NE
17007,17007,9,12,9,2026,1,#NE
17008,17008,9,25,15,2026,1,#NE
17009,17009,9,25,15,2026,1,#NE
17010,17010,9,23,21,2026,1,#NE
17011,17011,9,23,21,2026,1,#NE
17012,17012,9,23,21,2026,1,#NE
17013,17013,10,8,8,2026,1,#NE
17014,17014,10,8,8,2026,1,#NE
17015,17015,9,12,15,2026,1,#NE
17016,17016,9,12,15,2026,1,#NE
17017,17017,9,25,15,2026,1,#NE
17018,17018,9,25,15,2026,1,#NE
17019,17019,9,25,15,2026,1,#NE
17020,17020,9,23,14,2026,1,#NE
17021,17021,9,23,14,2026,1,#NE
17022,17022,10,8,28,2026,1,#NE
17023,17023,9,25,22,2026,1,#NE
17024,17024,9,23,14,2026,1,#NE
17025,17025,9,23,14,2026,1,#NE
17026,17026,9,23,27,2026,1,#NE
17027,17027,9,23,27,2026,1,#NE
17028,17028,9,23,27,2026,1,#NE
17029,17029,10,8,6,2026,1,#NE
17030,17030,9,12,15,2026,1,#NE
17031,17031,9,12,15,2026,1,#NE
17032,17032,9,25,26,2026,1,#NE
17033,17033,9,25,26,2026,1,#NE
17034,17034,9,23,27,2026,1,#NE
17035,17035,9,23,27,2026,1,#NE
17036,17036,9,23,27,2026,1,#NE
17037,17037,9,23,29,2026,1,#NE
17038,17038,9,23,29,2026,1,#NE
17039,17039,10,8,6,2026,1,#NE
17040,17040,9,12,15,2026,1,#NE
17041,17041,9,25,9,2026,1,#NE
17042,17042,9,23,29,2026,1,#NE
17043,17043,9,23,16,2026,1,#NE
17044,17044,9,23,16,2026,1,#NE
17045,17045,5,22,25,2026,1,#NE
17046,17046,5,22,24,2026,1,#NE
17047,17047,8,1,28,2026,1,#NE
17048,17048,9,12,1,2026,1,#NE
17049,17049,9,12,1,2026,1,#NE
17050,17050,9,25,9,2026,1,#NE
17051,17051,9,25,9,2026,1,#NE
17052,17052,9,23,13,2026,1,#NE
17053,17053,9,12,1,2026,1,#NE
17054,17054,9,23,13,2026,1,#NE
17055,17055,9,12,1,2026,1,#NE
17056,17056,9,12,1,2026,1,#NE
17057,17057,9,23,1,2026,1,#NE
17058,17058,9,23,1,2026,1,#NE
17059,17059,9,12,1,2026,1,#NE
17060,17060,9,12,1,2026,1,#NE
17061,17061,9,12,2,2026,1,#NE
17062,17062,9,25,9,2026,1,#NE
17063,17063,9,23,1,2026,1,#NE
17064,17064,8,1,2,2026,1,#NE
17065,17065,8,1,29,2026,1,#NE
17066,17066,8,1,16,2026,1,#NE
17067,17067,9,12,2,2026,1,#NE
17068,17068,9,12,2,2026,1,#NE
17069,17069,9,12,2,2026,1,#NE
17070,17070,9,25,17,2026,1,#NE
17071,17071,9,23,24,2026,1,#NE
17072,17072,3,3,26,2026,1,#NE
17073,17073,8,1,14,2026,1,#NE
17074,17074,9,25,21,2026,1,#NE
17075,17075,9,25,21,2026,1,#NE
17076,17076,8,13,21,2026,1,#NE
17077,17077,9,12,2,2026,1,#NE
17078,17078,9,12,2,2026,1,#NE
17079,17079,9,25,21,2026,1,#NE
17080,17080,9,25,2,2026,1,#NE
17081,17081,9,25,2,2026,1,#NE
17082,17082,9,25,2,2026,1,#NE
17083,17083,9,25,2,2026,1,#NE
17084,17084,8,13,2,2026,1,#NE
17085,17085,8,13,2,2026,1,#NE
17086,17086,8,13,13,2026,1,#NE
17087,17087,8,1,6,2026,1,#NE
17088,17088,8,1,27,2026,1,#NE
17089,17089,9,25,27,2026,1,#NE
17090,17090,9,25,27,2026,1,#NE
17091,17091,8,13,7,2026,1,#NE
17092,17092,8,1,21,2026,1,#NE
17093,17093,9,12,21,2026,1,#NE
17094,17094,9,12,21,2026,1,#NE
17095,17095,9,12,21,2026,1,#NE
17096,17096,9,25,27,2026,1,#NE
17097,17097,9,25,27,2026,1,#NE
17098,17098,3,10,21,2026,1,#NE
17099,17099,8,13,6,2026,1,#NE
17100,17100,8,15,13,2026,1,#NE
17101,17101,8,15,13,2026,1,#NE
17102,17102,8,15,4,2026,1,#NE
17103,17103,9,12,21,2026,1,#NE
17104,17104,9,12,21,2026,1,#NE
17105,17105,9,12,21,2026,1,#NE
17106,17106,3,10,6,2026,1,#NE
17107,17107,5,5,30,2026,1,#NE
17108,17108,5,5,8,2026,1,#NE
17109,17109,8,13,27,2026,1,#NE
17110,17110,8,13,27,2026,1,#NE
17111,17111,8,13,27,2026,1,#NE
17112,17112,8,13,27,2026,1,#NE
17113,17113,8,13,1,2026,1,#NE
17114,17114,8,13,1,2026,1,#NE
17115,17115,8,15,4,2026,1,#NE
17116,17116,8,15,4,2026,1,#NE
17117,17117,8,15,4,2026,1,#NE
17118,17118,8,24,23,2026,1,#NE
17119,17119,8,13,9,2026,1,#NE
17120,17120,8,13,9,2026,1,#NE
17121,17121,8,15,19,2026,1,#NE
17122,17122,8,15,19,2026,1,#NE
17123,17123,9,12,8,2026,1,#NE
17124,17124,9,12,8,2026,1,#NE
17125,17125,9,12,8,2026,1,#NE
17126,17126,9,12,8,2026,1,#NE
17127,17127,8,24,6,2026,1,#NE
17128,17128,8,24,6,2026,1,#NE
17129,17129,8,13,17,2026,1,#NE
17130,17130,8,15,9,2026,1,#NE
17131,17131,8,15,9,2026,1,#NE
17132,17132,8,15,9,2026,1,#NE
17133,17133,8,15,9,2026,1,#NE
17134,17134,9,12,8,2026,1,#NE
17135,17135,8,24,6,2026,1,#NE
17136,17136,8,24,6,2026,1,#NE
17137,17137,8,24,6,2026,1,#NE
17138,17138,8,13,4,2026,1,#NE
17139,17139,8,13,4,2026,1,#NE
17140,17140,8,13,4,2026,1,#NE
17141,17141,8,13,4,2026,1,#NE
17142,17142,8,15,9,2026,1,#NE
17143,17143,8,15,6,2026,1,#NE
17144,17144,8,15,6,2026,1,#NE
17145,17145,9,12,8,2026,1,#NE
17146,17146,9,15,2,2026,1,#NE
17147,17147,9,14,21,2026,1,#NE
17148,17148,9,14,21,2026,1,#NE
17149,17149,9,15,2,2026,1,#NE
17150,17150,9,15,2,2026,1,#NE
17151,17151,9,15,2,2026,1,#NE
17152,17152,9,15,28,2026,1,#NE
17153,17153,9,14,15,2026,1,#NE
17154,17154,9,14,15,2026,1,#NE
17155,17155,9,14,15,2026,1,#NE
17156,17156,9,14,14,2026,1,#NE
17157,17157,9,14,14,2026,1,#NE
17158,17158,9,15,13,2026,1,#NE
17159,17159,9,15,13,2026,1,#NE
17160,17160,9,15,13,2026,1,#NE
17161,17161,8,24,7,2026,1,#NE
17162,17162,8,24,9,2026,1,#NE
17163,17163,8,24,9,2026,1,#NE
17164,17164,9,14,20,2026,1,#NE
17165,17165,9,14,20,2026,1,#NE
17166,17166,8,15,2,2026,1,#NE
17167,17167,8,15,2,2026,1,#NE
17168,17168,9,15,13,2026,1,#NE
17169,17169,9,15,13,2026,1,#NE
17170,17170,8,24,9,2026,1,#NE
17171,17171,8,24,9,2026,1,#NE
17172,17172,8,15,29,2026,1,#NE
17173,17173,8,15,29,2026,1,#NE
17174,17174,8,15,29,2026,1,#NE
17175,17175,9,15,24,2026,1,#NE
17176,17176,9,15,24,2026,1,#NE
17177,17177,8,24,22,2026,1,#NE
17178,17178,9,14,24,2026,1,#NE
17179,17179,9,14,24,2026,1,#NE
17180,17180,9,14,24,2026,1,#NE
17181,17181,9,14,24,2026,1,#NE
17182,17182,8,15,14,2026,1,#NE
17183,17183,9,15,24,2026,1,#NE
17184,17184,9,15,24,2026,1,#NE
17185,17185,9,15,24,2026,1,#NE
17186,17186,9,15,11,2026,1,#NE
17187,17187,8,24,22,2026,1,#NE
17188,17188,8,24,22,2026,1,#NE
17189,17189,8,24,22,2026,1,#NE
17190,17190,8,24,22,2026,1,#NE
17191,17191,8,24,2,2026,1,#NE
17192,17192,9,14,24,2026,1,#NE
17193,17193,9,14,1,2026,1,#NE
17194,17194,9,14,1,2026,1,#NE
17195,17195,9,14,1,2026,1,#NE
17196,17196,9,14,1,2026,1,#NE
17197,17197,8,15,14,2026,1,#NE
17198,17198,8,15,14,2026,1,#NE
17199,17199,8,15,20,2026,1,#NE
17200,17200,8,15,20,2026,1,#NE
17201,17201,8,15,20,2026,1,#NE
17202,17202,9,15,24,2026,1,#NE
17203,17203,9,15,6,2026,1,#NE
17204,17204,8,24,2,2026,1,#NE
17205,17205,9,15,6,2026,1,#NE
17206,17206,9,15,6,2026,1,#NE
17207,17207,9,14,9,2026,1,#NE
17208,17208,9,14,9,2026,1,#NE
17209,17209,9,15,6,2026,1,#NE
17210,17210,9,15,15,2026,1,#NE
17211,17211,9,15,15,2026,1,#NE
17212,17212,9,15,15,2026,1,#NE
17213,17213,9,14,13,2026,1,#NE
17214,17214,9,14,13,2026,1,#NE
17215,17215,8,15,20,2026,1,#NE
17216,17216,8,15,20,2026,1,#NE
17217,17217,8,15,15,2026,1,#NE
17218,17218,9,15,15,2026,1,#NE
17219,17219,9,15,15,2026,1,#NE
17220,17220,8,24,28,2026,1,#NE
17221,17221,8,24,17,2026,1,#NE
17222,17222,8,24,28,2026,1,#NE
17223,17223,8,24,28,2026,1,#NE
17224,17224,9,14,27,2026,1,#NE
17225,17225,9,14,27,2026,1,#NE
17226,17226,8,15,15,2026,1,#NE
17227,17227,9,15,15,2026,1,#NE
17228,17228,9,15,15,2026,1,#NE
17229,17229,9,14,27,2026,1,#NE
17230,17230,8,15,27,2026,1,#NE
17231,17231,8,15,27,2026,1,#NE
17232,17232,9,15,26,2026,1,#NE
17233,17233,9,15,22,2026,1,#NE
17234,17234,9,15,26,2026,1,#NE
17235,17235,8,24,15,2026,1,#NE
17236,17236,8,24,15,2026,1,#NE
17237,17237,9,14,16,2026,1,#NE
17238,17238,9,14,29,2026,1,#NE
17239,17239,8,15,26,2026,1,#NE
17240,17240,9,15,27,2026,1,#NE
17241,17241,9,15,27,2026,1,#NE
17242,17242,9,15,27,2026,1,#NE
17243,17243,8,24,24,2026,1,#NE
17244,17244,8,24,11,2026,1,#NE
17245,17245,9,14,6,2026,1,#NE
17246,17246,9,14,6,2026,1,#NE
17247,17247,9,14,26,2026,1,#NE
17248,17248,8,15,24,2026,1,#NE
17249,17249,8,15,24,2026,1,#NE
17250,17250,8,15,11,2026,1,#NE
17251,17251,9,15,27,2026,1,#NE
17252,17252,8,24,11,2026,1,#NE
17253,17253,8,24,14,2026,1,#NE
17254,17254,9,14,22,2026,1,#NE
17255,17255,9,14,22,2026,1,#NE
17256,17256,9,14,26,2026,1,#NE
17257,17257,8,15,7,2026,1,#NE
17258,17258,9,15,27,2026,1,#NE
17259,17259,9,15,30,2026,1,#NE
17260,17260,8,24,14,2026,1,#NE
17261,17261,8,24,14,2026,1,#NE
17262,17262,8,24,14,2026,1,#NE
17263,17263,8,24,14,2026,1,#NE
17264,17264,9,24,19,2026,1,#NE
17265,17265,9,24,19,2026,1,#NE
17266,17266,8,16,26,2026,1,#NE
17267,17267,8,16,22,2026,1,#NE
17268,17268,9,15,14,2026,1,#NE
17269,17269,8,24,14,2026,1,#NE
17270,17270,8,24,14,2026,1,#NE
17271,17271,9,24,9,2026,1,#NE
17272,17272,8,16,4,2026,1,#NE
17273,17273,8,16,4,2026,1,#NE
17274,17274,8,16,5,2026,1,#NE
17275,17275,8,16,5,2026,1,#NE
17276,17276,9,15,14,2026,1,#NE
17277,17277,8,24,19,2026,1,#NE
17278,17278,9,24,9,2026,1,#NE
17279,17279,9,24,9,2026,1,#NE
17280,17280,8,16,17,2026,1,#NE
17281,17281,9,15,14,2026,1,#NE
17282,17282,8,24,19,2026,1,#NE
17283,17283,9,24,9,2026,1,#NE
17284,17284,9,24,9,2026,1,#NE
17285,17285,9,15,9,2026,1,#NE
17286,17286,8,24,4,2026,1,#NE
17287,17287,8,24,4,2026,1,#NE
17288,17288,8,16,14,2026,1,#NE
17289,17289,8,16,14,2026,1,#NE
17290,17290,8,16,14,2026,1,#NE
17291,17291,9,15,21,2026,1,#NE
17292,17292,9,15,3,2026,1,#NE
17293,17293,9,15,3,2026,1,#NE
17294,17294,8,24,4,2026,1,#NE
17295,17295,9,24,13,2026,1,#NE
17296,17296,9,24,13,2026,1,#NE
17297,17297,8,16,14,2026,1,#NE
17298,17298,8,16,9,2026,1,#NE
17299,17299,9,15,21,2026,1,#NE
17300,17300,9,15,3,2026,1,#NE
17301,17301,9,15,20,2026,1,#NE
17302,17302,8,24,21,2026,1,#NE
17303,17303,8,24,21,2026,1,#NE
17304,17304,8,24,21,2026,1,#NE
17305,17305,9,24,13,2026,1,#NE
17306,17306,9,24,13,2026,1,#NE
17307,17307,9,24,13,2026,1,#NE
17308,17308,9,24,13,2026,1,#NE
17309,17309,8,16,11,2026,1,#NE
17310,17310,8,16,11,2026,1,#NE
17311,17311,9,15,20,2026,1,#NE
17312,17312,9,15,29,2026,1,#NE
17313,17313,8,24,21,2026,1,#NE
17314,17314,8,24,21,2026,1,#NE
17315,17315,9,15,29,2026,1,#NE
17316,17316,8,24,20,2026,1,#NE
17317,17317,8,24,20,2026,1,#NE
17318,17318,9,24,13,2026,1,#NE
17319,17319,9,24,24,2026,1,#NE
17320,17320,9,24,11,2026,1,#NE
17321,17321,8,16,13,2026,1,#NE
17322,17322,8,16,13,2026,1,#NE
17323,17323,8,16,13,2026,1,#NE
17324,17324,8,16,13,2026,1,#NE
17325,17325,9,24,24,2026,1,#NE
17326,17326,8,16,19,2026,1,#NE
17327,17327,8,24,27,2026,1,#NE
17328,17328,9,24,25,2026,1,#NE
17329,17329,8,16,20,2026,1,#NE
17330,17330,8,16,20,2026,1,#NE
17331,17331,8,18,16,2026,1,#NE
17332,17332,8,18,16,2026,1,#NE
17333,17333,8,18,20,2026,1,#NE
17334,17334,9,24,27,2026,1,#NE
17335,17335,9,24,27,2026,1,#NE
17336,17336,5,13,24,2026,1,#NE
17337,17337,8,24,13,2026,1,#NE
17338,17338,8,24,13,2026,1,#NE
17339,17339,8,24,13,2026,1,#NE
17340,17340,9,24,27,2026,1,#NE
17341,17341,9,24,27,2026,1,#NE
17342,17342,8,18,13,2026,1,#NE
17343,17343,8,18,24,2026,1,#NE
17344,17344,8,18,24,2026,1,#NE
17345,17345,9,24,27,2026,1,#NE
17346,17346,9,24,27,2026,1,#NE
17347,17347,8,11,29,2026,1,#NE
17348,17348,8,11,29,2026,1,#NE
17349,17349,9,24,27,2026,1,#NE
17350,17350,8,18,7,2026,1,#NE
17351,17351,8,18,7,2026,1,#NE
17352,17352,8,18,27,2026,1,#NE
17353,17353,9,20,3,2026,1,#NE
17354,17354,9,20,3,2026,1,#NE
17355,17355,9,20,21,2026,1,#NE
17356,17356,9,24,27,2026,1,#NE
17357,17357,9,24,30,2026,1,#NE
17358,17358,8,11,13,2026,1,#NE
17359,17359,8,11,13,2026,1,#NE
17360,17360,8,11,13,2026,1,#NE
17361,17361,8,18,27,2026,1,#NE
17362,17362,8,18,27,2026,1,#NE
17363,17363,8,18,21,2026,1,#NE
17364,17364,9,20,21,2026,1,#NE
17365,17365,9,20,21,2026,1,#NE
17366,17366,9,20,21,2026,1,#NE
17367,17367,9,24,21,2026,1,#NE
17368,17368,9,24,21,2026,1,#NE
17369,17369,9,24,3,2026,1,#NE
17370,17370,9,24,3,2026,1,#NE
17371,17371,9,24,21,2026,1,#NE
17372,17372,8,11,13,2026,1,#NE
17373,17373,8,11,19,2026,1,#NE
17374,17374,8,11,19,2026,1,#NE
17375,17375,8,11,19,2026,1,#NE
17376,17376,8,11,19,2026,1,#NE
17377,17377,9,20,21,2026,1,#NE
17378,17378,9,24,21,2026,1,#NE
17379,17379,9,24,21,2026,1,#NE
17380,17380,9,24,21,2026,1,#NE
17381,17381,9,24,21,2026,1,#NE
17382,17382,9,24,21,2026,1,#NE
17383,17383,8,11,19,2026,1,#NE
17384,17384,8,11,3,2026,1,#NE
17385,17385,8,11,3,2026,1,#NE
17386,17386,9,20,21,2026,1,#NE
17387,17387,9,20,21,2026,1,#NE
17388,17388,9,20,21,2026,1,#NE
17389,17389,9,20,3,2026,1,#NE
17390,17390,9,20,21,2026,1,#NE
17391,17391,8,11,3,2026,1,#NE
17392,17392,8,18,2,2026,1,#NE
17393,17393,8,18,2,2026,1,#NE
17394,17394,9,20,21,2026,1,#NE
17395,17395,9,20,27,2026,1,#NE
17396,17396,9,20,27,2026,1,#NE
17397,17397,9,20,27,2026,1,#NE
17398,17398,9,24,14,2026,1,#NE
17399,17399,9,24,14,2026,1,#NE
17400,17400,9,24,14,2026,1,#NE
17401,17401,8,11,27,2026,1,#NE
17402,17402,9,20,27,2026,1,#NE
17403,17403,8,11,27,2026,1,#NE
17404,17404,8,11,9,2026,1,#NE
17405,17405,8,11,9,2026,1,#NE
17406,17406,8,11,9,2026,1,#NE
17407,17407,9,26,6,2026,1,#NE
17408,17408,9,20,27,2026,1,#NE
17409,17409,9,24,14,2026,1,#NE
17410,17410,9,24,15,2026,1,#NE
17411,17411,9,24,15,2026,1,#NE
17412,17412,8,11,15,2026,1,#NE
17413,17413,8,11,15,2026,1,#NE
17414,17414,8,11,15,2026,1,#NE
17415,17415,9,26,6,2026,1,#NE
17416,17416,9,26,14,2026,1,#NE
17417,17417,9,20,27,2026,1,#NE
17418,17418,9,20,27,2026,1,#NE
17419,17419,9,24,15,2026,1,#NE
17420,17420,9,24,15,2026,1,#NE
17421,17421,9,24,15,2026,1,#NE
17422,17422,9,24,15,2026,1,#NE
17423,17423,9,24,15,2026,1,#NE
17424,17424,8,11,2,2026,1,#NE
17425,17425,8,11,2,2026,1,#NE
17426,17426,9,26,14,2026,1,#NE
17427,17427,9,26,14,2026,1,#NE
17428,17428,9,26,14,2026,1,#NE
17429,17429,9,26,14,2026,1,#NE
17430,17430,9,20,27,2026,1,#NE
17431,17431,9,24,15,2026,1,#NE
17432,17432,9,24,15,2026,1,#NE
17433,17433,8,11,2,2026,1,#NE
17434,17434,9,26,19,2026,1,#NE
17435,17435,9,20,26,2026,1,#NE
17436,17436,9,24,15,2026,1,#NE
17437,17437,9,24,15,2026,1,#NE
17438,17438,8,11,24,2026,1,#NE
17439,17439,8,11,24,2026,1,#NE
17440,17440,9,26,2,2026,1,#NE
17441,17441,9,26,2,2026,1,#NE
17442,17442,9,20,30,2026,1,#NE
17443,17443,9,24,29,2026,1,#NE
17444,17444,9,24,16,2026,1,#NE
17445,17445,9,24,16,2026,1,#NE
17446,17446,8,11,14,2026,1,#NE
17447,17447,8,11,14,2026,1,#NE
17448,17448,8,11,14,2026,1,#NE
17449,17449,8,11,14,2026,1,#NE
17450,17450,9,26,2,2026,1,#NE
17451,17451,9,26,27,2026,1,#NE
17452,17452,9,24,29,2026,1,#NE
17453,17453,9,24,16,2026,1,#NE
17454,17454,9,26,27,2026,1,#NE
17455,17455,9,26,27,2026,1,#NE
17456,17456,9,24,16,2026,1,#NE
17457,17457,8,11,14,2026,1,#NE
17458,17458,8,11,17,2026,1,#NE
17459,17459,9,26,27,2026,1,#NE
17460,17460,9,24,22,2026,1,#NE
17461,17461,8,11,28,2026,1,#NE
17462,17462,9,24,6,2026,1,#NE
17463,17463,9,24,6,2026,1,#NE
17464,17464,9,24,6,2026,1,#NE
17465,17465,9,24,6,2026,1,#NE
17466,17466,9,24,6,2026,1,#NE
17467,17467,9,24,6,2026,1,#NE
17468,17468,9,26,15,2026,1,#NE
17469,17469,9,24,6,2026,1,#NE
17470,17470,9,24,6,2026,1,#NE
17471,17471,9,26,24,2026,1,#NE
17472,17472,9,24,20,2026,1,#NE
17473,17473,9,24,20,2026,1,#NE
17474,17474,9,24,20,2026,1,#NE
17475,17475,9,26,24,2026,1,#NE
17476,17476,9,24,20,2026,1,#NE
17477,17477,9,24,20,2026,1,#NE
17478,17478,9,24,20,2026,1,#NE
17479,17479,9,24,20,2026,1,#NE
17480,17480,3,22,6,2026,1,#NE
17481,17481,3,12,13,2026,1,#NE
17482,17482,8,11,22,2026,1,#NE
17483,17483,8,11,22,2026,1,#NE
17484,17484,8,11,26,2026,1,#NE
17485,17485,8,11,22,2026,1,#NE
17486,17486,5,18,22,2026,1,#NE
17487,17487,5,18,16,2026,1,#NE
17488,17488,9,20,4,2026,1,#NE
17489,17489,9,20,4,2026,1,#NE
17490,17490,5,24,14,2026,1,#NE
17491,17491,5,24,21,2026,1,#NE
17492,17492,8,11,22,2026,1,#NE
17493,17493,3,18,21,2026,1,#NE
17494,17494,5,4,4,2026,1,#NE
17495,17495,9,20,4,2026,1,#NE
17496,17496,9,20,4,2026,1,#NE
17497,17497,9,20,4,2026,1,#NE
17498,17498,9,20,4,2026,1,#NE
17499,17499,5,24,30,2026,1,#NE
17500,17500,9,28,14,2026,1,#NE
17501,17501,9,3,14,2026,1,#NE
17502,17502,9,3,14,2026,1,#NE
17503,17503,9,16,14,2026,1,#NE
17504,17504,9,16,14,2026,1,#NE
17505,17505,9,16,14,2026,1,#NE
17506,17506,9,16,14,2026,1,#NE
17507,17507,9,16,14,2026,1,#NE
17508,17508,9,20,4,2026,1,#NE
17509,17509,9,20,4,2026,1,#NE
17510,17510,9,20,4,2026,1,#NE
17511,17511,9,20,4,2026,1,#NE
17512,17512,9,28,14,2026,1,#NE
17513,17513,9,16,14,2026,1,#NE
17514,17514,9,16,26,2026,1,#NE
17515,17515,9,16,26,2026,1,#NE
17516,17516,9,16,22,2026,1,#NE
17517,17517,9,16,22,2026,1,#NE
17518,17518,9,16,27,2026,1,#NE
17519,17519,9,16,27,2026,1,#NE
17520,17520,9,16,27,2026,1,#NE
17521,17521,9,28,15,2026,1,#NE
17522,17522,9,28,15,2026,1,#NE
17523,17523,9,16,27,2026,1,#NE
17524,17524,9,28,5,2026,1,#NE
17525,17525,9,16,6,2026,1,#NE
17526,17526,9,20,4,2026,1,#NE
17527,17527,9,28,20,2026,1,#NE
17528,17528,9,28,20,2026,1,#NE
17529,17529,9,3,14,2026,1,#NE
17530,17530,9,3,14,2026,1,#NE
17531,17531,9,3,14,2026,1,#NE
17532,17532,9,16,6,2026,1,#NE
17533,17533,9,16,19,2026,1,#NE
17534,17534,9,16,19,2026,1,#NE
17535,17535,9,16,19,2026,1,#NE
17536,17536,9,20,4,2026,1,#NE
17537,17537,9,20,2,2026,1,#NE
17538,17538,9,20,2,2026,1,#NE
17539,17539,9,28,6,2026,1,#NE
17540,17540,9,28,6,2026,1,#NE
17541,17541,9,28,6,2026,1,#NE
17542,17542,9,3,22,2026,1,#NE
17543,17543,9,3,22,2026,1,#NE
17544,17544,9,16,19,2026,1,#NE
17545,17545,9,20,2,2026,1,#NE
17546,17546,9,20,2,2026,1,#NE
17547,17547,9,20,2,2026,1,#NE
17548,17548,9,20,2,2026,1,#NE
17549,17549,9,20,2,2026,1,#NE
17550,17550,9,20,2,2026,1,#NE
17551,17551,9,28,16,2026,1,#NE
17552,17552,9,28,29,2026,1,#NE
17553,17553,9,28,29,2026,1,#NE
17554,17554,9,28,29,2026,1,#NE
17555,17555,9,3,15,2026,1,#NE
17556,17556,9,16,25,2026,1,#NE
17557,17557,9,16,11,2026,1,#NE
17558,17558,9,16,25,2026,1,#NE
17559,17559,9,28,29,2026,1,#NE
17560,17560,9,28,24,2026,1,#NE
17561,17561,9,28,11,2026,1,#NE
17562,17562,9,28,11,2026,1,#NE
17563,17563,9,3,15,2026,1,#NE
17564,17564,9,16,13,2026,1,#NE
17565,17565,9,16,13,2026,1,#NE
17566,17566,9,20,2,2026,1,#NE
17567,17567,9,20,2,2026,1,#NE
17568,17568,9,28,24,2026,1,#NE
17569,17569,9,28,11,2026,1,#NE
17570,17570,9,16,13,2026,1,#NE
17571,17571,9,16,29,2026,1,#NE
17572,17572,9,16,16,2026,1,#NE
17573,17573,9,20,2,2026,1,#NE
17574,17574,9,20,2,2026,1,#NE
17575,17575,9,20,2,2026,1,#NE
17576,17576,9,20,23,2026,1,#NE
17577,17577,9,28,27,2026,1,#NE
17578,17578,9,28,27,2026,1,#NE
17579,17579,9,16,16,2026,1,#NE
17580,17580,9,16,29,2026,1,#NE
17581,17581,9,20,6,2026,1,#NE
17582,17582,9,20,6,2026,1,#NE
17583,17583,9,20,6,2026,1,#NE
17584,17584,9,28,9,2026,1,#NE
17585,17585,9,3,29,2026,1,#NE
17586,17586,9,3,29,2026,1,#NE
17587,17587,9,3,29,2026,1,#NE
17588,17588,9,20,6,2026,1,#NE
17589,17589,1,6,20,2026,1,#NE
17590,17590,1,6,4,2026,1,#NE
17591,17591,1,6,7,2026,1,#NE
17592,17592,3,16,30,2026,1,#NE
17593,17593,9,3,29,2026,1,#NE
17594,17594,9,3,2,2026,1,#NE
17595,17595,9,19,21,2026,1,#NE
17596,17596,9,19,21,2026,1,#NE
17597,17597,9,19,21,2026,1,#NE
17598,17598,9,19,21,2026,1,#NE
17599,17599,8,8,9,2026,1,#NE
17600,17600,8,8,9,2026,1,#NE
17601,17601,9,3,2,2026,1,#NE
17602,17602,9,19,3,2026,1,#NE
17603,17603,9,20,6,2026,1,#NE
17604,17604,9,20,8,2026,1,#NE
17605,17605,9,20,8,2026,1,#NE
17606,17606,8,8,27,2026,1,#NE
17607,17607,8,8,27,2026,1,#NE
17608,17608,8,8,26,2026,1,#NE
17609,17609,9,3,24,2026,1,#NE
17610,17610,9,19,21,2026,1,#NE
17611,17611,8,8,22,2026,1,#NE
17612,17612,8,8,28,2026,1,#NE
17613,17613,8,8,28,2026,1,#NE
17614,17614,9,3,1,2026,1,#NE
17615,17615,9,3,1,2026,1,#NE
17616,17616,9,19,6,2026,1,#NE
17617,17617,9,20,8,2026,1,#NE
17618,17618,9,20,8,2026,1,#NE
17619,17619,8,8,7,2026,1,#NE
17620,17620,9,20,8,2026,1,#NE
17621,17621,8,8,8,2026,1,#NE
17622,17622,8,8,8,2026,1,#NE
17623,17623,8,8,21,2026,1,#NE
17624,17624,9,3,20,2026,1,#NE
17625,17625,9,19,6,2026,1,#NE
17626,17626,9,19,6,2026,1,#NE
17627,17627,9,19,22,2026,1,#NE
17628,17628,9,19,26,2026,1,#NE
17629,17629,9,20,1,2026,1,#NE
17630,17630,8,8,13,2026,1,#NE
17631,17631,8,8,13,2026,1,#NE
17632,17632,8,8,13,2026,1,#NE
17633,17633,8,8,13,2026,1,#NE
17634,17634,9,19,22,2026,1,#NE
17635,17635,8,8,24,2026,1,#NE
17636,17636,8,8,24,2026,1,#NE
17637,17637,9,19,26,2026,1,#NE
17638,17638,8,8,29,2026,1,#NE
17639,17639,8,8,5,2026,1,#NE
17640,17640,9,19,28,2026,1,#NE
17641,17641,9,19,7,2026,1,#NE
17642,17642,9,19,7,2026,1,#NE
17643,17643,8,8,19,2026,1,#NE
17644,17644,8,8,19,2026,1,#NE
17645,17645,9,19,7,2026,1,#NE
17646,17646,9,20,1,2026,1,#NE
17647,17647,9,20,1,2026,1,#NE
17648,17648,8,8,4,2026,1,#NE
17649,17649,8,8,6,2026,1,#NE
17650,17650,9,3,27,2026,1,#NE
17651,17651,9,19,27,2026,1,#NE
17652,17652,9,19,27,2026,1,#NE
17653,17653,9,19,27,2026,1,#NE
17654,17654,9,20,1,2026,1,#NE
17655,17655,9,20,1,2026,1,#NE
17656,17656,9,20,1,2026,1,#NE
17657,17657,9,20,1,2026,1,#NE
17658,17658,8,19,3,2026,1,#NE
17659,17659,8,19,21,2026,1,#NE
17660,17660,9,3,27,2026,1,#NE
17661,17661,9,19,27,2026,1,#NE
17662,17662,9,20,1,2026,1,#NE
17663,17663,8,19,21,2026,1,#NE
17664,17664,8,19,5,2026,1,#NE
17665,17665,8,19,5,2026,1,#NE
17666,17666,8,19,5,2026,1,#NE
17667,17667,9,3,13,2026,1,#NE
17668,17668,9,3,13,2026,1,#NE
17669,17669,9,19,9,2026,1,#NE
17670,17670,9,20,1,2026,1,#NE
17671,17671,9,20,1,2026,1,#NE
17672,17672,9,20,1,2026,1,#NE
17673,17673,8,19,9,2026,1,#NE
17674,17674,9,3,13,2026,1,#NE
17675,17675,9,11,6,2026,1,#NE
17676,17676,9,19,9,2026,1,#NE
17677,17677,9,19,9,2026,1,#NE
17678,17678,9,19,9,2026,1,#NE
17679,17679,9,20,24,2026,1,#NE
17680,17680,9,20,24,2026,1,#NE
17681,17681,9,20,24,2026,1,#NE
17682,17682,9,20,11,2026,1,#NE
17683,17683,8,19,9,2026,1,#NE
17684,17684,9,11,6,2026,1,#NE
17685,17685,8,19,28,2026,1,#NE
17686,17686,8,19,28,2026,1,#NE
17687,17687,9,19,16,2026,1,#NE
17688,17688,8,19,28,2026,1,#NE
17689,17689,8,19,28,2026,1,#NE
17690,17690,9,19,16,2026,1,#NE
17691,17691,9,20,24,2026,1,#NE
17692,17692,9,20,24,2026,1,#NE
17693,17693,9,20,24,2026,1,#NE
17694,17694,8,19,7,2026,1,#NE
17695,17695,9,11,19,2026,1,#NE
17696,17696,9,11,19,2026,1,#NE
17697,17697,9,19,29,2026,1,#NE
17698,17698,8,19,7,2026,1,#NE
17699,17699,8,19,7,2026,1,#NE
17700,17700,8,19,27,2026,1,#NE
17701,17701,9,11,19,2026,1,#NE
17702,17702,9,11,19,2026,1,#NE
17703,17703,9,11,19,2026,1,#NE
17704,17704,9,19,15,2026,1,#NE
17705,17705,9,19,15,2026,1,#NE
17706,17706,9,19,15,2026,1,#NE
17707,17707,8,19,29,2026,1,#NE
17708,17708,8,19,29,2026,1,#NE
17709,17709,9,19,15,2026,1,#NE
17710,17710,9,20,13,2026,1,#NE
17711,17711,8,19,16,2026,1,#NE
17712,17712,9,19,15,2026,1,#NE
17713,17713,9,20,13,2026,1,#NE
17714,17714,9,20,13,2026,1,#NE
17715,17715,9,20,13,2026,1,#NE
17716,17716,9,20,13,2026,1,#NE
17717,17717,9,20,13,2026,1,#NE
17718,17718,8,19,27,2026,1,#NE
17719,17719,8,19,27,2026,1,#NE
17720,17720,8,19,15,2026,1,#NE
17721,17721,8,19,15,2026,1,#NE
17722,17722,9,11,28,2026,1,#NE
17723,17723,9,11,17,2026,1,#NE
17724,17724,9,11,17,2026,1,#NE
17725,17725,9,19,24,2026,1,#NE
17726,17726,9,20,13,2026,1,#NE
17727,17727,9,20,13,2026,1,#NE
17728,17728,8,19,15,2026,1,#NE
17729,17729,8,19,15,2026,1,#NE
17730,17730,9,19,24,2026,1,#NE
17731,17731,9,19,25,2026,1,#NE
17732,17732,9,20,13,2026,1,#NE
17733,17733,8,19,20,2026,1,#NE
17734,17734,9,11,14,2026,1,#NE
17735,17735,9,11,14,2026,1,#NE
17736,17736,9,11,14,2026,1,#NE
17737,17737,9,11,14,2026,1,#NE
17738,17738,9,20,14,2026,1,#NE
17739,17739,9,19,24,2026,1,#NE
17740,17740,9,19,14,2026,1,#NE
17741,17741,9,20,14,2026,1,#NE
17742,17742,8,19,19,2026,1,#NE
17743,17743,8,19,19,2026,1,#NE
17744,17744,8,19,24,2026,1,#NE
17745,17745,9,11,26,2026,1,#NE
17746,17746,9,11,22,2026,1,#NE
17747,17747,9,11,22,2026,1,#NE
17748,17748,9,11,22,2026,1,#NE
17749,17749,9,19,14,2026,1,#NE
17750,17750,9,19,14,2026,1,#NE
17751,17751,9,19,14,2026,1,#NE
17752,17752,9,19,14,2026,1,#NE
17753,17753,9,19,14,2026,1,#NE
17754,17754,9,19,14,2026,1,#NE
17755,17755,9,19,14,2026,1,#NE
17756,17756,8,19,19,2026,1,#NE
17757,17757,9,20,14,2026,1,#NE
17758,17758,9,20,14,2026,1,#NE
17759,17759,9,20,14,2026,1,#NE
17760,17760,8,19,25,2026,1,#NE
17761,17761,9,11,26,2026,1,#NE
17762,17762,9,11,22,2026,1,#NE
17763,17763,9,19,14,2026,1,#NE
17764,17764,9,19,14,2026,1,#NE
17765,17765,9,19,8,2026,1,#NE
17766,17766,9,20,14,2026,1,#NE
17767,17767,8,19,24,2026,1,#NE
17768,17768,9,11,24,2026,1,#NE
17769,17769,9,11,24,2026,1,#NE
17770,17770,9,19,8,2026,1,#NE
17771,17771,9,20,19,2026,1,#NE
17772,17772,9,20,19,2026,1,#NE
17773,17773,8,19,22,2026,1,#NE
17774,17774,8,19,26,2026,1,#NE
17775,17775,8,19,22,2026,1,#NE
17776,17776,9,11,24,2026,1,#NE
17777,17777,9,19,2,2026,1,#NE
17778,17778,8,19,13,2026,1,#NE
17779,17779,8,19,13,2026,1,#NE
17780,17780,9,19,2,2026,1,#NE
17781,17781,9,19,2,2026,1,#NE
17782,17782,9,19,13,2026,1,#NE
17783,17783,8,19,13,2026,1,#NE
17784,17784,9,19,13,2026,1,#NE
17785,17785,9,19,13,2026,1,#NE
17786,17786,8,19,14,2026,1,#NE
17787,17787,8,19,14,2026,1,#NE
17788,17788,8,19,14,2026,1,#NE
17789,17789,8,19,14,2026,1,#NE
17790,17790,8,19,6,2026,1,#NE
17791,17791,9,19,20,2026,1,#NE
17792,17792,8,19,6,2026,1,#NE
17793,17793,8,19,6,2026,1,#NE
17794,17794,9,11,2,2026,1,#NE
17795,17795,9,19,20,2026,1,#NE
17796,17796,9,20,19,2026,1,#NE
17797,17797,8,19,6,2026,1,#NE
17798,17798,8,19,6,2026,1,#NE
17799,17799,8,19,6,2026,1,#NE
17800,17800,9,11,2,2026,1,#NE
17801,17801,9,11,2,2026,1,#NE
17802,17802,9,11,2,2026,1,#NE
17803,17803,9,11,2,2026,1,#NE
17804,17804,9,11,2,2026,1,#NE
17805,17805,9,19,20,2026,1,#NE
17806,17806,9,19,20,2026,1,#NE
17807,17807,9,19,20,2026,1,#NE
17808,17808,5,14,14,2026,1,#NE
17809,17809,9,11,29,2026,1,#NE
17810,17810,9,11,16,2026,1,#NE
17811,17811,9,11,29,2026,1,#NE
17812,17812,9,11,29,2026,1,#NE
17813,17813,9,20,19,2026,1,#NE
17814,17814,9,20,19,2026,1,#NE
17815,17815,9,20,19,2026,1,#NE
17816,17816,9,20,19,2026,1,#NE
17817,17817,9,20,19,2026,1,#NE
17818,17818,9,20,19,2026,1,#NE
17819,17819,9,11,9,2026,1,#NE
17820,17820,9,11,9,2026,1,#NE
17821,17821,8,23,6,2026,1,#NE
17822,17822,8,23,6,2026,1,#NE
17823,17823,8,23,22,2026,1,#NE
17824,17824,8,23,22,2026,1,#NE
17825,17825,9,20,20,2026,1,#NE
17826,17826,9,20,20,2026,1,#NE
17827,17827,8,4,16,2026,1,#NE
17828,17828,8,4,29,2026,1,#NE
17829,17829,8,4,26,2026,1,#NE
17830,17830,9,11,20,2026,1,#NE
17831,17831,8,23,9,2026,1,#NE
17832,17832,8,4,13,2026,1,#NE
17833,17833,8,4,24,2026,1,#NE
17834,17834,8,4,11,2026,1,#NE
17835,17835,8,23,27,2026,1,#NE
17836,17836,8,23,14,2026,1,#NE
17837,17837,8,4,7,2026,1,#NE
17838,17838,8,4,4,2026,1,#NE
17839,17839,8,4,4,2026,1,#NE
17840,17840,8,23,17,2026,1,#NE
17841,17841,9,20,20,2026,1,#NE
17842,17842,9,20,20,2026,1,#NE
17843,17843,9,20,20,2026,1,#NE
17844,17844,8,4,14,2026,1,#NE
17845,17845,8,4,14,2026,1,#NE
17846,17846,8,4,20,2026,1,#NE
17847,17847,8,4,20,2026,1,#NE
17848,17848,9,11,20,2026,1,#NE
17849,17849,9,11,20,2026,1,#NE
17850,17850,3,9,7,2026,1,#NE
17851,17851,8,23,7,2026,1,#NE
17852,17852,9,20,20,2026,1,#NE
17853,17853,9,20,20,2026,1,#NE
17854,17854,8,4,9,2026,1,#NE
17855,17855,8,28,29,2026,1,#NE
17856,17856,8,28,29,2026,1,#NE
17857,17857,3,26,21,2026,1,#NE
17858,17858,8,23,13,2026,1,#NE
17859,17859,8,23,15,2026,1,#NE
17860,17860,9,20,20,2026,1,#NE
17861,17861,8,28,27,2026,1,#NE
17862,17862,4,12,6,2026,1,#NE
17863,17863,9,20,16,2026,1,#NE
17864,17864,6,23,14,2026,1,#NE
17865,17865,9,20,29,2026,1,#NE
17866,17866,9,20,29,2026,1,#NE
17867,17867,5,21,20,2026,1,#NE
17868,17868,5,21,29,2026,1,#NE
17869,17869,9,20,16,2026,1,#NE
17870,17870,9,20,16,2026,1,#NE
17871,17871,8,28,21,2026,1,#NE
17872,17872,8,28,21,2026,1,#NE
17873,17873,4,4,12,2026,1,#NE
17874,17874,6,25,9,2026,1,#NE
17875,17875,6,25,7,2026,1,#NE
17876,17876,6,25,30,2026,1,#NE
17877,17877,5,21,1,2026,1,#NE
17878,17878,9,20,16,2026,1,#NE
17879,17879,9,20,16,2026,1,#NE
17880,17880,9,20,16,2026,1,#NE
17881,17881,8,28,24,2026,1,#NE
17882,17882,5,23,6,2026,1,#NE
17883,17883,8,9,27,2026,1,#NE
17884,17884,8,9,27,2026,1,#NE
17885,17885,8,28,7,2026,1,#NE
17886,17886,8,9,20,2026,1,#NE
17887,17887,8,28,13,2026,1,#NE
17888,17888,8,28,4,2026,1,#NE
17889,17889,8,9,15,2026,1,#NE
17890,17890,8,9,28,2026,1,#NE
17891,17891,9,21,24,2026,1,#NE
17892,17892,9,21,24,2026,1,#NE
17893,17893,9,21,24,2026,1,#NE
17894,17894,9,21,24,2026,1,#NE
17895,17895,8,9,2,2026,1,#NE
17896,17896,8,9,2,2026,1,#NE
17897,17897,8,9,2,2026,1,#NE
17898,17898,8,9,22,2026,1,#NE
17899,17899,9,21,26,2026,1,#NE
17900,17900,9,21,22,2026,1,#NE
17901,17901,8,9,19,2026,1,#NE
17902,17902,8,9,19,2026,1,#NE
17903,17903,9,21,21,2026,1,#NE
17904,17904,9,21,3,2026,1,#NE
17905,17905,9,21,6,2026,1,#NE
17906,17906,8,9,7,2026,1,#NE
17907,17907,8,9,9,2026,1,#NE
17908,17908,8,9,9,2026,1,#NE
17909,17909,8,9,9,2026,1,#NE
17910,17910,8,9,9,2026,1,#NE
17911,17911,9,21,6,2026,1,#NE
17912,17912,9,21,6,2026,1,#NE
17913,17913,9,21,6,2026,1,#NE
17914,17914,9,21,6,2026,1,#NE
17915,17915,7,16,9,2026,1,#NE
17916,17916,7,14,1,2026,1,#NE
17917,17917,8,9,9,2026,1,#NE
17918,17918,8,9,14,2026,1,#NE
17919,17919,8,9,14,2026,1,#NE
17920,17920,9,21,14,2026,1,#NE
17921,17921,9,21,14,2026,1,#NE
17922,17922,9,21,14,2026,1,#NE
17923,17923,9,21,14,2026,1,#NE
17924,17924,4,22,15,2026,1,#NE
17925,17925,4,1,10,2026,1,#NE
17926,17926,4,1,6,2026,1,#NE
17927,17927,9,21,7,2026,1,#NE
17928,17928,9,21,17,2026,1,#NE
17929,17929,9,21,17,2026,1,#NE
17930,17930,9,21,29,2026,1,#NE
17931,17931,7,28,6,2026,1,#NE
17932,17932,4,9,14,2026,1,#NE
17933,17933,4,9,7,2026,1,#NE
17934,17934,4,20,14,2026,1,#NE
17935,17935,4,28,4,2026,1,#NE
17936,17936,7,18,24,2026,1,#NE
17937,17937,6,9,2,2026,1,#NE
17938,17938,7,17,2,2026,1,#NE
17939,17939,4,26,14,2026,1,#NE
17940,17940,6,2,21,2026,1,#NE
17941,17941,4,25,23,2026,1,#NE
17942,17942,4,17,23,2026,1,#NE
17943,17943,7,7,30,2026,1,#NE
17944,17944,6,12,30,2026,1,#NE
17945,17945,6,12,23,2026,1,#NE
17946,17946,6,8,30,2026,1,#NE
17947,17947,6,8,20,2026,1,#NE
17948,17948,7,19,26,2026,1,#NE
17949,17949,7,19,24,2026,1,#NE
17950,17950,7,19,9,2026,1,#NE
17951,17951,7,19,20,2026,1,#NE
17952,17952,7,9,22,2026,1,#NE
17953,17953,4,19,6,2026,1,#NE
17954,17954,7,13,4,2026,1,#NE
17955,17955,6,13,24,2026,1,#NE
17956,17956,4,21,22,2026,1,#NE
17957,17957,7,12,6,2026,1,#NE
17958,17958,7,12,2,2026,1,#NE
17959,17959,6,24,13,2026,1,#NE
17960,17960,6,24,21,2026,1,#NE
17961,17961,6,4,4,2026,1,#NE
17962,17962,7,4,6,2026,1,#NE
17963,17963,6,17,29,2026,1,#NE
17964,17964,6,17,30,2026,1,#NE
17965,17965,6,17,9,2026,1,#NE
17966,17966,6,11,13,2026,1,#NE
17967,17967,6,11,22,2026,1,#NE
17968,17968,6,11,21,2026,1,#NE
17969,17969,9,20,16,2026,1,#NE
17970,17970,9,20,5,2026,1,#NE
17971,17971,9,20,5,2026,1,#NE
17972,17972,9,20,5,2026,1,#NE
17973,17973,9,20,5,2026,1,#NE
17974,17974,9,20,5,2026,1,#NE
17975,17975,9,20,5,2026,1,#NE
17976,17976,9,20,5,2026,1,#NE
17977,17977,9,20,15,2026,1,#NE
17978,17978,9,20,15,2026,1,#NE
17979,17979,9,20,15,2026,1,#NE
17980,17980,9,20,15,2026,1,#NE
17981,17981,9,20,28,2026,1,#NE
17982,17982,9,20,28,2026,1,#NE
17983,17983,9,20,28,2026,1,#NE
17984,17984,9,20,28,2026,1,#NE
17985,17985,9,20,17,2026,1,#NE
17986,17986,9,20,28,2026,1,#NE
17987,17987,9,20,17,2026,1,#NE
17988,17988,9,20,28,2026,1,#NE
17989,17989,9,20,28,2026,1,#NE
17990,17990,9,20,28,2026,1,#NE
17991,17991,9,20,17,2026,1,#NE
17992,17992,9,20,17,2026,1,#NE
17993,17993,9,20,28,2026,1,#NE
17994,17994,9,20,28,2026,1,#NE
17995,17995,9,20,9,2026,1,#NE
17996,17996,9,20,9,2026,1,#NE
17997,17997,9,20,9,2026,1,#NE
17998,17998,9,20,9,2026,1,#NE
17999,17999,9,20,9,2026,1,#NE
18000,18000,9,20,9,2026,1,#NE
18001,18001,9,20,9,2026,1,#NE
18002,18002,9,20,9,2026,1,#NE
18003,18003,9,20,9,2026,1,#NE
18004,18004,9,20,9,2026,1,#NE
18005,18005,5,12,9,2026,1,#NE
18006,18006,5,12,6,2026,1,#NE
18007,18007,3,24,14,2026,1,#NE
18008,18008,5,20,7,2026,1,#NE
18009,18009,5,20,23,2026,1,#NE
18010,18010,9,2,24,2026,1,#NE
18011,18011,9,2,6,2026,1,#NE
18012,18012,9,2,6,2026,1,#NE
18013,18013,9,2,6,2026,1,#NE
18014,18014,9,2,6,2026,1,#NE
18015,18015,9,2,21,2026,1,#NE
18016,18016,9,2,21,2026,1,#NE
18017,18017,9,2,21,2026,1,#NE
18018,18018,9,2,16,2026,1,#NE
18019,18019,9,2,17,2026,1,#NE
18020,18020,9,2,30,2026,1,#NE
18021,18021,9,9,1,2026,1,#NE
18022,18022,9,9,1,2026,1,#NE
18023,18023,9,9,1,2026,1,#NE
18024,18024,9,9,1,2026,1,#NE
18025,18025,9,9,1,2026,1,#NE
18026,18026,9,9,22,2026,1,#NE
18027,18027,9,9,22,2026,1,#NE
18028,18028,9,9,22,2026,1,#NE
18029,18029,9,9,26,2026,1,#NE
18030,18030,9,9,22,2026,1,#NE
18031,18031,9,9,14,2026,1,#NE
18032,18032,9,9,21,2026,1,#NE
18033,18033,9,9,21,2026,1,#NE
18034,18034,9,9,14,2026,1,#NE
18035,18035,9,9,14,2026,1,#NE
18036,18036,9,9,16,2026,1,#NE
18037,18037,9,9,29,2026,1,#NE
18038,18038,9,9,16,2026,1,#NE
18039,18039,9,9,15,2026,1,#NE
18040,18040,9,9,15,2026,1,#NE
18041,18041,9,9,15,2026,1,#NE
18042,18042,9,9,15,2026,1,#NE
18043,18043,9,9,4,2026,1,#NE
18044,18044,9,9,4,2026,1,#NE
18045,18045,9,9,4,2026,1,#NE
18046,18046,9,9,9,2026,1,#NE
18047,18047,9,9,9,2026,1,#NE
18048,18048,9,9,9,2026,1,#NE
18049,18049,9,9,9,2026,1,#NE
18050,18050,9,9,28,2026,1,#NE
18051,18051,9,9,28,2026,1,#NE
18052,18052,9,9,5,2026,1,#NE
18053,18053,9,9,5,2026,1,#NE
18054,18054,9,9,19,2026,1,#NE
18055,18055,9,9,19,2026,1,#NE
18056,18056,9,9,19,2026,1,#NE
18057,18057,9,9,19,2026,1,#NE
18058,18058,9,9,6,2026,1,#NE
18059,18059,9,9,6,2026,1,#NE
18060,18060,9,9,6,2026,1,#NE
18061,18061,9,9,6,2026,1,#NE
18062,18062,9,9,6,2026,1,#NE
18063,18063,9,9,6,2026,1,#NE
18064,18064,9,9,13,2026,1,#NE
18065,18065,9,9,13,2026,1,#NE
18066,18066,9,9,13,2026,1,#NE
18067,18067,9,9,25,2026,1,#NE
18068,18068,9,9,24,2026,1,#NE
18069,18069,5,28,15,2026,1,#NE
18070,18070,5,28,4,2026,1,#NE
18071,18071,8,17,4,2026,1,#NE
18072,18072,8,17,7,2026,1,#NE
18073,18073,8,17,7,2026,1,#NE
18074,18074,8,17,7,2026,1,#NE
18075,18075,8,17,7,2026,1,#NE
18076,18076,8,17,6,2026,1,#NE
18077,18077,8,17,15,2026,1,#NE
18078,18078,8,17,15,2026,1,#NE
18079,18079,8,17,22,2026,1,#NE
18080,18080,8,17,22,2026,1,#NE
18081,18081,8,17,14,2026,1,#NE
18082,18082,8,17,14,2026,1,#NE
18083,18083,8,17,14,2026,1,#NE
18084,18084,8,17,14,2026,1,#NE
18085,18085,8,17,9,2026,1,#NE
18086,18086,8,17,9,2026,1,#NE
18087,18087,8,17,9,2026,1,#NE
18088,18088,8,17,9,2026,1,#NE
18089,18089,8,17,9,2026,1,#NE
18090,18090,8,17,2,2026,1,#NE
18091,18091,8,17,2,2026,1,#NE
18092,18092,8,17,2,2026,1,#NE
18093,18093,8,17,2,2026,1,#NE
18094,18094,8,17,13,2026,1,#NE
18095,18095,8,17,20,2026,1,#NE
18096,18096,8,17,25,2026,1,#NE
18097,18097,8,17,24,2026,1,#NE
18098,18098,8,17,25,2026,1,#NE
18099,18099,8,17,19,2026,1,#NE
18100,18100,8,17,19,2026,1,#NE
18101,18101,8,17,27,2026,1,#NE
18102,18102,8,17,27,2026,1,#NE
18103,18103,8,17,27,2026,1,#NE
18104,18104,8,17,16,2026,1,#NE
18105,18105,8,17,16,2026,1,#NE
18106,18106,8,17,29,2026,1,#NE
18107,18107,8,17,16,2026,1,#NE
18108,18108,8,17,16,2026,1,#NE
18109,18109,8,17,16,2026,1,#NE
18110,18110,8,17,16,2026,1,#NE
18111,18111,9,4,26,2026,1,#NE
18112,18112,9,4,26,2026,1,#NE
18113,18113,9,4,24,2026,1,#NE
18114,18114,9,4,14,2026,1,#NE
18115,18115,9,4,14,2026,1,#NE
18116,18116,9,4,13,2026,1,#NE
18117,18117,9,4,13,2026,1,#NE
18118,18118,9,4,13,2026,1,#NE
18119,18119,9,4,20,2026,1,#NE
18120,18120,9,4,20,2026,1,#NE
18121,18121,9,4,12,2026,1,#NE
18122,18122,9,4,9,2026,1,#NE
18123,18123,9,4,27,2026,1,#NE
18124,18124,9,4,27,2026,1,#NE
18125,18125,9,4,27,2026,1,#NE
18126,18126,9,4,27,2026,1,#NE
18127,18127,9,4,6,2026,1,#NE
18128,18128,9,4,6,2026,1,#NE
18129,18129,9,4,6,2026,1,#NE
18130,18130,9,4,15,2026,1,#NE
18131,18131,9,4,15,2026,1,#NE
18132,18132,9,4,15,2026,1,#NE
18133,18133,9,4,15,2026,1,#NE
18134,18134,9,4,15,2026,1,#NE
18135,18135,9,4,15,2026,1,#NE
18136,18136,8,2,6,2026,1,#NE
18137,18137,8,2,6,2026,1,#NE
18138,18138,8,2,6,2026,1,#NE
18139,18139,8,2,14,2026,1,#NE
18140,18140,8,2,2,2026,1,#NE
18141,18141,8,2,17,2026,1,#NE
18142,18142,8,2,25,2026,1,#NE
18143,18143,8,2,25,2026,1,#NE
18144,18144,8,2,20,2026,1,#NE
18145,18145,8,2,5,2026,1,#NE
18146,18146,8,2,5,2026,1,#NE
18147,18147,9,7,26,2026,1,#NE
18148,18148,9,7,20,2026,1,#NE
18149,18149,9,7,20,2026,1,#NE
18150,18150,9,7,20,2026,1,#NE
18151,18151,9,7,20,2026,1,#NE
18152,18152,9,7,21,2026,1,#NE
18153,18153,9,7,21,2026,1,#NE
18154,18154,9,7,21,2026,1,#NE
18155,18155,9,7,21,2026,1,#NE
18156,18156,9,7,21,2026,1,#NE
18157,18157,9,7,23,2026,1,#NE
18158,18158,9,7,21,2026,1,#NE
18159,18159,9,7,8,2026,1,#NE
18160,18160,9,7,8,2026,1,#NE
18161,18161,9,7,8,2026,1,#NE
18162,18162,9,7,9,2026,1,#NE
18163,18163,9,7,9,2026,1,#NE
18164,18164,9,7,9,2026,1,#NE
18165,18165,9,7,29,2026,1,#NE
18166,18166,9,7,14,2026,1,#NE
18167,18167,9,7,16,2026,1,#NE
18168,18168,9,7,14,2026,1,#NE
18169,18169,9,7,14,2026,1,#NE
18170,18170,9,7,14,2026,1,#NE
18171,18171,9,7,29,2026,1,#NE
18172,18172,9,7,14,2026,1,#NE
18173,18173,9,7,14,2026,1,#NE
18174,18174,9,7,6,2026,1,#NE
18175,18175,9,7,6,2026,1,#NE
18176,18176,9,7,25,2026,1,#NE
18177,18177,9,7,25,2026,1,#NE
18178,18178,9,7,24,2026,1,#NE
18179,18179,9,7,24,2026,1,#NE
18180,18180,9,7,19,2026,1,#NE
18181,18181,9,7,19,2026,1,#NE
18182,18182,9,7,19,2026,1,#NE
18183,18183,9,7,19,2026,1,#NE
18184,18184,9,7,19,2026,1,#NE
18185,18185,9,7,19,2026,1,#NE
18186,18186,9,7,17,2026,1,#NE
18187,18187,9,7,28,2026,1,#NE
18188,18188,9,7,13,2026,1,#NE
18189,18189,9,7,13,2026,1,#NE
18190,18190,9,7,13,2026,1,#NE
18191,18191,9,7,27,2026,1,#NE
18192,18192,9,7,27,2026,1,#NE
18193,18193,9,7,27,2026,1,#NE
18194,18194,5,10,17,2026,1,#NE
18195,18195,5,10,22,2026,1,#NE
18196,18196,5,10,20,2026,1,#NE
18197,18197,3,7,7,2026,1,#NE
18198,18198,3,17,30,2026,1,#NE
18199,18199,5,1,24,2026,1,#NE
18200,18200,9,1,16,2026,1,#NE
18201,18201,9,1,24,2026,1,#NE
18202,18202,9,1,11,2026,1,#NE
18203,18203,9,1,11,2026,1,#NE
18204,18204,9,1,25,2026,1,#NE
18205,18205,9,1,20,2026,1,#NE
18206,18206,9,1,20,2026,1,#NE
18207,18207,9,1,20,2026,1,#NE
18208,18208,9,1,20,2026,1,#NE
18209,18209,9,1,6,2026,1,#NE
18210,18210,9,1,6,2026,1,#NE
18211,18211,9,1,9,2026,1,#NE
18212,18212,9,1,9,2026,1,#NE
18213,18213,9,1,14,2026,1,#NE
18214,18214,9,1,28,2026,1,#NE
18215,18215,9,1,13,2026,1,#NE
18216,18216,9,1,13,2026,1,#NE
18217,18217,9,1,13,2026,1,#NE
18218,18218,9,1,27,2026,1,#NE
18219,18219,9,1,15,2026,1,#NE
18220,18220,9,1,15,2026,1,#NE
18221,18221,9,1,15,2026,1,#NE
18222,18222,9,17,9,2026,1,#NE
18223,18223,9,17,9,2026,1,#NE
18224,18224,9,17,9,2026,1,#NE
18225,18225,9,17,9,2026,1,#NE
18226,18226,9,17,9,2026,1,#NE
18227,18227,9,17,14,2026,1,#NE
18228,18228,9,17,14,2026,1,#NE
18229,18229,9,17,14,2026,1,#NE
18230,18230,9,17,14,2026,1,#NE
18231,18231,9,17,14,2026,1,#NE
18232,18232,9,17,14,2026,1,#NE
18233,18233,9,17,14,2026,1,#NE
18234,18234,9,17,6,2026,1,#NE
18235,18235,9,17,6,2026,1,#NE
18236,18236,9,17,15,2026,1,#NE
18237,18237,9,17,15,2026,1,#NE
18238,18238,9,17,15,2026,1,#NE
18239,18239,9,17,15,2026,1,#NE
18240,18240,9,17,15,2026,1,#NE
18241,18241,9,17,15,2026,1,#NE
18242,18242,9,17,7,2026,1,#NE
18243,18243,9,17,15,2026,1,#NE
18244,18244,9,17,15,2026,1,#NE
18245,18245,9,17,15,2026,1,#NE
18246,18246,9,17,29,2026,1,#NE
18247,18247,9,17,29,2026,1,#NE
18248,18248,9,17,16,2026,1,#NE
18249,18249,9,17,16,2026,1,#NE
18250,18250,9,17,16,2026,1,#NE
18251,18251,9,17,16,2026,1,#NE
18252,18252,9,17,24,2026,1,#NE
18253,18253,9,17,25,2026,1,#NE
18254,18254,9,17,25,2026,1,#NE
18255,18255,9,17,19,2026,1,#NE
18256,18256,9,17,19,2026,1,#NE
18257,18257,9,17,19,2026,1,#NE
18258,18258,9,17,22,2026,1,#NE
18259,18259,9,17,22,2026,1,#NE
18260,18260,9,17,22,2026,1,#NE
18261,18261,9,17,22,2026,1,#NE
18262,18262,9,17,20,2026,1,#NE
18263,18263,9,17,20,2026,1,#NE
18264,18264,9,17,20,2026,1,#NE
18265,18265,9,17,20,2026,1,#NE
18266,18266,9,17,20,2026,1,#NE
18267,18267,9,17,2,2026,1,#NE
18268,18268,9,17,2,2026,1,#NE
18269,18269,9,17,2,2026,1,#NE
18270,18270,9,17,2,2026,1,#NE
18271,18271,9,17,27,2026,1,#NE
18272,18272,9,17,27,2026,1,#NE
18273,18273,9,17,27,2026,1,#NE
18274,18274,9,17,13,2026,1,#NE
18275,18275,6,19,13,2026,1,#NE
18276,18276,6,15,22,2026,1,#NE
18277,18277,6,15,4,2026,1,#NE
18278,18278,6,26,4,2026,1,#NE
18279,18279,6,28,15,2026,1,#NE
18280,18280,7,22,13,2026,1,#NE
18281,18281,7,3,22,2026,1,#NE
18282,18282,4,13,24,2026,1,#NE
18283,18283,4,13,22,2026,1,#NE
18284,18284,6,10,21,2026,1,#NE
18285,18285,6,10,14,2026,1,#NE
18286,18286,6,10,13,2026,1,#NE
18287,18287,6,10,30,2026,1,#NE
18288,18288,4,14,13,2026,1,#NE
18289,18289,6,7,21,2026,1,#NE
18290,18290,6,7,19,2026,1,#NE
18291,18291,7,24,24,2026,1,#NE
18292,18292,7,21,21,2026,1,#NE
18293,18293,7,21,23,2026,1,#NE
18294,18294,7,21,1,2026,1,#NE
18295,18295,6,21,21,2026,1,#NE
18296,18296,6,21,22,2026,1,#NE
18297,18297,4,3,20,2026,1,#NE
18298,18298,4,3,19,2026,1,#NE
18299,18299,7,1,20,2026,1,#NE
18300,18300,7,10,26,2026,1,#NE
18301,18301,7,10,30,2026,1,#NE
18302,18302,4,5,16,2026,1,#NE
18303,18303,3,8,18,2026,1,#NE
18304,18304,8,20,7,2026,1,#NE
18305,18305,8,20,7,2026,1,#NE
18306,18306,8,3,13,2026,1,#NE
18307,18307,8,25,17,2026,1,#NE
18308,18308,8,20,29,2026,1,#NE
18309,18309,8,26,28,2026,1,#NE
18310,18310,8,25,2,2026,1,#NE
18311,18311,8,20,5,2026,1,#NE
18312,18312,8,26,22,2026,1,#NE
18313,18313,8,26,22,2026,1,#NE
18314,18314,8,20,15,2026,1,#NE
18315,18315,8,20,13,2026,1,#NE
18316,18316,8,20,2,2026,1,#NE
18317,18317,8,20,2,2026,1,#NE
18318,18318,8,12,2,2026,1,#NE
18319,18319,8,22,22,2026,1,#NE
18320,18320,8,12,12,2026,1,#NE
18321,18321,8,12,26,2026,1,#NE
18322,18322,9,18,2,2026,1,#NE
18323,18323,3,11,18,2026,1,#NE
18324,18324,8,14,1,2026,1,#NE
18325,18325,9,12,1,2026,1,#NE
18326,18326,8,24,1,2026,1,#NE
18327,18327,8,24,1,2026,1,#NE
18328,18328,9,12,8,2026,1,#NE
18329,18329,8,15,8,2026,1,#NE
18330,18330,9,15,8,2026,1,#NE
18331,18331,8,24,4,2026,1,#NE
18332,18332,8,24,5,2026,1,#NE
18333,18333,9,24,27,2026,1,#NE
18334,18334,8,18,21,2026,1,#NE
18335,18335,9,20,21,2026,1,#NE
18336,18336,8,18,5,2026,1,#NE
18337,18337,8,18,5,2026,1,#NE
18338,18338,8,18,5,2026,1,#NE
18339,18339,8,18,4,2026,1,#NE
18340,18340,8,18,2,2026,1,#NE
18341,18341,8,18,14,2026,1,#NE
18342,18342,9,26,22,2026,1,#NE
18343,18343,9,26,22,2026,1,#NE
18344,18344,8,11,4,2026,1,#NE
18345,18345,5,18,4,2026,1,#NE
18346,18346,5,18,5,2026,1,#NE
18347,18347,5,18,12,2026,1,#NE
18348,18348,9,28,17,2026,1,#NE
18349,18349,9,20,6,2026,1,#NE
18350,18350,8,8,21,2026,1,#NE
18351,18351,9,19,22,2026,1,#NE
18352,18352,9,19,29,2026,1,#NE
18353,18353,9,20,7,2026,1,#NE
18354,18354,9,20,14,2026,1,#NE
18355,18355,9,19,14,2026,1,#NE
18356,18356,9,19,2,2026,1,#NE
18357,18357,9,19,2,2026,1,#NE
18358,18358,8,4,20,2026,1,#NE
18359,18359,5,15,5,2026,1,#NE
18360,18360,7,18,23,2026,1,#NE
18361,18361,7,12,4,2026,1,#NE
18362,18362,9,20,5,2026,1,#NE
18363,18363,9,20,5,2026,1,#NE
18364,18364,9,20,17,2026,1,#NE
18365,18365,9,20,28,2026,1,#NE
18366,18366,5,12,12,2026,1,#NE
18367,18367,9,9,5,2026,1,#NE
18368,18368,3,19,12,2026,1,#NE
18369,18369,8,17,12,2026,1,#NE
18370,18370,8,17,19,2026,1,#NE
18371,18371,9,4,29,2026,1,#NE
18372,18372,9,1,21,2026,1,#NE
18373,18373,9,17,8,2026,1,#NE
18374,18374,9,17,8,2026,1,#NE
18375,18375,9,17,8,2026,1,#NE
18376,18376,9,17,8,2026,1,#NE
18377,18377,9,17,8,2026,1,#NE
18378,18378,9,17,8,2026,1,#NE
18379,18379,9,17,8,2026,1,#NE
18380,18380,9,17,8,2026,1,#NE
18381,18381,6,15,5,2026,1,#NE
18382,18382,7,8,1,2026,1,#NE
18383,18383,8,22,19,2026,1,#NE
18384,18384,8,7,20,2026,1,#NE
18385,18385,9,18,16,2026,1,#NE
18386,18386,10,8,27,2026,1,#NE
18387,18387,10,8,24,2026,1,#NE
18388,18388,10,8,20,2026,1,#NE
18389,18389,10,8,8,2026,1,#NE
18390,18390,9,15,6,2026,1,#NE
18391,18391,3,18,9,2026,1,#NE
18392,18392,9,3,9,2026,1,#NE
18393,18393,3,16,6,2026,1,#NE
18394,18394,9,20,1,2026,1,#NE
18395,18395,8,23,29,2026,1,#NE
18396,18396,9,21,6,2026,1,#NE
18397,18397,9,20,14,2026,1,#NE
18398,18398,9,20,29,2026,1,#NE
18399,18399,9,1,14,2026,1,#NE
18400,18400,8,20,29,2026,1,#NE
18401,18401,8,20,14,2026,1,#NE
18402,18402,8,10,16,2026,1,#NE
18403,18403,9,10,6,2026,1,#NE
18404,18404,9,25,20,2026,1,#NE
18405,18405,9,12,8,2026,1,#NE
18406,18406,8,11,9,2026,1,#NE
18407,18407,7,2,13,2026,1,#NE
18408,18408,9,21,21,2026,1,#NE
18409,18409,9,20,29,2026,1,#NE
18410,18410,5,20,27,2026,1,#NE
18411,18411,9,1,3,2026,1,#NE
18412,18412,6,28,26,2026,1,#NE
18413,18413,8,20,29,2026,1,#NE
18414,18414,8,10,19,2026,1,#NE
18415,18415,8,10,4,2026,1,#NE
18416,18416,8,10,20,2026,1,#NE
18417,18417,8,26,4,2026,1,#NE
18418,18418,9,27,4,2026,1,#NE
18419,18419,9,27,4,2026,1,#NE
18420,18420,9,27,4,2026,1,#NE
18421,18421,9,27,4,2026,1,#NE
18422,18422,9,27,4,2026,1,#NE
18423,18423,9,27,16,2026,1,#NE
18424,18424,9,27,4,2026,1,#NE
18425,18425,9,27,4,2026,1,#NE
18426,18426,9,27,4,2026,1,#NE
18427,18427,9,27,4,2026,1,#NE
18428,18428,9,27,4,2026,1,#NE
18429,18429,9,27,4,2026,1,#NE
18430,18430,9,27,29,2026,1,#NE
18431,18431,9,27,16,2026,1,#NE
18432,18432,9,27,4,2026,1,#NE
18433,18433,9,27,4,2026,1,#NE
18434,18434,9,27,16,2026,1,#NE
18435,18435,9,27,29,2026,1,#NE
18436,18436,9,27,4,2026,1,#NE
18437,18437,9,27,4,2026,1,#NE
18438,18438,9,27,4,2026,1,#NE
18439,18439,9,27,29,2026,1,#NE
18440,18440,9,27,29,2026,1,#NE
18441,18441,9,27,16,2026,1,#NE
18442,18442,9,27,29,2026,1,#NE
18443,18443,9,27,8,2026,1,#NE
18444,18444,9,27,8,2026,1,#NE
18445,18445,9,27,8,2026,1,#NE
18446,18446,9,27,8,2026,1,#NE
18447,18447,9,27,8,2026,1,#NE
18448,18448,9,27,8,2026,1,#NE
18449,18449,9,27,8,2026,1,#NE
18450,18450,9,27,8,2026,1,#NE
18451,18451,9,27,8,2026,1,#NE
18452,18452,9,27,8,2026,1,#NE
18453,18453,9,27,8,2026,1,#NE
18454,18454,9,27,8,2026,1,#NE
18455,18455,9,27,8,2026,1,#NE
18456,18456,9,27,12,2026,1,#NE
18457,18457,9,27,12,2026,1,#NE
18458,18458,9,27,24,2026,1,#NE
18459,18459,9,27,11,2026,1,#NE
18460,18460,9,27,24,2026,1,#NE
18461,18461,9,27,24,2026,1,#NE
18462,18462,9,27,24,2026,1,#NE
18463,18463,9,27,24,2026,1,#NE
18464,18464,9,27,24,2026,1,#NE
18465,18465,9,27,24,2026,1,#NE
18466,18466,9,27,24,2026,1,#NE
18467,18467,9,27,24,2026,1,#NE
18468,18468,9,27,7,2026,1,#NE
18469,18469,9,27,7,2026,1,#NE
18470,18470,9,27,7,2026,1,#NE
18471,18471,9,27,7,2026,1,#NE
18472,18472,9,27,7,2026,1,#NE
18473,18473,9,27,7,2026,1,#NE
18474,18474,9,27,7,2026,1,#NE
18475,18475,9,27,13,2026,1,#NE
18476,18476,9,27,13,2026,1,#NE
18477,18477,9,27,7,2026,1,#NE
18478,18478,9,27,7,2026,1,#NE
18479,18479,9,27,13,2026,1,#NE
18480,18480,9,27,13,2026,1,#NE
18481,18481,9,27,13,2026,1,#NE
18482,18482,9,27,26,2026,1,#NE
18483,18483,9,27,22,2026,1,#NE
18484,18484,9,27,22,2026,1,#NE
18485,18485,9,27,22,2026,1,#NE
18486,18486,9,27,22,2026,1,#NE
18487,18487,9,27,22,2026,1,#NE
18488,18488,9,27,22,2026,1,#NE
18489,18489,9,27,22,2026,1,#NE
18490,18490,9,27,22,2026,1,#NE
18491,18491,9,27,22,2026,1,#NE
18492,18492,9,27,15,2026,1,#NE
18493,18493,9,27,15,2026,1,#NE
18494,18494,9,27,15,2026,1,#NE
18495,18495,9,27,15,2026,1,#NE
18496,18496,9,27,15,2026,1,#NE
18497,18497,9,27,15,2026,1,#NE
18498,18498,9,27,15,2026,1,#NE
18499,18499,9,27,15,2026,1,#NE
18500,18500,9,27,15,2026,1,#NE
18501,18501,9,27,15,2026,1,#NE
18502,18502,9,27,15,2026,1,#NE
18503,18503,9,27,15,2026,1,#NE
18504,18504,9,27,15,2026,1,#NE
18505,18505,9,27,15,2026,1,#NE
18506,18506,9,27,15,2026,1,#NE
18507,18507,9,27,15,2026,1,#NE
18508,18508,9,27,27,2026,1,#NE
18509,18509,9,27,1,2026,1,#NE
18510,18510,9,27,27,2026,1,#NE
18511,18511,9,27,27,2026,1,#NE
18512,18512,9,27,27,2026,1,#NE
18513,18513,9,27,27,2026,1,#NE
18514,18514,9,27,27,2026,1,#NE
18515,18515,9,27,27,2026,1,#NE
18516,18516,9,27,27,2026,1,#NE
18517,18517,9,27,27,2026,1,#NE
18518,18518,9,27,1,2026,1,#NE
18519,18519,9,27,1,2026,1,#NE
18520,18520,9,27,1,2026,1,#NE
18521,18521,9,27,1,2026,1,#NE
18522,18522,9,27,27,2026,1,#NE
18523,18523,9,27,27,2026,1,#NE
18524,18524,9,27,1,2026,1,#NE
18525,18525,9,27,1,2026,1,#NE
18526,18526,9,27,27,2026,1,#NE
18527,18527,9,27,27,2026,1,#NE
18528,18528,9,27,27,2026,1,#NE
18529,18529,9,27,6,2026,1,#NE
18530,18530,9,27,6,2026,1,#NE
18531,18531,9,27,6,2026,1,#NE
18532,18532,9,27,6,2026,1,#NE
18533,18533,9,27,6,2026,1,#NE
18534,18534,9,27,6,2026,1,#NE
18535,18535,9,27,6,2026,1,#NE
18536,18536,9,27,6,2026,1,#NE
18537,18537,9,27,6,2026,1,#NE
18538,18538,9,27,6,2026,1,#NE
18539,18539,9,27,6,2026,1,#NE
18540,18540,9,27,6,2026,1,#NE
18541,18541,9,27,6,2026,1,#NE
18542,18542,9,27,6,2026,1,#NE
18543,18543,9,27,17,2026,1,#NE
18544,18544,9,27,17,2026,1,#NE
18545,18545,9,27,5,2026,1,#NE
18546,18546,9,27,17,2026,1,#NE
18547,18547,9,27,17,2026,1,#NE
18548,18548,9,27,17,2026,1,#NE
18549,18549,9,27,28,2026,1,#NE
18550,18550,9,27,9,2026,1,#NE
18551,18551,9,27,9,2026,1,#NE
18552,18552,9,27,9,2026,1,#NE
18553,18553,9,27,9,2026,1,#NE
18554,18554,9,27,9,2026,1,#NE
18555,18555,9,27,9,2026,1,#NE
18556,18556,9,27,9,2026,1,#NE
18557,18557,9,27,9,2026,1,#NE
18558,18558,9,27,9,2026,1,#NE
18559,18559,9,27,9,2026,1,#NE
18560,18560,9,27,2,2026,1,#NE
18561,18561,9,27,2,2026,1,#NE
18562,18562,9,27,2,2026,1,#NE
18563,18563,9,27,2,2026,1,#NE
18564,18564,9,27,2,2026,1,#NE
18565,18565,9,27,2,2026,1,#NE
18566,18566,9,27,2,2026,1,#NE
18567,18567,9,27,2,2026,1,#NE
18568,18568,9,27,2,2026,1,#NE
18569,18569,9,27,2,2026,1,#NE
18570,18570,8,20,15,2026,1,#NE
18571,18571,9,27,2,2026,1,#NE
18572,18572,9,27,2,2026,1,#NE
18573,18573,9,27,20,2026,1,#NE
18574,18574,9,27,20,2026,1,#NE
18575,18575,9,27,20,2026,1,#NE
18576,18576,9,27,20,2026,1,#NE
18577,18577,9,27,20,2026,1,#NE
18578,18578,9,27,20,2026,1,#NE
18579,18579,9,27,20,2026,1,#NE
18580,18580,9,27,20,2026,1,#NE
18581,18581,9,27,20,2026,1,#NE
18582,18582,9,27,20,2026,1,#NE
18583,18583,9,27,20,2026,1,#NE
18584,18584,9,27,3,2026,1,#NE
18585,18585,9,27,21,2026,1,#NE
18586,18586,9,27,21,2026,1,#NE
18587,18587,9,27,21,2026,1,#NE
18588,18588,9,27,21,2026,1,#NE
18589,18589,9,27,21,2026,1,#NE
18590,18590,9,27,3,2026,1,#NE
18591,18591,9,27,21,2026,1,#NE
18592,18592,9,27,21,2026,1,#NE
18593,18593,9,27,14,2026,1,#NE
18594,18594,9,27,14,2026,1,#NE
18595,18595,9,27,14,2026,1,#NE
18596,18596,9,27,14,2026,1,#NE
18597,18597,9,27,14,2026,1,#NE
18598,18598,9,27,14,2026,1,#NE
18599,18599,9,27,14,2026,1,#NE
18600,18600,9,27,14,2026,1,#NE
18601,18601,9,27,14,2026,1,#NE
18602,18602,9,27,14,2026,1,#NE
18603,18603,9,27,14,2026,1,#NE
18604,18604,9,27,19,2026,1,#NE
18605,18605,9,27,19,2026,1,#NE
18606,18606,9,27,19,2026,1,#NE
18607,18607,9,27,19,2026,1,#NE
18608,18608,9,27,19,2026,1,#NE
18609,18609,9,27,19,2026,1,#NE
18610,18610,9,27,19,2026,1,#NE
18611,18611,9,27,19,2026,1,#NE
18612,18612,9,27,19,2026,1,#NE
18613,18613,9,27,19,2026,1,#NE
18614,18614,9,5,22,2026,1,#NE
18615,18615,9,5,4,2026,1,#NE
18616,18616,9,5,4,2026,1,#NE
18617,18617,8,12,6,2026,1,#NE
18618,18618,8,12,6,2026,1,#NE
18619,18619,8,12,9,2026,1,#NE
18620,18620,8,20,28,2026,1,#NE
18621,18621,8,27,9,2026,1,#NE
18622,18622,8,27,9,2026,1,#NE
18623,18623,8,27,9,2026,1,#NE
18624,18624,8,27,9,2026,1,#NE
18625,18625,8,27,9,2026,1,#NE
18626,18626,8,27,9,2026,1,#NE
18627,18627,8,27,9,2026,1,#NE
18628,18628,8,27,5,2026,1,#NE
18629,18629,8,27,5,2026,1,#NE
18630,18630,8,27,5,2026,1,#NE
18631,18631,8,27,5,2026,1,#NE
18632,18632,8,27,5,2026,1,#NE
18633,18633,8,27,21,2026,1,#NE
18634,18634,8,27,21,2026,1,#NE
18635,18635,8,27,21,2026,1,#NE
18636,18636,8,27,21,2026,1,#NE
18637,18637,8,27,21,2026,1,#NE
18638,18638,8,27,21,2026,1,#NE
18639,18639,8,27,21,2026,1,#NE
18640,18640,8,27,21,2026,1,#NE
18641,18641,8,27,21,2026,1,#NE
18642,18642,8,27,21,2026,1,#NE
18643,18643,8,27,13,2026,1,#NE
18644,18644,8,27,13,2026,1,#NE
18645,18645,8,27,13,2026,1,#NE
18646,18646,8,27,13,2026,1,#NE
18647,18647,8,27,13,2026,1,#NE
18648,18648,8,27,13,2026,1,#NE
18649,18649,8,27,13,2026,1,#NE
18650,18650,8,27,13,2026,1,#NE
18651,18651,8,27,13,2026,1,#NE
18652,18652,8,27,13,2026,1,#NE
18653,18653,8,27,23,2026,1,#NE
18654,18654,8,27,24,2026,1,#NE
18655,18655,8,27,24,2026,1,#NE
18656,18656,8,27,11,2026,1,#NE
18657,18657,8,27,24,2026,1,#NE
18658,18658,8,27,24,2026,1,#NE
18659,18659,8,27,24,2026,1,#NE
18660,18660,8,27,24,2026,1,#NE
18661,18661,8,27,24,2026,1,#NE
18662,18662,8,27,24,2026,1,#NE
18663,18663,8,27,24,2026,1,#NE
18664,18664,8,27,24,2026,1,#NE
18665,18665,8,27,19,2026,1,#NE
18666,18666,8,27,19,2026,1,#NE
18667,18667,8,27,19,2026,1,#NE
18668,18668,8,27,19,2026,1,#NE
18669,18669,8,27,19,2026,1,#NE
18670,18670,8,27,19,2026,1,#NE
18671,18671,8,27,19,2026,1,#NE
18672,18672,8,27,19,2026,1,#NE
18673,18673,8,27,19,2026,1,#NE
18674,18674,8,27,19,2026,1,#NE
18675,18675,8,27,6,2026,1,#NE
18676,18676,8,27,6,2026,1,#NE
18677,18677,8,27,6,2026,1,#NE
18678,18678,8,27,6,2026,1,#NE
18679,18679,8,27,6,2026,1,#NE
18680,18680,8,27,6,2026,1,#NE
18681,18681,8,27,6,2026,1,#NE
18682,18682,8,27,27,2026,1,#NE
18683,18683,8,27,27,2026,1,#NE
18684,18684,8,27,27,2026,1,#NE
18685,18685,8,27,27,2026,1,#NE
18686,18686,8,27,22,2026,1,#NE
18687,18687,8,27,22,2026,1,#NE
18688,18688,8,27,22,2026,1,#NE
18689,18689,8,27,26,2026,1,#NE
18690,18690,8,27,22,2026,1,#NE
18691,18691,8,12,20,2026,1,#NE
18692,18692,8,12,21,2026,1,#NE
18693,18693,5,17,14,2026,1,#NE
18694,18694,8,27,7,2026,1,#NE
18695,18695,8,27,7,2026,1,#NE
18696,18696,8,27,7,2026,1,#NE
18697,18697,8,27,7,2026,1,#NE
18698,18698,3,13,16,2026,1,#NE
18699,18699,8,27,7,2026,1,#NE
18700,18700,8,27,7,2026,1,#NE
18701,18701,5,8,13,2026,1,#NE
18702,18702,8,25,3,2026,1,#NE
18703,18703,8,25,22,2026,1,#NE
18704,18704,8,27,2,2026,1,#NE
18705,18705,8,25,22,2026,1,#NE
18706,18706,9,10,8,2026,1,#NE
18707,18707,5,25,30,2026,1,#NE
18708,18708,8,10,21,2026,1,#NE
18709,18709,8,27,2,2026,1,#NE
18710,18710,8,25,22,2026,1,#NE
18711,18711,8,25,22,2026,1,#NE
18712,18712,8,20,8,2026,1,#NE
18713,18713,8,20,8,2026,1,#NE
18714,18714,8,20,8,2026,1,#NE
18715,18715,8,27,15,2026,1,#NE
18716,18716,8,3,19,2026,1,#NE
18717,18717,8,27,15,2026,1,#NE
18718,18718,8,27,4,2026,1,#NE
18719,18719,8,25,15,2026,1,#NE
18720,18720,8,27,15,2026,1,#NE
18721,18721,8,25,4,2026,1,#NE
18722,18722,8,20,8,2026,1,#NE
18723,18723,8,27,4,2026,1,#NE
18724,18724,8,27,4,2026,1,#NE
18725,18725,8,27,15,2026,1,#NE
18726,18726,8,27,4,2026,1,#NE
18727,18727,8,27,4,2026,1,#NE
18728,18728,8,27,4,2026,1,#NE
18729,18729,8,27,4,2026,1,#NE
18730,18730,8,10,15,2026,1,#NE
18731,18731,8,25,4,2026,1,#NE
18732,18732,8,25,4,2026,1,#NE
18733,18733,8,27,4,2026,1,#NE
18734,18734,8,20,8,2026,1,#NE
18735,18735,8,27,20,2026,1,#NE
18736,18736,8,27,17,2026,1,#NE
18737,18737,8,10,16,2026,1,#NE
18738,18738,8,10,16,2026,1,#NE
18739,18739,8,10,29,2026,1,#NE
18740,18740,8,20,16,2026,1,#NE
18741,18741,8,20,16,2026,1,#NE
18742,18742,8,27,28,2026,1,#NE
18743,18743,8,27,28,2026,1,#NE
18744,18744,8,10,19,2026,1,#NE
18745,18745,8,27,17,2026,1,#NE
18746,18746,8,27,28,2026,1,#NE
18747,18747,8,27,17,2026,1,#NE
18748,18748,8,10,19,2026,1,#NE
18749,18749,8,20,16,2026,1,#NE
18750,18750,8,27,17,2026,1,#NE
18751,18751,8,20,4,2026,1,#NE
18752,18752,8,10,19,2026,1,#NE
18753,18753,8,10,19,2026,1,#NE
18754,18754,8,27,20,2026,1,#NE
18755,18755,8,20,4,2026,1,#NE
18756,18756,8,20,4,2026,1,#NE
18757,18757,8,27,20,2026,1,#NE
18758,18758,8,20,4,2026,1,#NE
18759,18759,8,20,4,2026,1,#NE
18760,18760,8,27,14,2026,1,#NE
18761,18761,8,3,13,2026,1,#NE
18762,18762,8,3,13,2026,1,#NE
18763,18763,8,3,13,2026,1,#NE
18764,18764,8,3,4,2026,1,#NE
18765,18765,8,10,14,2026,1,#NE
18766,18766,8,25,28,2026,1,#NE
18767,18767,8,25,9,2026,1,#NE
18768,18768,8,3,2,2026,1,#NE
18769,18769,8,3,29,2026,1,#NE
18770,18770,8,10,24,2026,1,#NE
18771,18771,8,10,24,2026,1,#NE
18772,18772,8,10,25,2026,1,#NE
18773,18773,8,25,9,2026,1,#NE
18774,18774,8,25,9,2026,1,#NE
18775,18775,8,10,13,2026,1,#NE
18776,18776,8,10,13,2026,1,#NE
18777,18777,8,10,9,2026,1,#NE
18778,18778,8,27,14,2026,1,#NE
18779,18779,8,27,14,2026,1,#NE
18780,18780,8,27,14,2026,1,#NE
18781,18781,8,27,14,2026,1,#NE
18782,18782,8,3,9,2026,1,#NE
18783,18783,8,27,14,2026,1,#NE
18784,18784,8,27,14,2026,1,#NE
18785,18785,8,3,23,2026,1,#NE
18786,18786,8,3,20,2026,1,#NE
18787,18787,8,10,9,2026,1,#NE
18788,18788,8,27,14,2026,1,#NE
18789,18789,8,27,14,2026,1,#NE
18790,18790,8,27,14,2026,1,#NE
18791,18791,8,25,24,2026,1,#NE
18792,18792,8,27,14,2026,1,#NE
18793,18793,8,25,24,2026,1,#NE
18794,18794,8,25,24,2026,1,#NE
18795,18795,8,27,1,2026,1,#NE
18796,18796,8,10,28,2026,1,#NE
18797,18797,8,27,1,2026,1,#NE
18798,18798,8,27,1,2026,1,#NE
18799,18799,8,27,1,2026,1,#NE
18800,18800,8,27,1,2026,1,#NE
18801,18801,8,27,1,2026,1,#NE
18802,18802,8,20,22,2026,1,#NE
18803,18803,8,20,22,2026,1,#NE
18804,18804,8,27,12,2026,1,#NE
18805,18805,8,20,22,2026,1,#NE
18806,18806,8,20,22,2026,1,#NE
18807,18807,8,20,22,2026,1,#NE
18808,18808,8,20,21,2026,1,#NE
18809,18809,8,3,26,2026,1,#NE
18810,18810,8,27,16,2026,1,#NE
18811,18811,8,10,28,2026,1,#NE
18812,18812,8,10,7,2026,1,#NE
18813,18813,8,27,16,2026,1,#NE
18814,18814,8,27,29,2026,1,#NE
18815,18815,8,20,21,2026,1,#NE
18816,18816,8,20,21,2026,1,#NE
18817,18817,8,27,16,2026,1,#NE
18818,18818,8,20,21,2026,1,#NE
18819,18819,8,20,21,2026,1,#NE
18820,18820,8,10,4,2026,1,#NE
18821,18821,8,27,29,2026,1,#NE
18822,18822,8,27,16,2026,1,#NE
18823,18823,9,5,4,2026,1,#NE
18824,18824,8,10,4,2026,1,#NE
18825,18825,8,20,21,2026,1,#NE
18826,18826,8,20,3,2026,1,#NE
18827,18827,8,20,21,2026,1,#NE
18828,18828,9,5,6,2026,1,#NE
18829,18829,9,5,13,2026,1,#NE
18830,18830,8,27,16,2026,1,#NE
18831,18831,9,22,27,2026,1,#NE
18832,18832,9,10,28,2026,1,#NE
18833,18833,8,20,21,2026,1,#NE
18834,18834,9,10,22,2026,1,#NE
18835,18835,8,7,20,2026,1,#NE
18836,18836,8,7,19,2026,1,#NE
18837,18837,8,20,6,2026,1,#NE
18838,18838,8,20,6,2026,1,#NE
18839,18839,8,20,6,2026,1,#NE
18840,18840,10,8,26,2026,1,#NE
18841,18841,8,20,6,2026,1,#NE
18842,18842,8,10,27,2026,1,#NE
18843,18843,8,25,14,2026,1,#NE
18844,18844,8,7,7,2026,1,#NE
18845,18845,8,7,25,2026,1,#NE
18846,18846,8,25,14,2026,1,#NE
18847,18847,8,25,14,2026,1,#NE
18848,18848,8,25,2,2026,1,#NE
18849,18849,8,25,2,2026,1,#NE
18850,18850,8,25,2,2026,1,#NE
18851,18851,8,25,2,2026,1,#NE
18852,18852,9,12,6,2026,1,#NE
18853,18853,8,20,6,2026,1,#NE
18854,18854,8,3,24,2026,1,#NE
18855,18855,8,14,13,2026,1,#NE
18856,18856,8,14,16,2026,1,#NE
18857,18857,8,21,19,2026,1,#NE
18858,18858,9,13,27,2026,1,#NE
18859,18859,8,3,6,2026,1,#NE
18860,18860,8,26,14,2026,1,#NE
18861,18861,10,8,27,2026,1,#NE
18862,18862,10,8,21,2026,1,#NE
18863,18863,8,25,2,2026,1,#NE
18864,18864,9,12,28,2026,1,#NE
18865,18865,8,20,6,2026,1,#NE
18866,18866,8,20,6,2026,1,#NE
18867,18867,8,20,5,2026,1,#NE
18868,18868,8,3,15,2026,1,#NE
18869,18869,9,12,15,2026,1,#NE
18870,18870,8,1,15,2026,1,#NE
18871,18871,8,3,15,2026,1,#NE
18872,18872,8,12,19,2026,1,#NE
18873,18873,8,12,19,2026,1,#NE
18874,18874,8,26,19,2026,1,#NE
18875,18875,8,15,4,2026,1,#NE
18876,18876,9,25,20,2026,1,#NE
18877,18877,9,25,15,2026,1,#NE
18878,18878,8,26,9,2026,1,#NE
18879,18879,8,26,9,2026,1,#NE
18880,18880,8,26,30,2026,1,#NE
18881,18881,8,25,7,2026,1,#NE
18882,18882,9,15,28,2026,1,#NE
18883,18883,9,14,1,2026,1,#NE
18884,18884,8,16,28,2026,1,#NE
18885,18885,8,16,28,2026,1,#NE
18886,18886,8,25,27,2026,1,#NE
18887,18887,8,25,27,2026,1,#NE
18888,18888,8,20,5,2026,1,#NE
18889,18889,8,16,13,2026,1,#NE
18890,18890,9,15,14,2026,1,#NE
18891,18891,8,12,19,2026,1,#NE
18892,18892,8,18,2,2026,1,#NE
18893,18893,8,12,19,2026,1,#NE
18894,18894,8,12,19,2026,1,#NE
18895,18895,9,26,6,2026,1,#NE
18896,18896,9,26,2,2026,1,#NE
18897,18897,9,26,24,2026,1,#NE
18898,18898,8,26,27,2026,1,#NE
18899,18899,9,26,24,2026,1,#NE
18900,18900,9,24,6,2026,1,#NE
18901,18901,8,25,6,2026,1,#NE
18902,18902,8,20,5,2026,1,#NE
18903,18903,8,20,5,2026,1,#NE
18904,18904,3,27,1,2026,1,#NE
18905,18905,3,27,12,2026,1,#NE
18906,18906,9,16,14,2026,1,#NE
18907,18907,8,20,5,2026,1,#NE
18908,18908,8,20,5,2026,1,#NE
18909,18909,8,26,29,2026,1,#NE
18910,18910,9,28,15,2026,1,#NE
18911,18911,9,28,9,2026,1,#NE
18912,18912,9,3,24,2026,1,#NE
18913,18913,9,3,9,2026,1,#NE
18914,18914,8,20,15,2026,1,#NE
18915,18915,8,26,15,2026,1,#NE
18916,18916,8,26,20,2026,1,#NE
18917,18917,8,8,21,2026,1,#NE
18918,18918,8,8,21,2026,1,#NE
18919,18919,8,19,5,2026,1,#NE
18920,18920,8,20,15,2026,1,#NE
18921,18921,8,20,15,2026,1,#NE
18922,18922,9,20,2,2026,1,#NE
18923,18923,9,20,6,2026,1,#NE
18924,18924,8,26,20,2026,1,#NE
18925,18925,8,26,20,2026,1,#NE
18926,18926,8,26,20,2026,1,#NE
18927,18927,9,20,1,2026,1,#NE
18928,18928,9,11,17,2026,1,#NE
18929,18929,8,25,19,2026,1,#NE
18930,18930,9,19,3,2026,1,#NE
18931,18931,9,19,9,2026,1,#NE
18932,18932,8,20,15,2026,1,#NE
18933,18933,9,19,20,2026,1,#NE
18934,18934,8,12,19,2026,1,#NE
18935,18935,9,11,22,2026,1,#NE
18936,18936,9,11,2,2026,1,#NE
18937,18937,6,23,14,2026,1,#NE
18938,18938,8,25,29,2026,1,#NE
18939,18939,8,25,29,2026,1,#NE
18940,18940,8,25,16,2026,1,#NE
18941,18941,8,25,20,2026,1,#NE
18942,18942,8,20,27,2026,1,#NE
18943,18943,8,20,27,2026,1,#NE
18944,18944,6,14,1,2026,1,#NE
18945,18945,8,23,21,2026,1,#NE
18946,18946,8,23,15,2026,1,#NE
18947,18947,8,12,6,2026,1,#NE
18948,18948,7,27,9,2026,1,#NE
18949,18949,8,12,6,2026,1,#NE
18950,18950,7,16,14,2026,1,#NE
18951,18951,8,28,19,2026,1,#NE
18952,18952,4,26,14,2026,1,#NE
18953,18953,6,27,7,2026,1,#NE
18954,18954,8,25,20,2026,1,#NE
18955,18955,8,25,20,2026,1,#NE
18956,18956,8,25,20,2026,1,#NE
18957,18957,9,5,22,2026,1,#NE
18958,18958,6,20,27,2026,1,#NE
18959,18959,6,20,5,2026,1,#NE
18960,18960,8,20,27,2026,1,#NE
18961,18961,8,20,27,2026,1,#NE
18962,18962,7,20,30,2026,1,#NE
18963,18963,7,20,5,2026,1,#NE
18964,18964,8,12,6,2026,1,#NE
18965,18965,8,12,6,2026,1,#NE
18966,18966,5,11,6,2026,1,#NE
18967,18967,5,11,22,2026,1,#NE
18968,18968,7,18,14,2026,1,#NE
18969,18969,7,15,28,2026,1,#NE
18970,18970,9,20,13,2026,1,#NE
18971,18971,8,5,17,2026,1,#NE
18972,18972,8,5,17,2026,1,#NE
18973,18973,9,5,26,2026,1,#NE
18974,18974,8,20,27,2026,1,#NE
18975,18975,8,12,6,2026,1,#NE
18976,18976,8,12,6,2026,1,#NE
18977,18977,8,20,9,2026,1,#NE
18978,18978,8,20,9,2026,1,#NE
18979,18979,8,5,28,2026,1,#NE
18980,18980,8,5,28,2026,1,#NE
18981,18981,8,5,15,2026,1,#NE
18982,18982,9,5,22,2026,1,#NE
18983,18983,9,5,26,2026,1,#NE
18984,18984,8,20,28,2026,1,#NE
18985,18985,8,12,8,2026,1,#NE
18986,18986,8,12,8,2026,1,#NE
18987,18987,8,12,8,2026,1,#NE
18988,18988,8,12,8,2026,1,#NE
18989,18989,8,5,27,2026,1,#NE
18990,18990,8,5,27,2026,1,#NE
18991,18991,8,5,27,2026,1,#NE
18992,18992,9,5,26,2026,1,#NE
18993,18993,9,20,13,2026,1,#NE
18994,18994,9,20,15,2026,1,#NE
18995,18995,8,20,28,2026,1,#NE
18996,18996,9,2,21,2026,1,#NE
18997,18997,9,2,29,2026,1,#NE
18998,18998,9,2,17,2026,1,#NE
18999,18999,8,20,28,2026,1,#NE
19000,19000,8,12,8,2026,1,#NE
19001,19001,9,2,17,2026,1,#NE
19002,19002,9,9,4,2026,1,#NE
19003,19003,8,17,5,2026,1,#NE
19004,19004,8,17,5,2026,1,#NE
19005,19005,8,17,26,2026,1,#NE
19006,19006,8,5,26,2026,1,#NE
19007,19007,8,5,26,2026,1,#NE
19008,19008,8,5,22,2026,1,#NE
19009,19009,8,5,22,2026,1,#NE
19010,19010,9,5,8,2026,1,#NE
19011,19011,8,2,28,2026,1,#NE
19012,19012,8,2,28,2026,1,#NE
19013,19013,8,2,17,2026,1,#NE
19014,19014,8,20,28,2026,1,#NE
19015,19015,8,2,21,2026,1,#NE
19016,19016,9,7,16,2026,1,#NE
19017,19017,8,12,9,2026,1,#NE
19018,19018,8,12,9,2026,1,#NE
19019,19019,8,5,27,2026,1,#NE
19020,19020,8,5,27,2026,1,#NE
19021,19021,9,1,9,2026,1,#NE
19022,19022,9,1,1,2026,1,#NE
19023,19023,9,5,8,2026,1,#NE
19024,19024,9,5,8,2026,1,#NE
19025,19025,8,20,28,2026,1,#NE
19026,19026,9,17,11,2026,1,#NE
19027,19027,9,17,5,2026,1,#NE
19028,19028,9,17,5,2026,1,#NE
19029,19029,8,20,20,2026,1,#NE
19030,19030,4,13,4,2026,1,#NE
19031,19031,8,5,26,2026,1,#NE
19032,19032,8,5,22,2026,1,#NE
19033,19033,4,27,6,2026,1,#NE
19034,19034,4,27,1,2026,1,#NE
19035,19035,4,27,30,2026,1,#NE
19036,19036,8,20,20,2026,1,#NE
19037,19037,8,20,20,2026,1,#NE
19038,19038,8,20,20,2026,1,#NE
19039,19039,8,5,22,2026,1,#NE
19040,19040,4,27,10,2026,1,#NE
19041,19041,8,20,20,2026,1,#NE
19042,19042,8,5,2,2026,1,#NE
19043,19043,8,20,20,2026,1,#NE
19044,19044,8,20,13,2026,1,#NE
19045,19045,8,5,2,2026,1,#NE
19046,19046,8,5,2,2026,1,#NE
19047,19047,8,5,2,2026,1,#NE
19048,19048,8,5,2,2026,1,#NE
19049,19049,8,20,13,2026,1,#NE
19050,19050,8,12,9,2026,1,#NE
19051,19051,8,12,9,2026,1,#NE
19052,19052,8,12,9,2026,1,#NE
19053,19053,8,12,9,2026,1,#NE
19054,19054,8,12,9,2026,1,#NE
19055,19055,8,5,6,2026,1,#NE
19056,19056,9,5,8,2026,1,#NE
19057,19057,9,5,8,2026,1,#NE
19058,19058,8,20,13,2026,1,#NE
19059,19059,8,20,13,2026,1,#NE
19060,19060,8,20,13,2026,1,#NE
19061,19061,8,12,9,2026,1,#NE
19062,19062,8,5,6,2026,1,#NE
19063,19063,8,5,6,2026,1,#NE
19064,19064,8,5,6,2026,1,#NE
19065,19065,9,5,1,2026,1,#NE
19066,19066,9,5,4,2026,1,#NE
19067,19067,9,5,4,2026,1,#NE
19068,19068,8,20,24,2026,1,#NE
19069,19069,8,20,24,2026,1,#NE
19070,19070,8,12,20,2026,1,#NE
19071,19071,8,12,20,2026,1,#NE
19072,19072,8,12,20,2026,1,#NE
19073,19073,8,12,20,2026,1,#NE
19074,19074,9,5,21,2026,1,#NE
19075,19075,9,5,21,2026,1,#NE
19076,19076,9,5,21,2026,1,#NE
19077,19077,9,5,21,2026,1,#NE
19078,19078,8,20,24,2026,1,#NE
19079,19079,8,20,25,2026,1,#NE
19080,19080,8,20,24,2026,1,#NE
19081,19081,8,12,2,2026,1,#NE
19082,19082,8,5,13,2026,1,#NE
19083,19083,8,5,13,2026,1,#NE
19084,19084,8,20,2,2026,1,#NE
19085,19085,8,20,2,2026,1,#NE
19086,19086,8,20,2,2026,1,#NE
19087,19087,8,20,2,2026,1,#NE
19088,19088,8,5,13,2026,1,#NE
19089,19089,8,5,20,2026,1,#NE
19090,19090,8,5,20,2026,1,#NE
19091,19091,8,20,2,2026,1,#NE
19092,19092,8,20,19,2026,1,#NE
19093,19093,8,20,19,2026,1,#NE
19094,19094,8,12,2,2026,1,#NE
19095,19095,8,12,2,2026,1,#NE
19096,19096,8,12,2,2026,1,#NE
19097,19097,8,12,2,2026,1,#NE
19098,19098,8,5,20,2026,1,#NE
19099,19099,8,5,20,2026,1,#NE
19100,19100,9,5,21,2026,1,#NE
19101,19101,8,20,19,2026,1,#NE
19102,19102,8,20,19,2026,1,#NE
19103,19103,8,12,2,2026,1,#NE
19104,19104,8,12,2,2026,1,#NE
19105,19105,8,12,2,2026,1,#NE
19106,19106,8,20,19,2026,1,#NE
19107,19107,8,12,13,2026,1,#NE
19108,19108,8,5,19,2026,1,#NE
19109,19109,8,5,19,2026,1,#NE
19110,19110,8,5,19,2026,1,#NE
19111,19111,9,5,21,2026,1,#NE
19112,19112,9,5,21,2026,1,#NE
19113,19113,8,20,19,2026,1,#NE
19114,19114,8,22,9,2026,1,#NE
19115,19115,8,22,9,2026,1,#NE
19116,19116,8,12,13,2026,1,#NE
19117,19117,8,12,13,2026,1,#NE
19118,19118,8,5,19,2026,1,#NE
19119,19119,8,5,19,2026,1,#NE
19120,19120,8,5,19,2026,1,#NE
19121,19121,8,5,29,2026,1,#NE
19122,19122,9,5,2,2026,1,#NE
19123,19123,9,5,2,2026,1,#NE
19124,19124,9,5,2,2026,1,#NE
19125,19125,8,22,17,2026,1,#NE
19126,19126,8,12,13,2026,1,#NE
19127,19127,8,12,13,2026,1,#NE
19128,19128,8,12,13,2026,1,#NE
19129,19129,8,12,13,2026,1,#NE
19130,19130,8,5,29,2026,1,#NE
19131,19131,8,5,29,2026,1,#NE
19132,19132,8,5,29,2026,1,#NE
19133,19133,8,22,6,2026,1,#NE
19134,19134,8,22,15,2026,1,#NE
19135,19135,8,5,29,2026,1,#NE
19136,19136,8,5,16,2026,1,#NE
19137,19137,8,5,29,2026,1,#NE
19138,19138,9,5,2,2026,1,#NE
19139,19139,8,22,22,2026,1,#NE
19140,19140,8,5,29,2026,1,#NE
19141,19141,8,5,9,2026,1,#NE
19142,19142,8,5,9,2026,1,#NE
19143,19143,8,5,9,2026,1,#NE
19144,19144,8,5,9,2026,1,#NE
19145,19145,8,5,9,2026,1,#NE
19146,19146,8,5,9,2026,1,#NE
19147,19147,8,5,9,2026,1,#NE
19148,19148,8,5,9,2026,1,#NE
19149,19149,8,22,14,2026,1,#NE
19150,19150,8,22,14,2026,1,#NE
19151,19151,8,5,9,2026,1,#NE
19152,19152,8,5,9,2026,1,#NE
19153,19153,8,5,9,2026,1,#NE
19154,19154,8,5,30,2026,1,#NE
19155,19155,8,22,2,2026,1,#NE
19156,19156,8,5,24,2026,1,#NE
19157,19157,8,22,16,2026,1,#NE
19158,19158,8,22,29,2026,1,#NE
19159,19159,8,22,29,2026,1,#NE
19160,19160,8,5,11,2026,1,#NE
19161,19161,8,5,24,2026,1,#NE
19162,19162,8,5,11,2026,1,#NE
19163,19163,9,10,3,2026,1,#NE
19164,19164,9,10,21,2026,1,#NE
19165,19165,9,10,21,2026,1,#NE
19166,19166,8,5,21,2026,1,#NE
19167,19167,8,5,21,2026,1,#NE
19168,19168,8,5,21,2026,1,#NE
19169,19169,8,5,21,2026,1,#NE
19170,19170,9,10,21,2026,1,#NE
19171,19171,9,10,21,2026,1,#NE
19172,19172,8,5,21,2026,1,#NE
19173,19173,8,5,21,2026,1,#NE
19174,19174,9,10,21,2026,1,#NE
19175,19175,9,10,3,2026,1,#NE
19176,19176,9,10,9,2026,1,#NE
19177,19177,8,12,13,2026,1,#NE
19178,19178,8,12,28,2026,1,#NE
19179,19179,9,5,25,2026,1,#NE
19180,19180,9,10,9,2026,1,#NE
19181,19181,9,10,9,2026,1,#NE
19182,19182,9,10,9,2026,1,#NE
19183,19183,8,12,17,2026,1,#NE
19184,19184,8,12,17,2026,1,#NE
19185,19185,8,12,28,2026,1,#NE
19186,19186,9,5,24,2026,1,#NE
19187,19187,9,5,24,2026,1,#NE
19188,19188,9,10,8,2026,1,#NE
19189,19189,8,12,28,2026,1,#NE
19190,19190,9,5,24,2026,1,#NE
19191,19191,9,5,24,2026,1,#NE
19192,19192,9,5,24,2026,1,#NE
19193,19193,9,5,24,2026,1,#NE
19194,19194,8,12,17,2026,1,#NE
19195,19195,8,12,28,2026,1,#NE
19196,19196,8,12,17,2026,1,#NE
19197,19197,8,12,28,2026,1,#NE
19198,19198,9,5,24,2026,1,#NE
19199,19199,9,5,27,2026,1,#NE
19200,19200,9,5,27,2026,1,#NE
19201,19201,9,5,27,2026,1,#NE
19202,19202,9,5,27,2026,1,#NE
19203,19203,8,12,14,2026,1,#NE
19204,19204,9,10,29,2026,1,#NE
19205,19205,9,10,29,2026,1,#NE
19206,19206,9,10,29,2026,1,#NE
19207,19207,9,10,5,2026,1,#NE
19208,19208,8,12,14,2026,1,#NE
19209,19209,9,5,27,2026,1,#NE
19210,19210,9,5,27,2026,1,#NE
19211,19211,9,5,27,2026,1,#NE
19212,19212,9,5,27,2026,1,#NE
19213,19213,9,10,5,2026,1,#NE
19214,19214,9,10,5,2026,1,#NE
19215,19215,8,12,14,2026,1,#NE
19216,19216,8,12,14,2026,1,#NE
19217,19217,8,12,14,2026,1,#NE
19218,19218,9,5,27,2026,1,#NE
19219,19219,9,10,1,2026,1,#NE
19220,19220,9,10,5,2026,1,#NE
19221,19221,8,12,14,2026,1,#NE
19222,19222,8,12,21,2026,1,#NE
19223,19223,8,12,21,2026,1,#NE
19224,19224,9,5,27,2026,1,#NE
19225,19225,9,10,1,2026,1,#NE
19226,19226,8,12,21,2026,1,#NE
19227,19227,8,12,21,2026,1,#NE
19228,19228,8,12,21,2026,1,#NE
19229,19229,9,5,27,2026,1,#NE
19230,19230,9,5,20,2026,1,#NE
19231,19231,9,10,1,2026,1,#NE
19232,19232,9,10,1,2026,1,#NE
19233,19233,9,10,1,2026,1,#NE
19234,19234,8,12,21,2026,1,#NE
19235,19235,9,10,4,2026,1,#NE
19236,19236,9,10,4,2026,1,#NE
19237,19237,9,10,4,2026,1,#NE
19238,19238,9,10,4,2026,1,#NE
19239,19239,8,12,15,2026,1,#NE
19240,19240,8,12,15,2026,1,#NE
19241,19241,8,12,15,2026,1,#NE
19242,19242,8,12,15,2026,1,#NE
19243,19243,8,12,15,2026,1,#NE
19244,19244,9,5,6,2026,1,#NE
19245,19245,9,10,24,2026,1,#NE
19246,19246,8,12,15,2026,1,#NE
19247,19247,9,5,6,2026,1,#NE
19248,19248,9,5,6,2026,1,#NE
19249,19249,9,5,6,2026,1,#NE
19250,19250,9,5,6,2026,1,#NE
19251,19251,9,5,13,2026,1,#NE
19252,19252,9,10,24,2026,1,#NE
19253,19253,9,10,24,2026,1,#NE
19254,19254,9,10,24,2026,1,#NE
19255,19255,8,12,15,2026,1,#NE
19256,19256,8,12,15,2026,1,#NE
19257,19257,9,10,6,2026,1,#NE
19258,19258,8,12,26,2026,1,#NE
19259,19259,8,12,22,2026,1,#NE
19260,19260,8,12,22,2026,1,#NE
19261,19261,9,5,13,2026,1,#NE
19262,19262,9,5,13,2026,1,#NE
19263,19263,9,10,6,2026,1,#NE
19264,19264,9,5,13,2026,1,#NE
19265,19265,9,10,27,2026,1,#NE
19266,19266,9,10,27,2026,1,#NE
19267,19267,9,10,27,2026,1,#NE
19268,19268,8,12,24,2026,1,#NE
19269,19269,9,5,13,2026,1,#NE
19270,19270,9,5,13,2026,1,#NE
19271,19271,9,5,13,2026,1,#NE
19272,19272,9,10,27,2026,1,#NE
19273,19273,9,10,6,2026,1,#NE
19274,19274,9,10,6,2026,1,#NE
19275,19275,8,12,11,2026,1,#NE
19276,19276,8,12,11,2026,1,#NE
19277,19277,8,12,24,2026,1,#NE
19278,19278,9,5,29,2026,1,#NE
19279,19279,9,5,29,2026,1,#NE
19280,19280,9,10,6,2026,1,#NE
19281,19281,9,10,17,2026,1,#NE
19282,19282,8,5,21,2026,1,#NE
19283,19283,8,5,3,2026,1,#NE
19284,19284,8,5,21,2026,1,#NE
19285,19285,8,5,21,2026,1,#NE
19286,19286,9,5,29,2026,1,#NE
19287,19287,9,5,29,2026,1,#NE
19288,19288,9,5,16,2026,1,#NE
19289,19289,9,10,17,2026,1,#NE
19290,19290,8,12,7,2026,1,#NE
19291,19291,8,12,7,2026,1,#NE
19292,19292,9,22,2,2026,1,#NE
19293,19293,9,22,2,2026,1,#NE
19294,19294,9,22,2,2026,1,#NE
19295,19295,9,22,2,2026,1,#NE
19296,19296,9,5,29,2026,1,#NE
19297,19297,9,5,29,2026,1,#NE
19298,19298,9,10,28,2026,1,#NE
19299,19299,9,10,14,2026,1,#NE
19300,19300,9,5,29,2026,1,#NE
19301,19301,9,5,19,2026,1,#NE
19302,19302,9,5,19,2026,1,#NE
19303,19303,9,10,14,2026,1,#NE
19304,19304,9,10,14,2026,1,#NE
19305,19305,9,10,14,2026,1,#NE
19306,19306,9,10,14,2026,1,#NE
19307,19307,9,22,9,2026,1,#NE
19308,19308,9,22,9,2026,1,#NE
19309,19309,9,10,28,2026,1,#NE
19310,19310,9,10,14,2026,1,#NE
19311,19311,9,22,19,2026,1,#NE
19312,19312,9,22,6,2026,1,#NE
19313,19313,9,10,14,2026,1,#NE
19314,19314,9,22,6,2026,1,#NE
19315,19315,9,22,6,2026,1,#NE
19316,19316,9,10,26,2026,1,#NE
19317,19317,9,10,22,2026,1,#NE
19318,19318,9,10,22,2026,1,#NE
19319,19319,9,22,6,2026,1,#NE
19320,19320,9,22,17,2026,1,#NE
19321,19321,9,10,22,2026,1,#NE
19322,19322,9,10,15,2026,1,#NE
19323,19323,9,22,27,2026,1,#NE
19324,19324,9,10,15,2026,1,#NE
19325,19325,9,10,15,2026,1,#NE
19326,19326,9,10,15,2026,1,#NE
19327,19327,9,10,15,2026,1,#NE
19328,19328,9,10,19,2026,1,#NE
19329,19329,9,10,19,2026,1,#NE
19330,19330,9,22,8,2026,1,#NE
19331,19331,9,22,8,2026,1,#NE
19332,19332,9,22,8,2026,1,#NE
19333,19333,9,22,8,2026,1,#NE
19334,19334,9,10,19,2026,1,#NE
19335,19335,8,12,29,2026,1,#NE
19336,19336,9,22,15,2026,1,#NE
19337,19337,9,12,24,2026,1,#NE
19338,19338,8,12,16,2026,1,#NE
19339,19339,8,12,29,2026,1,#NE
19340,19340,8,12,29,2026,1,#NE
19341,19341,9,22,15,2026,1,#NE
19342,19342,9,22,20,2026,1,#NE
19343,19343,9,5,14,2026,1,#NE
19344,19344,9,5,14,2026,1,#NE
19345,19345,9,5,14,2026,1,#NE
19346,19346,9,12,24,2026,1,#NE
19347,19347,9,12,24,2026,1,#NE
19348,19348,8,12,29,2026,1,#NE
19349,19349,9,22,20,2026,1,#NE
19350,19350,9,22,20,2026,1,#NE
19351,19351,9,22,20,2026,1,#NE
19352,19352,9,5,14,2026,1,#NE
19353,19353,9,5,14,2026,1,#NE
19354,19354,9,5,14,2026,1,#NE
19355,19355,9,12,24,2026,1,#NE
19356,19356,9,12,25,2026,1,#NE
19357,19357,9,12,11,2026,1,#NE
19358,19358,9,22,14,2026,1,#NE
19359,19359,9,22,14,2026,1,#NE
19360,19360,9,5,14,2026,1,#NE
19361,19361,9,5,14,2026,1,#NE
19362,19362,9,5,14,2026,1,#NE
19363,19363,9,5,14,2026,1,#NE
19364,19364,9,5,14,2026,1,#NE
19365,19365,9,12,24,2026,1,#NE
19366,19366,9,12,24,2026,1,#NE
19367,19367,9,12,25,2026,1,#NE
19368,19368,9,12,24,2026,1,#NE
19369,19369,9,22,16,2026,1,#NE
19370,19370,9,22,29,2026,1,#NE
19371,19371,9,22,16,2026,1,#NE
19372,19372,9,22,16,2026,1,#NE
19373,19373,9,5,14,2026,1,#NE
19374,19374,9,5,14,2026,1,#NE
19375,19375,9,18,22,2026,1,#NE
19376,19376,9,12,11,2026,1,#NE
19377,19377,9,12,25,2026,1,#NE
19378,19378,9,12,24,2026,1,#NE
19379,19379,8,12,27,2026,1,#NE
19380,19380,8,12,27,2026,1,#NE
19381,19381,9,18,6,2026,1,#NE
19382,19382,8,12,27,2026,1,#NE
19383,19383,8,12,27,2026,1,#NE
19384,19384,5,16,6,2026,1,#NE
19385,19385,9,12,5,2026,1,#NE
19386,19386,8,7,22,2026,1,#NE
19387,19387,9,18,6,2026,1,#NE
19388,19388,9,18,6,2026,1,#NE
19389,19389,9,18,24,2026,1,#NE
19390,19390,9,12,5,2026,1,#NE
19391,19391,9,12,5,2026,1,#NE
19392,19392,9,12,27,2026,1,#NE
19393,19393,9,12,27,2026,1,#NE
19394,19394,9,12,27,2026,1,#NE
19395,19395,8,12,4,2026,1,#NE
19396,19396,8,12,4,2026,1,#NE
19397,19397,8,7,27,2026,1,#NE
19398,19398,8,7,12,2026,1,#NE
19399,19399,9,18,24,2026,1,#NE
19400,19400,9,18,24,2026,1,#NE
19401,19401,9,12,27,2026,1,#NE
19402,19402,9,12,27,2026,1,#NE
19403,19403,9,12,27,2026,1,#NE
19404,19404,9,13,24,2026,1,#NE
19405,19405,9,13,24,2026,1,#NE
19406,19406,9,13,24,2026,1,#NE
19407,19407,9,13,24,2026,1,#NE
19408,19408,8,7,20,2026,1,#NE
19409,19409,8,7,20,2026,1,#NE
19410,19410,9,12,27,2026,1,#NE
19411,19411,9,12,23,2026,1,#NE
19412,19412,9,12,22,2026,1,#NE
19413,19413,8,7,8,2026,1,#NE
19414,19414,8,7,8,2026,1,#NE
19415,19415,8,7,19,2026,1,#NE
19416,19416,9,18,24,2026,1,#NE
19417,19417,9,12,26,2026,1,#NE
19418,19418,9,12,22,2026,1,#NE
19419,19419,9,13,28,2026,1,#NE
19420,19420,9,18,21,2026,1,#NE
19421,19421,9,12,22,2026,1,#NE
19422,19422,9,13,28,2026,1,#NE
19423,19423,9,13,17,2026,1,#NE
19424,19424,8,7,21,2026,1,#NE
19425,19425,9,18,14,2026,1,#NE
19426,19426,9,18,14,2026,1,#NE
19427,19427,9,12,22,2026,1,#NE
19428,19428,9,13,27,2026,1,#NE
19429,19429,8,7,6,2026,1,#NE
19430,19430,8,7,6,2026,1,#NE
19431,19431,8,7,6,2026,1,#NE
19432,19432,9,18,20,2026,1,#NE
19433,19433,9,18,20,2026,1,#NE
19434,19434,9,12,14,2026,1,#NE
19435,19435,9,12,14,2026,1,#NE
19436,19436,9,12,14,2026,1,#NE
19437,19437,9,13,12,2026,1,#NE
19438,19438,9,13,12,2026,1,#NE
19439,19439,9,13,13,2026,1,#NE
19440,19440,8,7,9,2026,1,#NE
19441,19441,8,7,9,2026,1,#NE
19442,19442,8,7,9,2026,1,#NE
19443,19443,8,7,9,2026,1,#NE
19444,19444,8,7,7,2026,1,#NE
19445,19445,9,18,16,2026,1,#NE
19446,19446,9,18,29,2026,1,#NE
19447,19447,9,18,16,2026,1,#NE
19448,19448,9,12,14,2026,1,#NE
19449,19449,9,12,14,2026,1,#NE
19450,19450,8,7,7,2026,1,#NE
19451,19451,8,7,28,2026,1,#NE
19452,19452,9,12,14,2026,1,#NE
19453,19453,9,12,14,2026,1,#NE
19454,19454,8,7,13,2026,1,#NE
19455,19455,9,18,16,2026,1,#NE
19456,19456,8,7,17,2026,1,#NE
19457,19457,3,11,23,2026,1,#NE
19458,19458,10,8,22,2026,1,#NE
19459,19459,9,12,7,2026,1,#NE
19460,19460,9,12,7,2026,1,#NE
19461,19461,9,13,2,2026,1,#NE
19462,19462,9,13,2,2026,1,#NE
19463,19463,9,13,2,2026,1,#NE
19464,19464,8,7,14,2026,1,#NE
19465,19465,10,8,22,2026,1,#NE
19466,19466,10,8,22,2026,1,#NE
19467,19467,9,12,20,2026,1,#NE
19468,19468,9,12,20,2026,1,#NE
19469,19469,8,7,14,2026,1,#NE
19470,19470,8,7,24,2026,1,#NE
19471,19471,10,8,9,2026,1,#NE
19472,19472,10,8,9,2026,1,#NE
19473,19473,10,8,9,2026,1,#NE
19474,19474,9,12,20,2026,1,#NE
19475,19475,9,12,20,2026,1,#NE
19476,19476,9,13,16,2026,1,#NE
19477,19477,8,7,25,2026,1,#NE
19478,19478,8,7,24,2026,1,#NE
19479,19479,8,7,30,2026,1,#NE
19480,19480,10,8,9,2026,1,#NE
19481,19481,10,8,9,2026,1,#NE
19482,19482,10,8,9,2026,1,#NE
19483,19483,10,8,7,2026,1,#NE
19484,19484,9,12,13,2026,1,#NE
19485,19485,9,13,21,2026,1,#NE
19486,19486,9,13,21,2026,1,#NE
19487,19487,8,7,29,2026,1,#NE
19488,19488,8,7,16,2026,1,#NE
19489,19489,8,7,29,2026,1,#NE
19490,19490,8,7,29,2026,1,#NE
19491,19491,10,8,7,2026,1,#NE
19492,19492,10,8,7,2026,1,#NE
19493,19493,10,8,4,2026,1,#NE
19494,19494,9,12,13,2026,1,#NE
19495,19495,9,13,14,2026,1,#NE
19496,19496,9,13,14,2026,1,#NE
19497,19497,8,7,29,2026,1,#NE
19498,19498,10,8,4,2026,1,#NE
19499,19499,9,12,13,2026,1,#NE
19500,19500,9,12,13,2026,1,#NE
19501,19501,9,13,21,2026,1,#NE
19502,19502,9,13,9,2026,1,#NE
19503,19503,8,7,15,2026,1,#NE
19504,19504,8,7,15,2026,1,#NE
19505,19505,8,7,15,2026,1,#NE
19506,19506,8,14,4,2026,1,#NE
19507,19507,10,8,5,2026,1,#NE
19508,19508,10,8,5,2026,1,#NE
19509,19509,9,12,6,2026,1,#NE
19510,19510,9,13,9,2026,1,#NE
19511,19511,9,13,9,2026,1,#NE
19512,19512,8,14,7,2026,1,#NE
19513,19513,10,8,5,2026,1,#NE
19514,19514,9,12,6,2026,1,#NE
19515,19515,9,12,6,2026,1,#NE
19516,19516,9,13,9,2026,1,#NE
19517,19517,9,13,4,2026,1,#NE
19518,19518,9,13,4,2026,1,#NE
19519,19519,9,13,4,2026,1,#NE
19520,19520,8,14,14,2026,1,#NE
19521,19521,8,14,5,2026,1,#NE
19522,19522,10,8,19,2026,1,#NE
19523,19523,9,12,6,2026,1,#NE
19524,19524,9,12,6,2026,1,#NE
19525,19525,9,12,6,2026,1,#NE
19526,19526,9,13,6,2026,1,#NE
19527,19527,9,13,6,2026,1,#NE
19528,19528,9,13,6,2026,1,#NE
19529,19529,8,14,20,2026,1,#NE
19530,19530,8,14,20,2026,1,#NE
19531,19531,9,12,6,2026,1,#NE
19532,19532,9,12,29,2026,1,#NE
19533,19533,9,25,6,2026,1,#NE
19534,19534,9,25,6,2026,1,#NE
19535,19535,9,25,6,2026,1,#NE
19536,19536,8,14,11,2026,1,#NE
19537,19537,8,14,2,2026,1,#NE
19538,19538,8,14,2,2026,1,#NE
19539,19539,10,8,13,2026,1,#NE
19540,19540,10,8,27,2026,1,#NE
19541,19541,10,8,27,2026,1,#NE
19542,19542,10,8,27,2026,1,#NE
19543,19543,9,12,16,2026,1,#NE
19544,19544,9,25,6,2026,1,#NE
19545,19545,10,8,27,2026,1,#NE
19546,19546,9,12,16,2026,1,#NE
19547,19547,9,12,29,2026,1,#NE
19548,19548,9,12,16,2026,1,#NE
19549,19549,9,25,11,2026,1,#NE
19550,19550,9,25,24,2026,1,#NE
19551,19551,9,25,24,2026,1,#NE
19552,19552,8,14,26,2026,1,#NE
19553,19553,8,14,22,2026,1,#NE
19554,19554,10,8,24,2026,1,#NE
19555,19555,10,8,24,2026,1,#NE
19556,19556,9,12,29,2026,1,#NE
19557,19557,9,12,16,2026,1,#NE
19558,19558,9,12,16,2026,1,#NE
19559,19559,9,12,29,2026,1,#NE
19560,19560,9,25,24,2026,1,#NE
19561,19561,9,25,24,2026,1,#NE
19562,19562,9,25,24,2026,1,#NE
19563,19563,8,14,27,2026,1,#NE
19564,19564,8,14,27,2026,1,#NE
19565,19565,9,12,29,2026,1,#NE
19566,19566,9,12,16,2026,1,#NE
19567,19567,9,12,19,2026,1,#NE
19568,19568,9,25,16,2026,1,#NE
19569,19569,9,25,29,2026,1,#NE
19570,19570,9,25,16,2026,1,#NE
19571,19571,9,25,29,2026,1,#NE
19572,19572,9,25,29,2026,1,#NE
19573,19573,8,14,19,2026,1,#NE
19574,19574,8,14,9,2026,1,#NE
19575,19575,8,14,9,2026,1,#NE
19576,19576,8,14,9,2026,1,#NE
19577,19577,8,14,9,2026,1,#NE
19578,19578,10,8,14,2026,1,#NE
19579,19579,10,8,14,2026,1,#NE
19580,19580,9,12,19,2026,1,#NE
19581,19581,9,12,19,2026,1,#NE
19582,19582,9,12,19,2026,1,#NE
19583,19583,9,12,19,2026,1,#NE
19584,19584,9,25,16,2026,1,#NE
19585,19585,9,25,29,2026,1,#NE
19586,19586,8,21,7,2026,1,#NE
19587,19587,8,21,22,2026,1,#NE
19588,19588,10,8,21,2026,1,#NE
19589,19589,9,12,16,2026,1,#NE
19590,19590,9,12,16,2026,1,#NE
19591,19591,9,12,16,2026,1,#NE
19592,19592,9,12,16,2026,1,#NE
19593,19593,9,25,16,2026,1,#NE
19594,19594,9,25,29,2026,1,#NE
19595,19595,9,25,16,2026,1,#NE
19596,19596,8,21,25,2026,1,#NE
19597,19597,9,12,29,2026,1,#NE
19598,19598,9,12,19,2026,1,#NE
19599,19599,9,12,19,2026,1,#NE
19600,19600,9,25,13,2026,1,#NE
19601,19601,9,25,13,2026,1,#NE
19602,19602,8,21,14,2026,1,#NE
19603,19603,8,21,14,2026,1,#NE
19604,19604,10,8,15,2026,1,#NE
19605,19605,10,8,15,2026,1,#NE
19606,19606,10,8,15,2026,1,#NE
19607,19607,9,12,17,2026,1,#NE
19608,19608,9,12,17,2026,1,#NE
19609,19609,9,25,7,2026,1,#NE
19610,19610,8,21,28,2026,1,#NE
19611,19611,8,21,17,2026,1,#NE
19612,19612,9,12,28,2026,1,#NE
19613,19613,9,12,17,2026,1,#NE
19614,19614,9,12,17,2026,1,#NE
19615,19615,8,21,13,2026,1,#NE
19616,19616,8,21,13,2026,1,#NE
19617,19617,8,21,9,2026,1,#NE
19618,19618,8,21,9,2026,1,#NE
19619,19619,9,12,17,2026,1,#NE
19620,19620,9,12,28,2026,1,#NE
19621,19621,9,25,7,2026,1,#NE
19622,19622,9,25,7,2026,1,#NE
19623,19623,9,25,14,2026,1,#NE
19624,19624,8,21,2,2026,1,#NE
19625,19625,8,21,2,2026,1,#NE
19626,19626,10,8,15,2026,1,#NE
19627,19627,10,8,15,2026,1,#NE
19628,19628,10,8,15,2026,1,#NE
19629,19629,9,25,14,2026,1,#NE
19630,19630,9,25,14,2026,1,#NE
19631,19631,9,23,6,2026,1,#NE
19632,19632,9,23,6,2026,1,#NE
19633,19633,9,23,6,2026,1,#NE
19634,19634,10,8,15,2026,1,#NE
19635,19635,10,8,29,2026,1,#NE
19636,19636,10,8,16,2026,1,#NE
19637,19637,10,8,16,2026,1,#NE
19638,19638,10,8,29,2026,1,#NE
19639,19639,9,12,9,2026,1,#NE
19640,19640,9,12,9,2026,1,#NE
19641,19641,9,25,14,2026,1,#NE
19642,19642,9,25,14,2026,1,#NE
19643,19643,9,25,14,2026,1,#NE
19644,19644,9,25,14,2026,1,#NE
19645,19645,9,23,9,2026,1,#NE
19646,19646,9,23,9,2026,1,#NE
19647,19647,10,8,16,2026,1,#NE
19648,19648,9,12,9,2026,1,#NE
19649,19649,9,23,15,2026,1,#NE
19650,19650,9,12,9,2026,1,#NE
19651,19651,9,25,1,2026,1,#NE
19652,19652,9,25,20,2026,1,#NE
19653,19653,9,25,20,2026,1,#NE
19654,19654,9,23,4,2026,1,#NE
19655,19655,9,23,4,2026,1,#NE
19656,19656,10,8,2,2026,1,#NE
19657,19657,9,12,9,2026,1,#NE
19658,19658,9,25,20,2026,1,#NE
19659,19659,9,23,21,2026,1,#NE
19660,19660,10,8,2,2026,1,#NE
19661,19661,10,8,2,2026,1,#NE
19662,19662,10,8,8,2026,1,#NE
19663,19663,10,8,8,2026,1,#NE
19664,19664,10,8,8,2026,1,#NE
19665,19665,9,12,9,2026,1,#NE
19666,19666,9,12,9,2026,1,#NE
19667,19667,9,12,9,2026,1,#NE
19668,19668,9,12,9,2026,1,#NE
19669,19669,9,12,9,2026,1,#NE
19670,19670,9,25,15,2026,1,#NE
19671,19671,9,23,21,2026,1,#NE
19672,19672,10,8,8,2026,1,#NE
19673,19673,9,12,15,2026,1,#NE
19674,19674,9,12,15,2026,1,#NE
19675,19675,9,25,15,2026,1,#NE
19676,19676,9,25,15,2026,1,#NE
19677,19677,9,25,15,2026,1,#NE
19678,19678,9,25,15,2026,1,#NE
19679,19679,9,23,14,2026,1,#NE
19680,19680,10,8,28,2026,1,#NE
19681,19681,9,25,22,2026,1,#NE
19682,19682,9,25,22,2026,1,#NE
19683,19683,9,23,27,2026,1,#NE
19684,19684,9,12,15,2026,1,#NE
19685,19685,9,12,15,2026,1,#NE
19686,19686,9,25,22,2026,1,#NE
19687,19687,9,25,22,2026,1,#NE
19688,19688,9,23,27,2026,1,#NE
19689,19689,9,23,27,2026,1,#NE
19690,19690,9,23,27,2026,1,#NE
19691,19691,10,8,6,2026,1,#NE
19692,19692,5,22,7,2026,1,#NE
19693,19693,9,12,15,2026,1,#NE
19694,19694,9,25,17,2026,1,#NE
19695,19695,9,25,28,2026,1,#NE
19696,19696,9,25,17,2026,1,#NE
19697,19697,9,25,9,2026,1,#NE
19698,19698,5,22,27,2026,1,#NE
19699,19699,8,1,28,2026,1,#NE
19700,19700,8,1,28,2026,1,#NE
19701,19701,9,12,15,2026,1,#NE
19702,19702,9,12,1,2026,1,#NE
19703,19703,9,12,1,2026,1,#NE
19704,19704,9,25,9,2026,1,#NE
19705,19705,9,25,9,2026,1,#NE
19706,19706,9,23,13,2026,1,#NE
19707,19707,9,12,1,2026,1,#NE
19708,19708,9,12,1,2026,1,#NE
19709,19709,9,12,1,2026,1,#NE
19710,19710,9,12,1,2026,1,#NE
19711,19711,9,23,13,2026,1,#NE
19712,19712,9,12,1,2026,1,#NE
19713,19713,9,12,1,2026,1,#NE
19714,19714,9,12,1,2026,1,#NE
19715,19715,9,23,25,2026,1,#NE
19716,19716,9,23,25,2026,1,#NE
19717,19717,9,12,2,2026,1,#NE
19718,19718,9,12,2,2026,1,#NE
19719,19719,9,25,9,2026,1,#NE
19720,19720,9,23,1,2026,1,#NE
19721,19721,8,1,13,2026,1,#NE
19722,19722,8,1,2,2026,1,#NE
19723,19723,8,1,29,2026,1,#NE
19724,19724,9,12,2,2026,1,#NE
19725,19725,9,12,2,2026,1,#NE
19726,19726,9,12,2,2026,1,#NE
19727,19727,9,25,17,2026,1,#NE
19728,19728,9,23,1,2026,1,#NE
19729,19729,3,3,2,2026,1,#NE
19730,19730,8,1,22,2026,1,#NE
19731,19731,8,1,22,2026,1,#NE
19732,19732,8,1,24,2026,1,#NE
19733,19733,8,1,24,2026,1,#NE
19734,19734,9,12,2,2026,1,#NE
19735,19735,9,12,2,2026,1,#NE
19736,19736,8,13,21,2026,1,#NE
19737,19737,8,13,21,2026,1,#NE
19738,19738,8,1,19,2026,1,#NE
19739,19739,8,1,6,2026,1,#NE
19740,19740,9,12,2,2026,1,#NE
19741,19741,9,12,2,2026,1,#NE
19742,19742,9,12,3,2026,1,#NE
19743,19743,9,25,2,2026,1,#NE
19744,19744,8,13,14,2026,1,#NE
19745,19745,8,1,6,2026,1,#NE
19746,19746,8,1,27,2026,1,#NE
19747,19747,8,1,5,2026,1,#NE
19748,19748,9,25,27,2026,1,#NE
19749,19749,9,25,27,2026,1,#NE
19750,19750,9,25,27,2026,1,#NE
19751,19751,9,25,27,2026,1,#NE
19752,19752,8,13,6,2026,1,#NE
19753,19753,8,1,3,2026,1,#NE
19754,19754,8,1,15,2026,1,#NE
19755,19755,9,12,21,2026,1,#NE
19756,19756,8,13,6,2026,1,#NE
19757,19757,8,13,24,2026,1,#NE
19758,19758,8,13,24,2026,1,#NE
19759,19759,8,15,13,2026,1,#NE
19760,19760,8,15,4,2026,1,#NE
19761,19761,3,10,30,2026,1,#NE
19762,19762,5,5,4,2026,1,#NE
19763,19763,8,13,27,2026,1,#NE
19764,19764,8,15,4,2026,1,#NE
19765,19765,9,12,8,2026,1,#NE
19766,19766,9,12,8,2026,1,#NE
19767,19767,8,13,9,2026,1,#NE
19768,19768,8,15,19,2026,1,#NE
19769,19769,8,15,19,2026,1,#NE
19770,19770,8,15,19,2026,1,#NE
19771,19771,9,12,8,2026,1,#NE
19772,19772,8,15,9,2026,1,#NE
19773,19773,9,12,8,2026,1,#NE
19774,19774,9,12,8,2026,1,#NE
19775,19775,9,12,8,2026,1,#NE
19776,19776,9,12,8,2026,1,#NE
19777,19777,9,12,8,2026,1,#NE
19778,19778,8,24,6,2026,1,#NE
19779,19779,8,13,29,2026,1,#NE
19780,19780,9,12,8,2026,1,#NE
19781,19781,9,15,2,2026,1,#NE
19782,19782,9,15,2,2026,1,#NE
19783,19783,9,15,2,2026,1,#NE
19784,19784,8,24,6,2026,1,#NE
19785,19785,8,24,7,2026,1,#NE
19786,19786,8,24,7,2026,1,#NE
19787,19787,9,14,21,2026,1,#NE
19788,19788,9,14,21,2026,1,#NE
19789,19789,9,14,21,2026,1,#NE
19790,19790,9,14,21,2026,1,#NE
19791,19791,9,14,15,2026,1,#NE
19792,19792,9,15,2,2026,1,#NE
19793,19793,9,15,28,2026,1,#NE
19794,19794,9,15,28,2026,1,#NE
19795,19795,9,14,15,2026,1,#NE
19796,19796,9,15,13,2026,1,#NE
19797,19797,9,15,13,2026,1,#NE
19798,19798,9,14,14,2026,1,#NE
19799,19799,9,14,14,2026,1,#NE
19800,19800,9,14,14,2026,1,#NE
19801,19801,8,15,30,2026,1,#NE
19802,19802,9,15,13,2026,1,#NE
19803,19803,9,15,13,2026,1,#NE
19804,19804,8,24,7,2026,1,#NE
19805,19805,8,24,9,2026,1,#NE
19806,19806,8,24,9,2026,1,#NE
19807,19807,8,24,9,2026,1,#NE
19808,19808,9,14,14,2026,1,#NE
19809,19809,9,14,14,2026,1,#NE
19810,19810,9,14,14,2026,1,#NE
19811,19811,8,15,28,2026,1,#NE
19812,19812,8,15,28,2026,1,#NE
19813,19813,9,15,13,2026,1,#NE
19814,19814,8,24,9,2026,1,#NE
19815,19815,8,24,9,2026,1,#NE
19816,19816,9,14,20,2026,1,#NE
19817,19817,8,15,16,2026,1,#NE
19818,19818,8,15,16,2026,1,#NE
19819,19819,9,15,24,2026,1,#NE
19820,19820,9,14,24,2026,1,#NE
19821,19821,8,15,14,2026,1,#NE
19822,19822,8,15,14,2026,1,#NE
19823,19823,9,15,25,2026,1,#NE
19824,19824,9,15,24,2026,1,#NE
19825,19825,8,24,22,2026,1,#NE
19826,19826,8,24,2,2026,1,#NE
19827,19827,9,14,25,2026,1,#NE
19828,19828,9,14,11,2026,1,#NE
19829,19829,8,15,14,2026,1,#NE
19830,19830,8,15,20,2026,1,#NE
19831,19831,9,15,24,2026,1,#NE
19832,19832,9,15,6,2026,1,#NE
19833,19833,8,24,2,2026,1,#NE
19834,19834,9,14,9,2026,1,#NE
19835,19835,9,14,9,2026,1,#NE
19836,19836,9,14,9,2026,1,#NE
19837,19837,9,15,6,2026,1,#NE
19838,19838,9,15,6,2026,1,#NE
19839,19839,9,15,6,2026,1,#NE
19840,19840,9,14,9,2026,1,#NE
19841,19841,9,15,15,2026,1,#NE
19842,19842,9,15,15,2026,1,#NE
19843,19843,9,15,15,2026,1,#NE
19844,19844,9,14,13,2026,1,#NE
19845,19845,8,15,20,2026,1,#NE
19846,19846,8,15,3,2026,1,#NE
19847,19847,8,15,21,2026,1,#NE
19848,19848,8,15,15,2026,1,#NE
19849,19849,9,15,15,2026,1,#NE
19850,19850,9,15,15,2026,1,#NE
19851,19851,9,15,15,2026,1,#NE
19852,19852,9,14,13,2026,1,#NE
19853,19853,9,14,27,2026,1,#NE
19854,19854,9,14,27,2026,1,#NE
19855,19855,8,15,15,2026,1,#NE
19856,19856,8,24,15,2026,1,#NE
19857,19857,8,24,15,2026,1,#NE
19858,19858,8,24,15,2026,1,#NE
19859,19859,8,24,15,2026,1,#NE
19860,19860,8,24,15,2026,1,#NE
19861,19861,9,14,27,2026,1,#NE
19862,19862,8,15,27,2026,1,#NE
19863,19863,9,15,22,2026,1,#NE
19864,19864,8,24,15,2026,1,#NE
19865,19865,9,14,6,2026,1,#NE
19866,19866,9,14,6,2026,1,#NE
19867,19867,9,14,6,2026,1,#NE
19868,19868,9,15,27,2026,1,#NE
19869,19869,8,24,24,2026,1,#NE
19870,19870,9,14,6,2026,1,#NE
19871,19871,8,15,22,2026,1,#NE
19872,19872,8,15,24,2026,1,#NE
19873,19873,8,15,24,2026,1,#NE
19874,19874,8,15,24,2026,1,#NE
19875,19875,9,15,27,2026,1,#NE
19876,19876,9,15,27,2026,1,#NE
19877,19877,9,15,27,2026,1,#NE
19878,19878,9,15,27,2026,1,#NE
19879,19879,8,24,24,2026,1,#NE
19880,19880,8,24,24,2026,1,#NE
19881,19881,8,24,14,2026,1,#NE
19882,19882,9,14,26,2026,1,#NE
19883,19883,8,15,7,2026,1,#NE
19884,19884,8,24,14,2026,1,#NE
19885,19885,8,24,14,2026,1,#NE
19886,19886,9,14,26,2026,1,#NE
19887,19887,8,16,26,2026,1,#NE
19888,19888,8,16,22,2026,1,#NE
19889,19889,9,15,14,2026,1,#NE
19890,19890,8,24,14,2026,1,#NE
19891,19891,8,24,14,2026,1,#NE
19892,19892,8,24,19,2026,1,#NE
19893,19893,9,24,19,2026,1,#NE
19894,19894,9,24,19,2026,1,#NE
19895,19895,9,24,19,2026,1,#NE
19896,19896,8,16,4,2026,1,#NE
19897,19897,8,16,4,2026,1,#NE
19898,19898,8,16,5,2026,1,#NE
19899,19899,8,16,5,2026,1,#NE
19900,19900,9,15,14,2026,1,#NE
19901,19901,9,15,14,2026,1,#NE
19902,19902,8,24,19,2026,1,#NE
19903,19903,8,24,29,2026,1,#NE
19904,19904,8,24,19,2026,1,#NE
19905,19905,8,24,19,2026,1,#NE
19906,19906,8,24,19,2026,1,#NE
19907,19907,8,24,19,2026,1,#NE
19908,19908,9,24,9,2026,1,#NE
19909,19909,9,24,9,2026,1,#NE
19910,19910,9,24,9,2026,1,#NE
19911,19911,8,16,30,2026,1,#NE
19912,19912,8,16,28,2026,1,#NE
19913,19913,8,16,28,2026,1,#NE
19914,19914,9,15,4,2026,1,#NE
19915,19915,9,15,4,2026,1,#NE
19916,19916,9,15,4,2026,1,#NE
19917,19917,8,24,16,2026,1,#NE
19918,19918,8,24,16,2026,1,#NE
19919,19919,8,16,15,2026,1,#NE
19920,19920,8,16,15,2026,1,#NE
19921,19921,9,15,9,2026,1,#NE
19922,19922,8,24,16,2026,1,#NE
19923,19923,8,24,4,2026,1,#NE
19924,19924,8,24,4,2026,1,#NE
19925,19925,9,15,3,2026,1,#NE
19926,19926,8,24,4,2026,1,#NE
19927,19927,8,24,4,2026,1,#NE
19928,19928,9,24,13,2026,1,#NE
19929,19929,9,24,13,2026,1,#NE
19930,19930,8,16,9,2026,1,#NE
19931,19931,9,15,20,2026,1,#NE
19932,19932,8,24,21,2026,1,#NE
19933,19933,8,16,24,2026,1,#NE
19934,19934,8,16,24,2026,1,#NE
19935,19935,9,15,20,2026,1,#NE
19936,19936,9,15,29,2026,1,#NE
19937,19937,8,24,20,2026,1,#NE
19938,19938,8,24,20,2026,1,#NE
19939,19939,8,16,29,2026,1,#NE
19940,19940,8,16,16,2026,1,#NE
19941,19941,9,15,29,2026,1,#NE
19942,19942,9,15,29,2026,1,#NE
19943,19943,9,15,29,2026,1,#NE
19944,19944,8,24,20,2026,1,#NE
19945,19945,8,24,20,2026,1,#NE
19946,19946,9,24,24,2026,1,#NE
19947,19947,8,16,13,2026,1,#NE
19948,19948,8,16,13,2026,1,#NE
19949,19949,9,15,29,2026,1,#NE
19950,19950,5,9,24,2026,1,#NE
19951,19951,5,9,27,2026,1,#NE
19952,19952,9,24,24,2026,1,#NE
19953,19953,9,24,24,2026,1,#NE
19954,19954,8,16,27,2026,1,#NE
19955,19955,8,16,19,2026,1,#NE
19956,19956,8,24,27,2026,1,#NE
19957,19957,8,24,27,2026,1,#NE
19958,19958,9,24,11,2026,1,#NE
19959,19959,8,18,16,2026,1,#NE
19960,19960,8,18,20,2026,1,#NE
19961,19961,8,24,27,2026,1,#NE
19962,19962,8,24,27,2026,1,#NE
19963,19963,8,24,27,2026,1,#NE
19964,19964,8,24,13,2026,1,#NE
19965,19965,9,24,24,2026,1,#NE
19966,19966,9,24,27,2026,1,#NE
19967,19967,5,13,12,2026,1,#NE
19968,19968,8,18,20,2026,1,#NE
19969,19969,8,18,6,2026,1,#NE
19970,19970,8,18,6,2026,1,#NE
19971,19971,8,24,13,2026,1,#NE
19972,19972,8,24,13,2026,1,#NE
19973,19973,8,11,6,2026,1,#NE
19974,19974,8,18,6,2026,1,#NE
19975,19975,8,18,13,2026,1,#NE
19976,19976,8,18,13,2026,1,#NE
19977,19977,8,24,13,2026,1,#NE
19978,19978,9,24,27,2026,1,#NE
19979,19979,9,24,27,2026,1,#NE
19980,19980,9,24,27,2026,1,#NE
19981,19981,8,11,6,2026,1,#NE
19982,19982,8,11,29,2026,1,#NE
19983,19983,8,11,29,2026,1,#NE
19984,19984,8,18,24,2026,1,#NE
19985,19985,8,18,24,2026,1,#NE
19986,19986,8,18,9,2026,1,#NE
19987,19987,9,20,21,2026,1,#NE
19988,19988,9,24,27,2026,1,#NE
19989,19989,9,24,27,2026,1,#NE
19990,19990,9,24,27,2026,1,#NE
19991,19991,8,11,29,2026,1,#NE
19992,19992,8,11,29,2026,1,#NE
19993,19993,8,11,8,2026,1,#NE
19994,19994,8,11,8,2026,1,#NE
19995,19995,8,18,7,2026,1,#NE
19996,19996,9,20,21,2026,1,#NE
19997,19997,9,24,27,2026,1,#NE
19998,19998,9,24,21,2026,1,#NE
19999,19999,9,24,21,2026,1,#NE
20000,20000,8,11,13,2026,1,#NE
20001,20001,8,18,21,2026,1,#NE
20002,20002,9,24,21,2026,1,#NE
20003,20003,9,24,21,2026,1,#NE
20004,20004,8,11,19,2026,1,#NE
20005,20005,8,18,22,2026,1,#NE
20006,20006,8,18,22,2026,1,#NE
20007,20007,8,18,22,2026,1,#NE
20008,20008,9,20,21,2026,1,#NE
20009,20009,9,20,21,2026,1,#NE
20010,20010,8,11,19,2026,1,#NE
20011,20011,8,11,19,2026,1,#NE
20012,20012,8,11,3,2026,1,#NE
20013,20013,8,18,2,2026,1,#NE
20014,20014,9,20,21,2026,1,#NE
20015,20015,9,24,7,2026,1,#NE
20016,20016,9,24,7,2026,1,#NE
20017,20017,9,24,7,2026,1,#NE
20018,20018,9,24,14,2026,1,#NE
20019,20019,9,24,14,2026,1,#NE
20020,20020,8,11,3,2026,1,#NE
20021,20021,8,11,21,2026,1,#NE
20022,20022,8,11,21,2026,1,#NE
20023,20023,8,11,23,2026,1,#NE
20024,20024,8,18,14,2026,1,#NE
20025,20025,9,20,27,2026,1,#NE
20026,20026,9,20,27,2026,1,#NE
20027,20027,9,20,27,2026,1,#NE
20028,20028,9,24,14,2026,1,#NE
20029,20029,9,24,14,2026,1,#NE
20030,20030,8,11,27,2026,1,#NE
20031,20031,8,11,27,2026,1,#NE
20032,20032,9,20,27,2026,1,#NE
20033,20033,9,20,27,2026,1,#NE
20034,20034,9,20,27,2026,1,#NE
20035,20035,9,20,27,2026,1,#NE
20036,20036,9,24,14,2026,1,#NE
20037,20037,9,24,14,2026,1,#NE
20038,20038,9,24,14,2026,1,#NE
20039,20039,8,11,9,2026,1,#NE
20040,20040,9,20,27,2026,1,#NE
20041,20041,9,20,27,2026,1,#NE
20042,20042,9,20,27,2026,1,#NE
20043,20043,9,24,14,2026,1,#NE
20044,20044,9,24,14,2026,1,#NE
20045,20045,9,24,14,2026,1,#NE
20046,20046,9,24,14,2026,1,#NE
20047,20047,8,11,9,2026,1,#NE
20048,20048,8,11,15,2026,1,#NE
20049,20049,8,11,15,2026,1,#NE
20050,20050,8,11,15,2026,1,#NE
20051,20051,9,26,6,2026,1,#NE
20052,20052,9,26,14,2026,1,#NE
20053,20053,9,20,27,2026,1,#NE
20054,20054,9,24,15,2026,1,#NE
20055,20055,8,11,2,2026,1,#NE
20056,20056,9,26,14,2026,1,#NE
20057,20057,9,20,27,2026,1,#NE
20058,20058,9,20,27,2026,1,#NE
20059,20059,9,20,22,2026,1,#NE
20060,20060,9,20,26,2026,1,#NE
20061,20061,9,24,15,2026,1,#NE
20062,20062,9,26,19,2026,1,#NE
20063,20063,9,26,19,2026,1,#NE
20064,20064,9,20,26,2026,1,#NE
20065,20065,9,20,22,2026,1,#NE
20066,20066,9,24,15,2026,1,#NE
20067,20067,9,24,29,2026,1,#NE
20068,20068,9,24,16,2026,1,#NE
20069,20069,9,20,26,2026,1,#NE
20070,20070,9,24,29,2026,1,#NE
20071,20071,9,24,29,2026,1,#NE
20072,20072,9,24,29,2026,1,#NE
20073,20073,9,26,2,2026,1,#NE
20074,20074,9,24,16,2026,1,#NE
20075,20075,9,24,16,2026,1,#NE
20076,20076,9,24,16,2026,1,#NE
20077,20077,9,24,16,2026,1,#NE
20078,20078,9,26,27,2026,1,#NE
20079,20079,9,24,16,2026,1,#NE
20080,20080,9,24,16,2026,1,#NE
20081,20081,9,24,22,2026,1,#NE
20082,20082,9,24,22,2026,1,#NE
20083,20083,8,11,20,2026,1,#NE
20084,20084,9,24,22,2026,1,#NE
20085,20085,8,11,17,2026,1,#NE
20086,20086,8,11,28,2026,1,#NE
20087,20087,9,26,16,2026,1,#NE
20088,20088,9,26,29,2026,1,#NE
20089,20089,9,26,29,2026,1,#NE
20090,20090,9,24,6,2026,1,#NE
20091,20091,9,24,6,2026,1,#NE
20092,20092,9,26,20,2026,1,#NE
20093,20093,9,26,20,2026,1,#NE
20094,20094,9,26,20,2026,1,#NE
20095,20095,9,26,20,2026,1,#NE
20096,20096,9,26,20,2026,1,#NE
20097,20097,9,26,20,2026,1,#NE
20098,20098,9,24,6,2026,1,#NE
20099,20099,9,24,6,2026,1,#NE
20100,20100,9,26,24,2026,1,#NE
20101,20101,9,26,15,2026,1,#NE
20102,20102,9,24,6,2026,1,#NE
20103,20103,9,26,24,2026,1,#NE
20104,20104,9,26,24,2026,1,#NE
20105,20105,9,26,24,2026,1,#NE
20106,20106,9,24,20,2026,1,#NE
20107,20107,3,22,29,2026,1,#NE
20108,20108,3,12,30,2026,1,#NE
20109,20109,8,11,22,2026,1,#NE
20110,20110,5,18,30,2026,1,#NE
20111,20111,9,20,4,2026,1,#NE
20112,20112,9,20,4,2026,1,#NE
20113,20113,9,20,4,2026,1,#NE
20114,20114,3,12,23,2026,1,#NE
20115,20115,8,11,26,2026,1,#NE
20116,20116,3,18,24,2026,1,#NE
20117,20117,3,18,30,2026,1,#NE
20118,20118,5,4,15,2026,1,#NE
20119,20119,5,4,24,2026,1,#NE
20120,20120,9,20,4,2026,1,#NE
20121,20121,5,24,23,2026,1,#NE
20122,20122,5,24,30,2026,1,#NE
20123,20123,9,28,14,2026,1,#NE
20124,20124,9,3,14,2026,1,#NE
20125,20125,9,3,14,2026,1,#NE
20126,20126,5,4,29,2026,1,#NE
20127,20127,9,16,14,2026,1,#NE
20128,20128,9,16,14,2026,1,#NE
20129,20129,9,20,4,2026,1,#NE
20130,20130,9,20,4,2026,1,#NE
20131,20131,9,28,14,2026,1,#NE
20132,20132,9,28,28,2026,1,#NE
20133,20133,9,16,14,2026,1,#NE
20134,20134,9,16,26,2026,1,#NE
20135,20135,9,16,26,2026,1,#NE
20136,20136,9,28,21,2026,1,#NE
20137,20137,9,28,21,2026,1,#NE
20138,20138,9,16,27,2026,1,#NE
20139,20139,9,16,27,2026,1,#NE
20140,20140,9,16,27,2026,1,#NE
20141,20141,9,16,27,2026,1,#NE
20142,20142,9,28,21,2026,1,#NE
20143,20143,9,28,15,2026,1,#NE
20144,20144,9,16,27,2026,1,#NE
20145,20145,9,16,6,2026,1,#NE
20146,20146,9,28,15,2026,1,#NE
20147,20147,9,28,15,2026,1,#NE
20148,20148,9,28,4,2026,1,#NE
20149,20149,9,16,6,2026,1,#NE
20150,20150,9,16,6,2026,1,#NE
20151,20151,9,20,4,2026,1,#NE
20152,20152,9,28,20,2026,1,#NE
20153,20153,9,3,14,2026,1,#NE
20154,20154,9,3,14,2026,1,#NE
20155,20155,9,3,14,2026,1,#NE
20156,20156,9,3,26,2026,1,#NE
20157,20157,9,16,19,2026,1,#NE
20158,20158,9,3,22,2026,1,#NE
20159,20159,9,3,15,2026,1,#NE
20160,20160,9,16,19,2026,1,#NE
20161,20161,9,16,19,2026,1,#NE
20162,20162,9,16,24,2026,1,#NE
20163,20163,9,20,2,2026,1,#NE
20164,20164,9,3,15,2026,1,#NE
20165,20165,9,3,15,2026,1,#NE
20166,20166,9,16,25,2026,1,#NE
20167,20167,9,20,2,2026,1,#NE
20168,20168,9,20,2,2026,1,#NE
20169,20169,9,20,2,2026,1,#NE
20170,20170,9,20,2,2026,1,#NE
20171,20171,9,28,24,2026,1,#NE
20172,20172,9,3,6,2026,1,#NE
20173,20173,9,16,13,2026,1,#NE
20174,20174,9,20,2,2026,1,#NE
20175,20175,9,16,16,2026,1,#NE
20176,20176,9,16,16,2026,1,#NE
20177,20177,9,20,2,2026,1,#NE
20178,20178,9,28,27,2026,1,#NE
20179,20179,9,3,6,2026,1,#NE
20180,20180,9,16,29,2026,1,#NE
20181,20181,9,20,6,2026,1,#NE
20182,20182,9,28,9,2026,1,#NE
20183,20183,9,28,27,2026,1,#NE
20184,20184,9,3,29,2026,1,#NE
20185,20185,9,16,16,2026,1,#NE
20186,20186,9,16,16,2026,1,#NE
20187,20187,9,19,21,2026,1,#NE
20188,20188,9,19,21,2026,1,#NE
20189,20189,9,20,6,2026,1,#NE
20190,20190,9,20,6,2026,1,#NE
20191,20191,1,6,24,2026,1,#NE
20192,20192,9,3,29,2026,1,#NE
20193,20193,9,3,2,2026,1,#NE
20194,20194,9,3,2,2026,1,#NE
20195,20195,9,3,2,2026,1,#NE
20196,20196,9,19,3,2026,1,#NE
20197,20197,8,8,9,2026,1,#NE
20198,20198,8,8,9,2026,1,#NE
20199,20199,9,3,2,2026,1,#NE
20200,20200,9,19,3,2026,1,#NE
20201,20201,9,19,21,2026,1,#NE
20202,20202,9,19,21,2026,1,#NE
20203,20203,9,20,6,2026,1,#NE
20204,20204,8,8,27,2026,1,#NE
20205,20205,8,8,22,2026,1,#NE
20206,20206,9,3,24,2026,1,#NE
20207,20207,9,3,1,2026,1,#NE
20208,20208,9,19,21,2026,1,#NE
20209,20209,9,19,3,2026,1,#NE
20210,20210,9,20,8,2026,1,#NE
20211,20211,8,8,28,2026,1,#NE
20212,20212,9,3,1,2026,1,#NE
20213,20213,9,3,1,2026,1,#NE
20214,20214,9,3,1,2026,1,#NE
20215,20215,9,20,8,2026,1,#NE
20216,20216,8,8,15,2026,1,#NE
20217,20217,9,3,1,2026,1,#NE
20218,20218,9,3,9,2026,1,#NE
20219,20219,9,19,6,2026,1,#NE
20220,20220,9,19,6,2026,1,#NE
20221,20221,9,19,6,2026,1,#NE
20222,20222,9,20,8,2026,1,#NE
20223,20223,8,8,21,2026,1,#NE
20224,20224,8,8,21,2026,1,#NE
20225,20225,8,8,30,2026,1,#NE
20226,20226,9,3,9,2026,1,#NE
20227,20227,9,3,20,2026,1,#NE
20228,20228,9,19,22,2026,1,#NE
20229,20229,9,19,26,2026,1,#NE
20230,20230,9,20,8,2026,1,#NE
20231,20231,9,20,8,2026,1,#NE
20232,20232,8,8,13,2026,1,#NE
20233,20233,8,8,14,2026,1,#NE
20234,20234,8,8,14,2026,1,#NE
20235,20235,9,3,20,2026,1,#NE
20236,20236,9,3,20,2026,1,#NE
20237,20237,9,3,20,2026,1,#NE
20238,20238,9,19,26,2026,1,#NE
20239,20239,8,8,24,2026,1,#NE
20240,20240,9,19,26,2026,1,#NE
20241,20241,8,8,16,2026,1,#NE
20242,20242,8,8,5,2026,1,#NE
20243,20243,9,19,17,2026,1,#NE
20244,20244,9,19,28,2026,1,#NE
20245,20245,9,19,28,2026,1,#NE
20246,20246,8,8,2,2026,1,#NE
20247,20247,8,8,2,2026,1,#NE
20248,20248,8,8,20,2026,1,#NE
20249,20249,9,19,7,2026,1,#NE
20250,20250,9,19,7,2026,1,#NE
20251,20251,9,19,7,2026,1,#NE
20252,20252,8,8,19,2026,1,#NE
20253,20253,8,8,19,2026,1,#NE
20254,20254,9,19,7,2026,1,#NE
20255,20255,9,19,7,2026,1,#NE
20256,20256,9,19,7,2026,1,#NE
20257,20257,9,19,7,2026,1,#NE
20258,20258,9,20,1,2026,1,#NE
20259,20259,9,20,1,2026,1,#NE
20260,20260,8,8,6,2026,1,#NE
20261,20261,8,8,6,2026,1,#NE
20262,20262,8,19,21,2026,1,#NE
20263,20263,9,3,19,2026,1,#NE
20264,20264,9,3,27,2026,1,#NE
20265,20265,9,19,27,2026,1,#NE
20266,20266,9,19,27,2026,1,#NE
20267,20267,9,19,27,2026,1,#NE
20268,20268,9,19,27,2026,1,#NE
20269,20269,9,19,27,2026,1,#NE
20270,20270,9,20,1,2026,1,#NE
20271,20271,8,19,3,2026,1,#NE
20272,20272,9,3,27,2026,1,#NE
20273,20273,9,19,27,2026,1,#NE
20274,20274,9,19,9,2026,1,#NE
20275,20275,9,20,1,2026,1,#NE
20276,20276,9,20,1,2026,1,#NE
20277,20277,9,3,13,2026,1,#NE
20278,20278,9,3,13,2026,1,#NE
20279,20279,9,19,9,2026,1,#NE
20280,20280,9,20,1,2026,1,#NE
20281,20281,9,20,1,2026,1,#NE
20282,20282,8,19,9,2026,1,#NE
20283,20283,8,19,9,2026,1,#NE
20284,20284,9,3,13,2026,1,#NE
20285,20285,9,3,13,2026,1,#NE
20286,20286,9,11,6,2026,1,#NE
20287,20287,9,11,6,2026,1,#NE
20288,20288,9,11,6,2026,1,#NE
20289,20289,9,11,6,2026,1,#NE
20290,20290,9,19,9,2026,1,#NE
20291,20291,9,19,9,2026,1,#NE
20292,20292,9,19,9,2026,1,#NE
20293,20293,9,20,25,2026,1,#NE
20294,20294,8,19,9,2026,1,#NE
20295,20295,9,11,6,2026,1,#NE
20296,20296,9,11,6,2026,1,#NE
20297,20297,9,19,29,2026,1,#NE
20298,20298,8,19,9,2026,1,#NE
20299,20299,8,19,28,2026,1,#NE
20300,20300,9,19,16,2026,1,#NE
20301,20301,8,19,17,2026,1,#NE
20302,20302,8,19,7,2026,1,#NE
20303,20303,8,19,7,2026,1,#NE
20304,20304,9,19,16,2026,1,#NE
20305,20305,9,20,24,2026,1,#NE
20306,20306,9,20,24,2026,1,#NE
20307,20307,8,19,7,2026,1,#NE
20308,20308,8,19,7,2026,1,#NE
20309,20309,9,11,19,2026,1,#NE
20310,20310,9,19,29,2026,1,#NE
20311,20311,8,19,30,2026,1,#NE
20312,20312,9,20,24,2026,1,#NE
20313,20313,9,20,24,2026,1,#NE
20314,20314,8,19,16,2026,1,#NE
20315,20315,9,19,15,2026,1,#NE
20316,20316,9,20,13,2026,1,#NE
20317,20317,9,20,13,2026,1,#NE
20318,20318,9,20,13,2026,1,#NE
20319,20319,8,19,16,2026,1,#NE
20320,20320,9,19,15,2026,1,#NE
20321,20321,9,20,13,2026,1,#NE
20322,20322,8,19,27,2026,1,#NE
20323,20323,8,19,27,2026,1,#NE
20324,20324,8,19,15,2026,1,#NE
20325,20325,9,11,17,2026,1,#NE
20326,20326,9,11,17,2026,1,#NE
20327,20327,9,11,17,2026,1,#NE
20328,20328,9,19,24,2026,1,#NE
20329,20329,9,19,24,2026,1,#NE
20330,20330,9,20,13,2026,1,#NE
20331,20331,9,20,13,2026,1,#NE
20332,20332,9,20,13,2026,1,#NE
20333,20333,9,20,13,2026,1,#NE
20334,20334,8,19,15,2026,1,#NE
20335,20335,9,19,24,2026,1,#NE
20336,20336,9,19,24,2026,1,#NE
20337,20337,9,19,24,2026,1,#NE
20338,20338,9,20,13,2026,1,#NE
20339,20339,9,20,13,2026,1,#NE
20340,20340,8,19,15,2026,1,#NE
20341,20341,8,19,20,2026,1,#NE
20342,20342,9,11,27,2026,1,#NE
20343,20343,9,11,27,2026,1,#NE
20344,20344,9,11,27,2026,1,#NE
20345,20345,9,11,14,2026,1,#NE
20346,20346,9,11,14,2026,1,#NE
20347,20347,9,19,24,2026,1,#NE
20348,20348,9,19,24,2026,1,#NE
20349,20349,9,20,14,2026,1,#NE
20350,20350,9,20,14,2026,1,#NE
20351,20351,9,20,14,2026,1,#NE
20352,20352,8,19,20,2026,1,#NE
20353,20353,8,19,20,2026,1,#NE
20354,20354,8,19,20,2026,1,#NE
20355,20355,9,11,14,2026,1,#NE
20356,20356,9,11,14,2026,1,#NE
20357,20357,9,11,14,2026,1,#NE
20358,20358,9,11,14,2026,1,#NE
20359,20359,9,19,24,2026,1,#NE
20360,20360,9,19,14,2026,1,#NE
20361,20361,9,19,14,2026,1,#NE
20362,20362,9,20,14,2026,1,#NE
20363,20363,8,19,19,2026,1,#NE
20364,20364,8,19,19,2026,1,#NE
20365,20365,9,11,26,2026,1,#NE
20366,20366,9,11,26,2026,1,#NE
20367,20367,9,19,14,2026,1,#NE
20368,20368,9,19,14,2026,1,#NE
20369,20369,9,19,14,2026,1,#NE
20370,20370,9,19,14,2026,1,#NE
20371,20371,9,19,14,2026,1,#NE
20372,20372,8,19,19,2026,1,#NE
20373,20373,8,19,19,2026,1,#NE
20374,20374,8,19,19,2026,1,#NE
20375,20375,8,19,19,2026,1,#NE
20376,20376,8,19,19,2026,1,#NE
20377,20377,9,19,14,2026,1,#NE
20378,20378,9,20,14,2026,1,#NE
20379,20379,9,20,14,2026,1,#NE
20380,20380,8,19,24,2026,1,#NE
20381,20381,9,11,22,2026,1,#NE
20382,20382,9,11,22,2026,1,#NE
20383,20383,9,11,24,2026,1,#NE
20384,20384,9,19,14,2026,1,#NE
20385,20385,9,19,8,2026,1,#NE
20386,20386,9,20,14,2026,1,#NE
20387,20387,9,20,14,2026,1,#NE
20388,20388,8,19,24,2026,1,#NE
20389,20389,8,19,24,2026,1,#NE
20390,20390,8,19,26,2026,1,#NE
20391,20391,8,19,22,2026,1,#NE
20392,20392,9,11,24,2026,1,#NE
20393,20393,9,11,11,2026,1,#NE
20394,20394,9,19,8,2026,1,#NE
20395,20395,9,20,19,2026,1,#NE
20396,20396,9,20,19,2026,1,#NE
20397,20397,8,19,22,2026,1,#NE
20398,20398,9,11,11,2026,1,#NE
20399,20399,9,19,2,2026,1,#NE
20400,20400,8,19,13,2026,1,#NE
20401,20401,8,19,13,2026,1,#NE
20402,20402,9,19,13,2026,1,#NE
20403,20403,8,19,13,2026,1,#NE
20404,20404,8,19,13,2026,1,#NE
20405,20405,8,19,13,2026,1,#NE
20406,20406,8,19,13,2026,1,#NE
20407,20407,9,19,13,2026,1,#NE
20408,20408,9,19,13,2026,1,#NE
20409,20409,9,19,13,2026,1,#NE
20410,20410,9,19,13,2026,1,#NE
20411,20411,8,19,14,2026,1,#NE
20412,20412,9,19,13,2026,1,#NE
20413,20413,9,19,13,2026,1,#NE
20414,20414,9,19,13,2026,1,#NE
20415,20415,8,19,14,2026,1,#NE
20416,20416,8,19,14,2026,1,#NE
20417,20417,9,19,20,2026,1,#NE
20418,20418,8,19,6,2026,1,#NE
20419,20419,8,19,6,2026,1,#NE
20420,20420,8,19,6,2026,1,#NE
20421,20421,9,19,20,2026,1,#NE
20422,20422,9,19,20,2026,1,#NE
20423,20423,9,19,20,2026,1,#NE
20424,20424,9,19,20,2026,1,#NE
20425,20425,9,20,19,2026,1,#NE
20426,20426,8,19,6,2026,1,#NE
20427,20427,9,11,2,2026,1,#NE
20428,20428,9,11,2,2026,1,#NE
20429,20429,9,11,2,2026,1,#NE
20430,20430,9,20,19,2026,1,#NE
20431,20431,9,20,19,2026,1,#NE
20432,20432,9,20,19,2026,1,#NE
20433,20433,5,7,19,2026,1,#NE
20434,20434,5,14,2,2026,1,#NE
20435,20435,5,14,20,2026,1,#NE
20436,20436,9,11,2,2026,1,#NE
20437,20437,9,11,2,2026,1,#NE
20438,20438,9,19,5,2026,1,#NE
20439,20439,3,15,30,2026,1,#NE
20440,20440,3,15,6,2026,1,#NE
20441,20441,8,23,4,2026,1,#NE
20442,20442,9,11,9,2026,1,#NE
20443,20443,9,11,9,2026,1,#NE
20444,20444,9,11,9,2026,1,#NE
20445,20445,8,23,4,2026,1,#NE
20446,20446,8,23,22,2026,1,#NE
20447,20447,8,23,22,2026,1,#NE
20448,20448,9,20,20,2026,1,#NE
20449,20449,9,20,20,2026,1,#NE
20450,20450,9,20,20,2026,1,#NE
20451,20451,8,4,15,2026,1,#NE
20452,20452,8,4,22,2026,1,#NE
20453,20453,9,11,20,2026,1,#NE
20454,20454,8,23,22,2026,1,#NE
20455,20455,8,23,9,2026,1,#NE
20456,20456,8,4,13,2026,1,#NE
20457,20457,8,4,13,2026,1,#NE
20458,20458,8,23,21,2026,1,#NE
20459,20459,8,4,24,2026,1,#NE
20460,20460,9,20,20,2026,1,#NE
20461,20461,9,20,20,2026,1,#NE
20462,20462,8,4,14,2026,1,#NE
20463,20463,9,11,20,2026,1,#NE
20464,20464,9,11,20,2026,1,#NE
20465,20465,9,11,20,2026,1,#NE
20466,20466,8,23,24,2026,1,#NE
20467,20467,8,23,7,2026,1,#NE
20468,20468,8,4,9,2026,1,#NE
20469,20469,8,28,16,2026,1,#NE
20470,20470,8,28,16,2026,1,#NE
20471,20471,3,26,20,2026,1,#NE
20472,20472,5,15,22,2026,1,#NE
20473,20473,8,23,15,2026,1,#NE
20474,20474,8,23,15,2026,1,#NE
20475,20475,9,20,20,2026,1,#NE
20476,20476,9,20,20,2026,1,#NE
20477,20477,4,12,10,2026,1,#NE
20478,20478,4,12,7,2026,1,#NE
20479,20479,4,12,23,2026,1,#NE
20480,20480,4,12,19,2026,1,#NE
20481,20481,4,12,14,2026,1,#NE
20482,20482,6,23,4,2026,1,#NE
20483,20483,9,20,20,2026,1,#NE
20484,20484,9,20,20,2026,1,#NE
20485,20485,9,20,16,2026,1,#NE
20486,20486,9,20,16,2026,1,#NE
20487,20487,4,7,23,2026,1,#NE
20488,20488,4,7,5,2026,1,#NE
20489,20489,5,21,14,2026,1,#NE
20490,20490,5,21,23,2026,1,#NE
20491,20491,9,20,29,2026,1,#NE
20492,20492,9,20,29,2026,1,#NE
20493,20493,9,20,16,2026,1,#NE
20494,20494,6,1,20,2026,1,#NE
20495,20495,6,25,6,2026,1,#NE
20496,20496,5,19,24,2026,1,#NE
20497,20497,8,28,14,2026,1,#NE
20498,20498,7,2,16,2026,1,#NE
20499,20499,6,14,14,2026,1,#NE
20500,20500,5,23,2,2026,1,#NE
20501,20501,8,28,24,2026,1,#NE
20502,20502,8,28,7,2026,1,#NE
20503,20503,8,9,27,2026,1,#NE
20504,20504,8,28,19,2026,1,#NE
20505,20505,9,21,24,2026,1,#NE
20506,20506,8,9,15,2026,1,#NE
20507,20507,8,9,28,2026,1,#NE
20508,20508,8,9,17,2026,1,#NE
20509,20509,9,21,25,2026,1,#NE
20510,20510,8,9,24,2026,1,#NE
20511,20511,8,9,2,2026,1,#NE
20512,20512,8,9,2,2026,1,#NE
20513,20513,9,21,22,2026,1,#NE
20514,20514,9,21,26,2026,1,#NE
20515,20515,8,9,2,2026,1,#NE
20516,20516,8,9,5,2026,1,#NE
20517,20517,9,21,26,2026,1,#NE
20518,20518,9,21,21,2026,1,#NE
20519,20519,9,21,21,2026,1,#NE
20520,20520,9,21,21,2026,1,#NE
20521,20521,9,21,21,2026,1,#NE
20522,20522,8,9,19,2026,1,#NE
20523,20523,8,9,19,2026,1,#NE
20524,20524,8,9,19,2026,1,#NE
20525,20525,8,9,4,2026,1,#NE
20526,20526,8,9,4,2026,1,#NE
20527,20527,9,21,6,2026,1,#NE
20528,20528,9,21,6,2026,1,#NE
20529,20529,9,21,6,2026,1,#NE
20530,20530,6,14,20,2026,1,#NE
20531,20531,6,5,21,2026,1,#NE
20532,20532,9,21,6,2026,1,#NE
20533,20533,9,21,6,2026,1,#NE
20534,20534,9,21,14,2026,1,#NE
20535,20535,7,16,30,2026,1,#NE
20536,20536,7,14,2,2026,1,#NE
20537,20537,7,14,5,2026,1,#NE
20538,20538,7,14,24,2026,1,#NE
20539,20539,7,20,18,2026,1,#NE
20540,20540,4,2,30,2026,1,#NE
20541,20541,9,21,14,2026,1,#NE
20542,20542,4,22,22,2026,1,#NE
20543,20543,4,22,20,2026,1,#NE
20544,20544,9,21,7,2026,1,#NE
20545,20545,6,18,24,2026,1,#NE
20546,20546,9,21,17,2026,1,#NE
20547,20547,9,21,29,2026,1,#NE
20548,20548,9,21,29,2026,1,#NE
20549,20549,7,20,21,2026,1,#NE
20550,20550,7,28,9,2026,1,#NE
20551,20551,4,20,12,2026,1,#NE
20552,20552,6,3,21,2026,1,#NE
20553,20553,6,9,20,2026,1,#NE
20554,20554,4,26,27,2026,1,#NE
20555,20555,6,2,5,2026,1,#NE
20556,20556,4,25,12,2026,1,#NE
20557,20557,4,25,7,2026,1,#NE
20558,20558,4,25,6,2026,1,#NE
20559,20559,4,17,30,2026,1,#NE
20560,20560,7,7,21,2026,1,#NE
20561,20561,7,7,19,2026,1,#NE
20562,20562,7,5,4,2026,1,#NE
20563,20563,7,5,22,2026,1,#NE
20564,20564,2,6,20,2026,1,#NE
20565,20565,2,6,14,2026,1,#NE
20566,20566,2,6,4,2026,1,#NE
20567,20567,7,18,9,2026,1,#NE
20568,20568,4,19,14,2026,1,#NE
20569,20569,6,13,9,2026,1,#NE
20570,20570,6,13,4,2026,1,#NE
20571,20571,6,13,1,2026,1,#NE
20572,20572,7,9,20,2026,1,#NE
20573,20573,4,21,4,2026,1,#NE
20574,20574,4,16,20,2026,1,#NE
20575,20575,7,12,14,2026,1,#NE
20576,20576,6,24,16,2026,1,#NE
20577,20577,6,24,24,2026,1,#NE
20578,20578,6,24,3,2026,1,#NE
20579,20579,7,26,20,2026,1,#NE
20580,20580,6,17,20,2026,1,#NE
20581,20581,7,4,15,2026,1,#NE
20582,20582,4,11,7,2026,1,#NE
20583,20583,6,11,14,2026,1,#NE
20584,20584,7,15,30,2026,1,#NE
20585,20585,9,20,5,2026,1,#NE
20586,20586,9,20,5,2026,1,#NE
20587,20587,9,20,5,2026,1,#NE
20588,20588,9,20,5,2026,1,#NE
20589,20589,9,20,5,2026,1,#NE
20590,20590,9,20,5,2026,1,#NE
20591,20591,9,20,5,2026,1,#NE
20592,20592,9,20,5,2026,1,#NE
20593,20593,9,20,15,2026,1,#NE
20594,20594,9,20,15,2026,1,#NE
20595,20595,9,20,15,2026,1,#NE
20596,20596,9,20,15,2026,1,#NE
20597,20597,9,20,15,2026,1,#NE
20598,20598,9,20,15,2026,1,#NE
20599,20599,9,20,28,2026,1,#NE
20600,20600,9,20,28,2026,1,#NE
20601,20601,9,20,17,2026,1,#NE
20602,20602,9,20,17,2026,1,#NE
20603,20603,9,20,17,2026,1,#NE
20604,20604,9,20,17,2026,1,#NE
20605,20605,9,20,28,2026,1,#NE
20606,20606,9,20,9,2026,1,#NE
20607,20607,9,20,9,2026,1,#NE
20608,20608,9,20,9,2026,1,#NE
20609,20609,9,20,9,2026,1,#NE
20610,20610,9,20,9,2026,1,#NE
20611,20611,9,20,9,2026,1,#NE
20612,20612,9,20,9,2026,1,#NE
20613,20613,9,20,9,2026,1,#NE
20614,20614,9,20,9,2026,1,#NE
20615,20615,3,25,19,2026,1,#NE
20616,20616,3,25,12,2026,1,#NE
20617,20617,3,25,14,2026,1,#NE
20618,20618,3,25,20,2026,1,#NE
20619,20619,9,2,14,2026,1,#NE
20620,20620,9,2,14,2026,1,#NE
20621,20621,9,2,24,2026,1,#NE
20622,20622,9,2,24,2026,1,#NE
20623,20623,9,2,24,2026,1,#NE
20624,20624,9,2,6,2026,1,#NE
20625,20625,9,2,6,2026,1,#NE
20626,20626,9,2,21,2026,1,#NE
20627,20627,9,2,21,2026,1,#NE
20628,20628,9,2,29,2026,1,#NE
20629,20629,9,2,16,2026,1,#NE
20630,20630,9,2,17,2026,1,#NE
20631,20631,9,2,17,2026,1,#NE
20632,20632,9,2,17,2026,1,#NE
20633,20633,9,2,28,2026,1,#NE
20634,20634,9,2,30,2026,1,#NE
20635,20635,9,9,1,2026,1,#NE
20636,20636,9,9,1,2026,1,#NE
20637,20637,9,9,1,2026,1,#NE
20638,20638,9,9,7,2026,1,#NE
20639,20639,9,9,26,2026,1,#NE
20640,20640,9,9,21,2026,1,#NE
20641,20641,9,9,14,2026,1,#NE
20642,20642,9,9,14,2026,1,#NE
20643,20643,9,9,14,2026,1,#NE
20644,20644,9,9,14,2026,1,#NE
20645,20645,9,9,14,2026,1,#NE
20646,20646,9,9,16,2026,1,#NE
20647,20647,9,9,29,2026,1,#NE
20648,20648,9,9,16,2026,1,#NE
20649,20649,9,9,29,2026,1,#NE
20650,20650,9,9,29,2026,1,#NE
20651,20651,9,9,29,2026,1,#NE
20652,20652,9,9,15,2026,1,#NE
20653,20653,9,9,15,2026,1,#NE
20654,20654,9,9,15,2026,1,#NE
20655,20655,9,9,27,2026,1,#NE
20656,20656,9,9,27,2026,1,#NE
20657,20657,9,9,4,2026,1,#NE
20658,20658,9,9,4,2026,1,#NE
20659,20659,9,9,4,2026,1,#NE
20660,20660,9,9,4,2026,1,#NE
20661,20661,9,9,9,2026,1,#NE
20662,20662,9,9,9,2026,1,#NE
20663,20663,9,9,17,2026,1,#NE
20664,20664,9,9,5,2026,1,#NE
20665,20665,9,9,5,2026,1,#NE
20666,20666,9,9,5,2026,1,#NE
20667,20667,9,9,5,2026,1,#NE
20668,20668,9,9,19,2026,1,#NE
20669,20669,9,9,19,2026,1,#NE
20670,20670,9,9,19,2026,1,#NE
20671,20671,9,9,6,2026,1,#NE
20672,20672,9,9,6,2026,1,#NE
20673,20673,9,9,6,2026,1,#NE
20674,20674,9,9,6,2026,1,#NE
20675,20675,9,9,6,2026,1,#NE
20676,20676,9,9,13,2026,1,#NE
20677,20677,9,9,13,2026,1,#NE
20678,20678,9,9,13,2026,1,#NE
20679,20679,9,9,13,2026,1,#NE
20680,20680,9,9,13,2026,1,#NE
20681,20681,9,9,24,2026,1,#NE
20682,20682,9,9,24,2026,1,#NE
20683,20683,3,19,8,2026,1,#NE
20684,20684,3,19,14,2026,1,#NE
20685,20685,5,28,6,2026,1,#NE
20686,20686,8,17,7,2026,1,#NE
20687,20687,8,17,7,2026,1,#NE
20688,20688,8,17,7,2026,1,#NE
20689,20689,8,17,6,2026,1,#NE
20690,20690,8,17,6,2026,1,#NE
20691,20691,8,17,6,2026,1,#NE
20692,20692,8,17,6,2026,1,#NE
20693,20693,8,17,30,2026,1,#NE
20694,20694,8,17,15,2026,1,#NE
20695,20695,8,17,15,2026,1,#NE
20696,20696,8,17,22,2026,1,#NE
20697,20697,8,17,26,2026,1,#NE
20698,20698,8,17,22,2026,1,#NE
20699,20699,8,17,21,2026,1,#NE
20700,20700,8,17,21,2026,1,#NE
20701,20701,8,17,21,2026,1,#NE
20702,20702,8,17,21,2026,1,#NE
20703,20703,8,17,14,2026,1,#NE
20704,20704,8,17,14,2026,1,#NE
20705,20705,8,17,14,2026,1,#NE
20706,20706,8,17,14,2026,1,#NE
20707,20707,8,17,14,2026,1,#NE
20708,20708,8,17,9,2026,1,#NE
20709,20709,8,17,9,2026,1,#NE
20710,20710,8,17,9,2026,1,#NE
20711,20711,8,17,9,2026,1,#NE
20712,20712,8,17,9,2026,1,#NE
20713,20713,8,17,2,2026,1,#NE
20714,20714,8,17,2,2026,1,#NE
20715,20715,8,17,2,2026,1,#NE
20716,20716,8,17,2,2026,1,#NE
20717,20717,8,17,2,2026,1,#NE
20718,20718,8,17,2,2026,1,#NE
20719,20719,8,17,13,2026,1,#NE
20720,20720,8,17,13,2026,1,#NE
20721,20721,8,17,20,2026,1,#NE
20722,20722,8,17,24,2026,1,#NE
20723,20723,8,17,24,2026,1,#NE
20724,20724,8,17,24,2026,1,#NE
20725,20725,8,17,19,2026,1,#NE
20726,20726,8,17,19,2026,1,#NE
20727,20727,8,17,19,2026,1,#NE
20728,20728,8,17,19,2026,1,#NE
20729,20729,8,17,28,2026,1,#NE
20730,20730,8,17,28,2026,1,#NE
20731,20731,8,17,28,2026,1,#NE
20732,20732,8,17,27,2026,1,#NE
20733,20733,8,17,27,2026,1,#NE
20734,20734,8,17,27,2026,1,#NE
20735,20735,8,17,16,2026,1,#NE
20736,20736,8,17,29,2026,1,#NE
20737,20737,9,4,25,2026,1,#NE
20738,20738,9,4,14,2026,1,#NE
20739,20739,9,4,14,2026,1,#NE
20740,20740,9,4,14,2026,1,#NE
20741,20741,9,4,13,2026,1,#NE
20742,20742,9,4,20,2026,1,#NE
20743,20743,9,4,9,2026,1,#NE
20744,20744,9,4,9,2026,1,#NE
20745,20745,9,4,9,2026,1,#NE
20746,20746,9,4,9,2026,1,#NE
20747,20747,9,4,27,2026,1,#NE
20748,20748,9,4,27,2026,1,#NE
20749,20749,9,4,27,2026,1,#NE
20750,20750,9,4,27,2026,1,#NE
20751,20751,9,4,27,2026,1,#NE
20752,20752,9,4,6,2026,1,#NE
20753,20753,9,4,15,2026,1,#NE
20754,20754,9,4,15,2026,1,#NE
20755,20755,9,4,15,2026,1,#NE
20756,20756,9,4,15,2026,1,#NE
20757,20757,8,2,6,2026,1,#NE
20758,20758,8,2,6,2026,1,#NE
20759,20759,8,2,6,2026,1,#NE
20760,20760,8,2,14,2026,1,#NE
20761,20761,8,2,14,2026,1,#NE
20762,20762,8,2,28,2026,1,#NE
20763,20763,8,2,24,2026,1,#NE
20764,20764,8,2,20,2026,1,#NE
20765,20765,8,2,20,2026,1,#NE
20766,20766,8,2,16,2026,1,#NE
20767,20767,8,2,16,2026,1,#NE
20768,20768,8,2,9,2026,1,#NE
20769,20769,8,2,4,2026,1,#NE
20770,20770,8,2,4,2026,1,#NE
20771,20771,8,2,21,2026,1,#NE
20772,20772,8,2,21,2026,1,#NE
20773,20773,8,2,30,2026,1,#NE
20774,20774,8,2,30,2026,1,#NE
20775,20775,9,7,22,2026,1,#NE
20776,20776,9,7,26,2026,1,#NE
20777,20777,9,7,22,2026,1,#NE
20778,20778,9,7,22,2026,1,#NE
20779,20779,9,7,20,2026,1,#NE
20780,20780,9,7,21,2026,1,#NE
20781,20781,9,7,21,2026,1,#NE
20782,20782,9,7,8,2026,1,#NE
20783,20783,9,7,9,2026,1,#NE
20784,20784,9,7,9,2026,1,#NE
20785,20785,9,7,9,2026,1,#NE
20786,20786,9,7,29,2026,1,#NE
20787,20787,9,7,16,2026,1,#NE
20788,20788,9,7,14,2026,1,#NE
20789,20789,9,7,29,2026,1,#NE
20790,20790,9,7,14,2026,1,#NE
20791,20791,9,7,14,2026,1,#NE
20792,20792,9,7,14,2026,1,#NE
20793,20793,9,7,16,2026,1,#NE
20794,20794,9,7,29,2026,1,#NE
20795,20795,9,7,14,2026,1,#NE
20796,20796,9,7,6,2026,1,#NE
20797,20797,9,7,24,2026,1,#NE
20798,20798,9,7,24,2026,1,#NE
20799,20799,9,7,25,2026,1,#NE
20800,20800,9,7,11,2026,1,#NE
20801,20801,9,7,19,2026,1,#NE
20802,20802,9,7,19,2026,1,#NE
20803,20803,9,7,19,2026,1,#NE
20804,20804,9,7,19,2026,1,#NE
20805,20805,9,7,19,2026,1,#NE
20806,20806,9,7,19,2026,1,#NE
20807,20807,9,7,19,2026,1,#NE
20808,20808,9,7,28,2026,1,#NE
20809,20809,9,7,17,2026,1,#NE
20810,20810,9,7,17,2026,1,#NE
20811,20811,9,7,28,2026,1,#NE
20812,20812,9,7,27,2026,1,#NE
20813,20813,9,7,27,2026,1,#NE
20814,20814,9,7,27,2026,1,#NE
20815,20815,9,7,27,2026,1,#NE
20816,20816,9,7,27,2026,1,#NE
20817,20817,9,7,27,2026,1,#NE
20818,20818,9,7,27,2026,1,#NE
20819,20819,5,10,21,2026,1,#NE
20820,20820,5,10,19,2026,1,#NE
20821,20821,3,7,12,2026,1,#NE
20822,20822,3,7,24,2026,1,#NE
20823,20823,9,1,29,2026,1,#NE
20824,20824,9,1,16,2026,1,#NE
20825,20825,9,1,29,2026,1,#NE
20826,20826,9,1,24,2026,1,#NE
20827,20827,9,1,20,2026,1,#NE
20828,20828,9,1,20,2026,1,#NE
20829,20829,9,1,20,2026,1,#NE
20830,20830,9,1,20,2026,1,#NE
20831,20831,9,1,19,2026,1,#NE
20832,20832,9,1,6,2026,1,#NE
20833,20833,9,1,9,2026,1,#NE
20834,20834,9,1,9,2026,1,#NE
20835,20835,9,1,14,2026,1,#NE
20836,20836,9,1,21,2026,1,#NE
20837,20837,9,1,21,2026,1,#NE
20838,20838,9,1,21,2026,1,#NE
20839,20839,9,1,21,2026,1,#NE
20840,20840,9,1,28,2026,1,#NE
20841,20841,9,1,13,2026,1,#NE
20842,20842,9,1,13,2026,1,#NE
20843,20843,9,1,13,2026,1,#NE
20844,20844,9,1,13,2026,1,#NE
20845,20845,9,1,13,2026,1,#NE
20846,20846,9,1,13,2026,1,#NE
20847,20847,9,1,13,2026,1,#NE
20848,20848,9,1,27,2026,1,#NE
20849,20849,9,1,27,2026,1,#NE
20850,20850,9,1,27,2026,1,#NE
20851,20851,9,1,15,2026,1,#NE
20852,20852,9,17,9,2026,1,#NE
20853,20853,9,17,9,2026,1,#NE
20854,20854,9,17,9,2026,1,#NE
20855,20855,9,17,9,2026,1,#NE
20856,20856,9,17,14,2026,1,#NE
20857,20857,9,17,14,2026,1,#NE
20858,20858,9,17,14,2026,1,#NE
20859,20859,9,17,14,2026,1,#NE
20860,20860,9,17,14,2026,1,#NE
20861,20861,9,17,14,2026,1,#NE
20862,20862,9,17,14,2026,1,#NE
20863,20863,9,17,6,2026,1,#NE
20864,20864,9,17,6,2026,1,#NE
20865,20865,9,17,6,2026,1,#NE
20866,20866,9,17,6,2026,1,#NE
20867,20867,9,17,15,2026,1,#NE
20868,20868,9,17,7,2026,1,#NE
20869,20869,9,17,15,2026,1,#NE
20870,20870,9,17,15,2026,1,#NE
20871,20871,9,17,7,2026,1,#NE
20872,20872,9,17,15,2026,1,#NE
20873,20873,9,17,15,2026,1,#NE
20874,20874,9,17,16,2026,1,#NE
20875,20875,9,17,29,2026,1,#NE
20876,20876,9,17,16,2026,1,#NE
20877,20877,9,17,16,2026,1,#NE
20878,20878,9,17,25,2026,1,#NE
20879,20879,9,17,11,2026,1,#NE
20880,20880,9,17,19,2026,1,#NE
20881,20881,9,17,19,2026,1,#NE
20882,20882,9,17,19,2026,1,#NE
20883,20883,9,17,19,2026,1,#NE
20884,20884,9,17,19,2026,1,#NE
20885,20885,9,17,22,2026,1,#NE
20886,20886,9,17,26,2026,1,#NE
20887,20887,9,17,22,2026,1,#NE
20888,20888,9,17,22,2026,1,#NE
20889,20889,9,17,26,2026,1,#NE
20890,20890,9,17,26,2026,1,#NE
20891,20891,9,17,20,2026,1,#NE
20892,20892,9,17,20,2026,1,#NE
20893,20893,9,17,20,2026,1,#NE
20894,20894,9,17,28,2026,1,#NE
20895,20895,9,17,28,2026,1,#NE
20896,20896,9,17,2,2026,1,#NE
20897,20897,9,17,2,2026,1,#NE
20898,20898,9,17,2,2026,1,#NE
20899,20899,9,17,2,2026,1,#NE
20900,20900,9,17,27,2026,1,#NE
20901,20901,9,17,27,2026,1,#NE
20902,20902,9,17,27,2026,1,#NE
20903,20903,6,28,4,2026,1,#NE
20904,20904,7,25,7,2026,1,#NE
20905,20905,7,25,23,2026,1,#NE
20906,20906,7,25,24,2026,1,#NE
20907,20907,7,25,24,2026,1,#NE
20908,20908,7,3,4,2026,1,#NE
20909,20909,4,13,1,2026,1,#NE
20910,20910,7,23,14,2026,1,#NE
20911,20911,4,14,9,2026,1,#NE
20912,20912,4,14,29,2026,1,#NE
20913,20913,6,7,13,2026,1,#NE
20914,20914,7,24,30,2026,1,#NE
20915,20915,4,3,14,2026,1,#NE
20916,20916,7,11,16,2026,1,#NE
20917,20917,6,22,16,2026,1,#NE
20918,20918,7,1,16,2026,1,#NE
20919,20919,7,1,15,2026,1,#NE
20920,20920,7,10,21,2026,1,#NE
20921,20921,7,10,29,2026,1,#NE
20922,20922,4,5,30,2026,1,#NE
20923,20923,3,14,1,2026,1,#NE
20924,20924,8,20,4,2026,1,#NE
20925,20925,8,20,4,2026,1,#NE
20926,20926,8,10,13,2026,1,#NE
20927,20927,8,20,5,2026,1,#NE
20928,20928,8,20,27,2026,1,#NE
20929,20929,8,20,20,2026,1,#NE
20930,20930,8,20,20,2026,1,#NE
20931,20931,8,20,13,2026,1,#NE
20932,20932,8,20,2,2026,1,#NE
20933,20933,8,12,13,2026,1,#NE
20934,20934,9,10,26,2026,1,#NE
20935,20935,9,22,27,2026,1,#NE
20936,20936,9,22,24,2026,1,#NE
20937,20937,9,12,12,2026,1,#NE
20938,20938,9,22,20,2026,1,#NE
20939,20939,9,12,15,2026,1,#NE
20940,20940,10,8,28,2026,1,#NE
20941,20941,8,24,2,2026,1,#NE
20942,20942,8,16,28,2026,1,#NE
20943,20943,9,24,5,2026,1,#NE
20944,20944,9,24,5,2026,1,#NE
20945,20945,9,24,5,2026,1,#NE
20946,20946,9,15,23,2026,1,#NE
20947,20947,8,24,5,2026,1,#NE
20948,20948,8,24,5,2026,1,#NE
20949,20949,8,11,8,2026,1,#NE
20950,20950,8,18,4,2026,1,#NE
20951,20951,5,18,4,2026,1,#NE
20952,20952,9,20,6,2026,1,#NE
20953,20953,8,19,17,2026,1,#NE
20954,20954,9,20,24,2026,1,#NE
20955,20955,9,20,7,2026,1,#NE
20956,20956,9,20,13,2026,1,#NE
20957,20957,8,19,13,2026,1,#NE
20958,20958,8,19,12,2026,1,#NE
20959,20959,5,14,1,2026,1,#NE
20960,20960,8,4,9,2026,1,#NE
20961,20961,3,23,12,2026,1,#NE
20962,20962,8,9,4,2026,1,#NE
20963,20963,6,18,12,2026,1,#NE
20964,20964,7,28,5,2026,1,#NE
20965,20965,7,18,8,2026,1,#NE
20966,20966,6,12,4,2026,1,#NE
20967,20967,4,15,5,2026,1,#NE
20968,20968,7,26,22,2026,1,#NE
20969,20969,6,17,5,2026,1,#NE
20970,20970,7,15,5,2026,1,#NE
20971,20971,7,15,8,2026,1,#NE
20972,20972,9,20,5,2026,1,#NE
20973,20973,9,20,5,2026,1,#NE
20974,20974,9,20,5,2026,1,#NE
20975,20975,9,20,28,2026,1,#NE
20976,20976,9,2,28,2026,1,#NE
20977,20977,9,9,14,2026,1,#NE
20978,20978,9,9,9,2026,1,#NE
20979,20979,9,4,14,2026,1,#NE
20980,20980,9,4,29,2026,1,#NE
20981,20981,9,1,14,2026,1,#NE
20982,20982,9,17,8,2026,1,#NE
20983,20983,9,17,8,2026,1,#NE
20984,20984,6,15,8,2026,1,#NE
20985,20985,7,24,12,2026,1,#NE
